{"events": {"Oracle": [[1783652773.5740979, 0.48, "ENG-001"], [1783652773.6116447, 0.48, "ENG-001"], [1783652773.6116447, 0.48, "ENG-001"], [1783652773.6213198, 0.48, "ENG-001"], [1783652773.6496348, 0.48, "ENG-001"], [1783652773.6777015, 0.48, "ENG-001"], [1783670789.7240644, 0.3, "ANOMALY"]], "OracleTest_Warn": [[1783670433.1855838, 0.48, "ENG-001"], [1783670433.197831, 0.48, "ENG-001"]], "OracleTest_Quarantine": [[1783670498.032508, 0.48, "ENG-001"], [1783670498.040049, 0.48, "ENG-001"], [1783670498.045298, 0.48, "ENG-001"], [1783670498.049707, 0.48, "ENG-001"], [1783670498.0630832, 0.48, "ENG-001"], [1783670498.0745046, 0.48, "ENG-001"]], "OracleTest_Heal": [[1783670523.7411504, 0.48, "ENG-001"], [1783670523.7566173, 0.48, "ENG-001"], [1783670523.7669492, 0.48, "ENG-001"], [1783670523.7772777, 0.48, "ENG-001"], [1783670523.790588, 0.48, "ENG-001"], [1783670523.7981641, 0.48, "ENG-001"], [1783670523.803165, 0.48, "ENG-001"], [1783670523.8123636, 0.48, "ENG-001"], [1783670530.257008, 0.48, "ENG-001"], [1783670530.2707095, 0.48, "ENG-001"]], "OracleTest_Escalate": [[1783670590.0571768, 0.48, "ENG-001"], [1783670590.0727117, 0.48, "ENG-001"], [1783670590.0799437, 0.48, "ENG-001"], [1783670590.096846, 0.48, "ENG-001"], [1783670590.0986161, 0.48, "ENG-001"], [1783670590.113629, 0.48, "ENG-001"], [1783670590.123627, 0.48, "ENG-001"], [1783670594.4156353, 0.48, "ENG-001"], [1783670594.4325516, 0.48, "ENG-001"], [1783670594.4461555, 0.48, "ENG-001"], [1783670594.4488912, 0.48, "ENG-001"], [1783670629.8619597, 0.48, "ENG-001"], [1783670629.8694239, 0.48, "ENG-001"], [1783670629.8714466, 0.48, "ENG-001"], [1783670629.8714466, 0.48, "ENG-001"]], "OracleTest_Heal2": [[1783744687.133087, 0.48, "ENG-001"], [1783744688.3894482, 0.48, "ENG-001"], [1783744688.4137497, 0.48, "ENG-001"], [1783744688.4318738, 0.48, "ENG-001"], [1783744689.6095383, 0.48, "ENG-001"], [1783744689.625307, 0.48, "ENG-001"], [1783744689.633806, 0.48, "ENG-001"], [1783744690.6291323, 0.48, "ENG-001"], [1783744698.100461, 0.48, "ENG-001"], [1783744699.1249573, 0.48, "ENG-001"], [1783745078.3158464, 0.48, "ENG-001"], [1783745092.334153, 0.48, "ENG-001"], [1783745102.583346, 0.48, "ENG-001"], [1783745102.5988984, 0.48, "ENG-001"], [1783745104.2194557, 0.48, "ENG-001"], [1783745105.4507008, 0.48, "ENG-001"], [1783745112.2093692, 0.48, "ENG-001"], [1783745112.2302797, 0.48, "ENG-001"], [1783745113.2269816, 0.48, "ENG-001"], [1783745114.801031, 0.48, "ENG-001"]], "OracleTest_Heal3": [[1783745330.495855, 0.48, "ENG-001"], [1783745332.4931514, 0.48, "ENG-001"], [1783745342.7258973, 0.48, "ENG-001"], [1783745342.7416532, 0.48, "ENG-001"], [1783745342.7574055, 0.48, "ENG-001"], [1783745345.6892066, 0.48, "ENG-001"], [1783745345.7172153, 0.48, "ENG-001"], [1783745437.2284117, 0.48, "ENG-001"], [1783745548.3264887, 0.48, "ENG-001"], [1783745644.0172052, 0.48, "ENG-001"]], "OracleTest_Heal4": [[1783817998.961969, 0.48, "ENG-001"], [1783817998.9805014, 0.48, "ENG-001"], [1783818005.5141962, 0.48, "ENG-001"], [1783818005.5281043, 0.48, "ENG-001"], [1783818005.545658, 0.48, "ENG-001"], [1783818009.1570995, 0.48, "ENG-001"], [1783818009.1725955, 0.48, "ENG-001"], [1783818108.181232, 0.48, "ENG-001"], [1783818204.244882, 0.48, "ENG-001"], [1783818327.2464256, 0.48, "ENG-001"]], "OracleTest_Heal5": [[1783818888.7112222, 0.48, "ENG-001"], [1783818888.729396, 0.48, "ENG-001"], [1783818894.9015322, 0.48, "ENG-001"], [1783818894.9124026, 0.48, "ENG-001"], [1783818894.9224675, 0.48, "ENG-001"], [1783818900.3774214, 0.48, "ENG-001"], [1783818900.3876474, 0.48, "ENG-001"], [1783819028.086349, 0.48, "ENG-001"], [1783819028.3323877, 0.48, "ENG-001"], [1783819028.8767304, 0.48, "ENG-001"]], "OracleTest_Heal6": [[1783819475.223792, 0.48, "ENG-001"], [1783819475.2357752, 0.48, "ENG-001"], [1783819475.2390132, 0.48, "ENG-001"], [1783819475.2435026, 0.48, "ENG-001"], [1783819475.2505717, 0.48, "ENG-001"], [1783819475.254078, 0.48, "ENG-001"], [1783819475.2582371, 0.48, "ENG-001"], [1783819552.1102774, 0.48, "ENG-001"], [1783819634.356195, 0.48, "ENG-001"], [1783819634.7219934, 0.48, "ENG-001"]], "OracleTest_Heal7": [[1783819935.4523284, 0.48, "ENG-001"], [1783820474.9820125, 0.48, "ENG-001"], [1783820474.9943438, 0.48, "ENG-001"], [1783820475.000955, 0.48, "ENG-001"], [1783820475.0079513, 0.48, "ENG-001"], [1783820475.0124307, 0.48, "ENG-001"], [1783820475.0141861, 0.48, "ENG-001"], [1783820573.2512598, 0.48, "ENG-001"], [1783820573.7545385, 0.48, "ENG-001"], [1783820640.165814, 0.48, "ENG-001"]]}}