timestamp,symbol,regime,bars,cycle_promoted,cycle_oos_return,cycle_oos_trades,cycle_sharpe,cycle_win_rate,cycle_max_drawdown,champion_oos_return,champion_oos_trades,champion_sharpe,champion_win_rate,champion_genome_id,champion_certified_at,low_confidence,note
2026-07-09T04:08:24.484164+00:00,EURUSD,trending_down,518,False,0.0091,10,0.078,0.4,0.0297,0.0284,3,1.189,0.667,msw-11b8,1783502003.6880755,True,
2026-07-09T04:08:35.535510+00:00,GBPUSD,ranging,518,False,-0.0476,14,-0.329,0.286,0.0589,0.0082,2,0.373,0.5,mut-fb31af,1783566744.03113,True,
2026-07-09T04:08:44.860907+00:00,USDJPY,trending_up,518,False,-0.0444,7,-0.754,0.143,0.049,,,,,,,True,
2026-07-09T04:08:54.774196+00:00,AUDUSD,trending_down,518,False,-0.01,10,-0.088,0.4,0.0297,,,,,,,True,
2026-07-09T04:10:19.275028+00:00,USDCAD,trending_up,518,False,-0.0152,13,-0.105,0.385,0.0494,0.0507,14,0.294,0.571,mut-d332b1,1783570147.1168737,True,
2026-07-09T04:10:28.222309+00:00,XAUUSD,high_volatility,504,False,0.088,22,0.313,0.545,0.0297,0.127,21,0.476,0.619,mut-928d33,1783568527.7833712,False,
2026-07-09T04:10:37.564469+00:00,USOIL,high_volatility,504,True,0.0108,8,0.115,0.5,0.0297,0.0108,8,0.115,0.5,mut-53eb45,1783570237.289545,True,
2026-07-09T04:11:54.071987+00:00,SPX,trending_up,501,False,-0.0193,16,-0.108,0.375,0.054,,,,,,,False,
2026-07-09T04:14:22.338858+00:00,NASDAQ,ranging,501,False,-0.0135,17,-0.068,0.353,0.0297,,,,,,,False,
2026-07-09T04:14:42.987684+00:00,BTCUSD,high_volatility,730,False,-0.0218,16,-0.121,0.375,0.0401,0.0399,5,0.811,0.8,volatili-91abaf,1783502575.1490688,True,
2026-07-09T04:15:01.689934+00:00,ETHUSD,high_volatility,730,True,0.0074,13,0.049,0.462,0.0297,0.0074,13,0.049,0.462,mut-0a14d7,1783570501.1940567,True,
2026-07-10T02:29:35.701570+00:00,EURUSD,trending_down,518,False,-0.0233,13,-0.162,0.308,0.0679,0.0284,3,1.189,0.667,msw-11b8,1783502003.6880755,True,
2026-07-10T02:31:01.878283+00:00,GBPUSD,ranging,518,False,0.0,0,,,,0.0082,2,0.373,0.5,mut-fb31af,1783566744.03113,True,
2026-07-10T02:31:11.576964+00:00,USDJPY,ranging,518,False,-0.025,11,-0.213,0.364,0.0398,,,,,,,True,
2026-07-10T02:31:21.471089+00:00,AUDUSD,trending_down,518,False,-0.0123,10,-0.11,0.4,0.0297,,,,,,,True,
2026-07-10T02:32:51.273324+00:00,USDCAD,trending_up,518,False,0.0435,12,0.297,0.583,0.0394,0.0507,14,0.294,0.571,mut-d332b1,1783570147.1168737,True,
2026-07-10T02:33:01.019821+00:00,XAUUSD,high_volatility,504,False,0.0848,22,0.3,0.545,0.0297,0.127,21,0.476,0.619,mut-928d33,1783568527.7833712,False,
2026-07-10T02:33:10.231450+00:00,USOIL,high_volatility,504,False,0.0083,8,0.089,0.5,0.0297,0.0108,8,0.115,0.5,mut-53eb45,1783570237.289545,True,
2026-07-10T02:33:18.365621+00:00,SPX,trending_up,501,True,0.0048,14,0.029,0.429,0.0347,0.0048,14,0.029,0.429,mut-9b1046,1783650798.0662825,True,
2026-07-10T02:35:40.937701+00:00,NASDAQ,ranging,501,False,-0.0215,16,-0.12,0.375,0.0585,0.0177,11,0.132,0.455,mut-d84022,1783650806.8484473,True,
2026-07-10T02:37:16.173462+00:00,BTCUSD,high_volatility,730,False,0.0089,15,0.05,0.4,0.0297,0.0399,5,0.811,0.8,volatili-91abaf,1783502575.1490688,True,
2026-07-10T02:37:35.282384+00:00,ETHUSD,high_volatility,730,False,0.0,0,,,,0.0074,13,0.049,0.462,mut-0a14d7,1783570501.1940567,True,
2026-07-10T02:48:52.956520+00:00,EURUSD,trending_down,518,False,-0.0568,14,-0.416,0.214,0.0865,0.0284,3,1.189,0.667,msw-11b8,1783502003.6880755,True,
2026-07-10T02:50:09.039754+00:00,GBPUSD,ranging,518,False,-0.0202,9,-0.206,0.333,0.0301,0.0082,2,0.373,0.5,mut-fb31af,1783566744.03113,True,
2026-07-10T02:50:18.390633+00:00,USDJPY,ranging,518,False,-0.0371,14,-0.243,0.286,0.0398,,,,,,,True,
2026-07-10T02:50:29.980611+00:00,AUDUSD,trending_down,518,False,-0.0226,11,-0.187,0.364,0.049,,,,,,,True,
2026-07-10T02:51:53.359467+00:00,USDCAD,trending_up,518,False,0.0432,12,0.296,0.583,0.0394,0.0507,14,0.294,0.571,mut-d332b1,1783570147.1168737,True,
2026-07-10T02:52:01.581624+00:00,XAUUSD,high_volatility,504,False,0.0066,22,0.024,0.409,0.054,0.127,21,0.476,0.619,mut-928d33,1783568527.7833712,False,
2026-07-10T02:52:10.005667+00:00,USOIL,high_volatility,504,False,0.0024,8,0.026,0.375,0.0297,0.0108,8,0.115,0.5,mut-53eb45,1783570237.289545,True,
2026-07-10T02:52:18.881104+00:00,SPX,trending_up,501,False,-0.01,13,-0.066,0.385,0.0444,0.0048,14,0.029,0.429,mut-9b1046,1783650798.0662825,True,
2026-07-10T02:54:36.133247+00:00,NASDAQ,ranging,501,False,0.0061,11,0.048,0.455,0.0394,0.0177,11,0.132,0.455,mut-d84022,1783650806.8484473,True,
2026-07-10T02:54:53.656196+00:00,BTCUSD,high_volatility,730,False,0.0189,14,0.112,0.429,0.0394,0.0399,5,0.811,0.8,volatili-91abaf,1783502575.1490688,True,
2026-07-10T02:55:13.621525+00:00,ETHUSD,high_volatility,730,False,0.0,0,,,,0.0074,13,0.049,0.462,mut-0a14d7,1783570501.1940567,True,
2026-07-11T04:37:35.261223+00:00,EURUSD,trending_down,518,False,-0.0758,16,-0.513,0.188,0.1003,0.0284,3,1.189,0.667,msw-11b8,1783502003.6880755,True,
2026-07-11T04:38:30.256355+00:00,GBPUSD,ranging,518,False,-0.0085,10,-0.074,0.4,0.0347,0.0082,2,0.373,0.5,mut-fb31af,1783566744.03113,True,
2026-07-11T04:39:14.038237+00:00,USDJPY,trending_up,518,False,-0.0423,13,-0.32,0.308,0.0589,,,,,,,True,
2026-07-11T04:39:33.557027+00:00,AUDUSD,trending_down,519,False,-0.0116,10,-0.104,0.4,0.0297,,,,,,,True,
2026-07-11T04:41:23.912133+00:00,USDCAD,trending_up,519,True,0.0445,12,0.305,0.583,0.0394,0.0445,12,0.305,0.583,mut-8617cd,1783744882.9966996,True,
2026-07-11T04:41:50.348840+00:00,XAUUSD,high_volatility,503,False,0.1084,20,0.425,0.6,0.0297,0.127,21,0.476,0.619,mut-928d33,1783568527.7833712,False,
2026-07-11T04:43:14.738827+00:00,USOIL,high_volatility,503,False,0.0193,19,0.084,0.474,0.0394,0.0193,19,0.084,0.474,mut-47ed77,1783744932.431745,False,
2026-07-11T04:43:30.595641+00:00,SPX,trending_up,501,True,0.0324,14,0.186,0.5,0.0297,0.0324,14,0.186,0.5,mut-6d1a7c,1783745009.4858105,True,
2026-07-11T04:44:42.169747+00:00,NASDAQ,ranging,501,False,-0.0647,17,-0.382,0.235,0.0773,0.0177,11,0.132,0.455,mut-d84022,1783650806.8484473,True,
2026-07-11T04:45:08.809865+00:00,BTCUSD,high_volatility,730,False,-0.0264,16,-0.147,0.312,0.0401,0.0399,5,0.811,0.8,volatili-91abaf,1783502575.1490688,True,
2026-07-11T04:45:34.257459+00:00,ETHUSD,high_volatility,730,False,0.004,13,0.026,0.385,0.0394,0.0074,13,0.049,0.462,mut-0a14d7,1783570501.1940567,True,
2026-07-12T01:51:37.514220+00:00,EURUSD,trending_down,130,False,0.0156,2,1.082,1.0,0.0,0.0284,3,1.189,0.667,msw-11b8,1783502003.6880755,True,
2026-07-12T01:53:17.278595+00:00,GBPUSD,ranging,131,False,-0.0403,5,-2.247,0.0,0.0394,0.0082,2,0.373,0.5,mut-fb31af,1783566744.03113,True,
2026-07-12T01:54:55.680066+00:00,USDJPY,trending_up,130,False,-0.0035,4,-0.084,0.5,0.0199,,,,,,,True,
2026-07-12T01:54:57.233361+00:00,AUDUSD,trending_down,131,False,-0.0129,4,-0.309,0.25,0.0199,,,,,,,True,
2026-07-12T01:54:58.881053+00:00,USDCAD,trending_up,131,False,0.0012,1,0.0,1.0,0.0,0.0445,12,0.305,0.583,mut-8617cd,1783744882.9966996,True,
2026-07-12T01:55:00.631182+00:00,USDCHF,trending_up,131,False,-0.0234,3,-2.549,0.0,0.0199,,,,,,,True,
2026-07-12T01:55:02.411721+00:00,NZDUSD,trending_down,131,False,-0.0248,3,-3.44,0.0,0.0199,,,,,,,True,
2026-07-12T01:55:04.223975+00:00,EURGBP,trending_down,130,True,0.0034,6,0.05,0.5,0.0297,0.0034,6,0.05,0.5,mut-924f03,1783821303.8404343,True,
2026-07-12T01:55:05.974183+00:00,EURJPY,ranging,130,False,-0.0017,1,0.0,0.0,0.0,,,,,,,True,
2026-07-12T01:55:07.696021+00:00,GBPJPY,ranging,130,False,-0.0064,1,0.0,0.0,0.0,,,,,,,True,
2026-07-12T01:56:45.882054+00:00,XAUUSD,high_volatility,124,False,0.0092,7,0.11,0.429,0.0199,0.127,21,0.476,0.619,mut-928d33,1783568527.7833712,False,
2026-07-12T01:58:16.096640+00:00,USOIL,high_volatility,124,False,0.0203,2,2.087,1.0,0.0,0.0203,2,2.087,1.0,mut-44fc90,1783821407.0754356,True,
2026-07-12T02:00:19.166378+00:00,BTCUSD,high_volatility,181,False,0.045,4,1.634,0.75,0.0,0.0607,5,1.893,0.8,mut-785457,1783821498.0682824,True,
2026-07-12T02:02:20.530518+00:00,ETHUSD,high_volatility,181,False,0.0178,7,0.215,0.571,0.0297,0.0178,7,0.215,0.571,imm-009cc4,1783821621.0398705,True,
2026-07-12T02:03:52.339767+00:00,SOLUSD,high_volatility,181,True,0.0195,7,0.237,0.571,0.0199,0.0195,7,0.237,0.571,mut-0c13bb,1783821831.9262588,True,
2026-07-12T02:05:19.598739+00:00,XRPUSD,high_volatility,181,False,0.0016,9,0.015,0.444,0.0297,0.0161,7,0.196,0.571,mut-c1e209,1783821834.3486388,True,
2026-07-12T02:07:26.189432+00:00,BNBUSD,high_volatility,181,False,-0.0288,6,-0.526,0.167,0.0394,,,,,,,True,
2026-07-12T16:22:48.359397+00:00,EURUSD,trending_down,130,False,0.0156,2,1.082,1.0,0.0,0.0284,3,1.189,0.667,msw-11b8,1783502003.6880755,True,
2026-07-12T16:24:32.993753+00:00,GBPUSD,ranging,131,False,0.0015,1,0.0,1.0,0.0,0.0082,2,0.373,0.5,mut-fb31af,1783566744.03113,True,
2026-07-12T16:26:04.549560+00:00,USDJPY,trending_up,130,False,-0.0038,4,-0.091,0.5,0.0199,0.0074,3,0.244,0.667,imm-bab764,1783873479.9306996,True,
2026-07-12T16:40:33.932854+00:00,AUDUSD,trending_down,131,False,-0.0129,4,-0.309,0.25,0.0199,,,,,,,True,
2026-07-12T16:40:41.605813+00:00,USDCAD,trending_up,131,True,0.0504,4,2.763,1.0,0.0,0.0504,4,2.763,1.0,mut-904445,1783874440.9460747,True,
2026-07-12T16:40:48.925793+00:00,USDCHF,trending_up,131,True,0.0028,4,0.064,0.5,0.0199,0.0028,4,0.064,0.5,mut-bc1dd2,1783874447.7217305,True,
2026-07-12T16:41:37.628846+00:00,NZDUSD,trending_down,131,False,0.0142,2,0.905,0.5,0.0,0.0142,2,0.905,0.5,mut-4c0bc0,1783874455.5655234,True,
2026-07-12T16:44:46.979200+00:00,EURGBP,trending_down,130,False,0.0231,2,3.373,1.0,0.0,0.0231,2,3.373,1.0,mut-e02c58,1783874504.1875217,True,
2026-07-12T16:44:54.347486+00:00,EURJPY,ranging,130,False,-0.0017,1,0.0,0.0,0.0,,,,,,,True,
2026-07-12T16:45:01.195665+00:00,GBPJPY,ranging,130,False,-0.0138,2,-2.225,0.0,0.01,,,,,,,True,
2026-07-12T16:45:07.548022+00:00,XAUUSD,high_volatility,124,False,0.0281,6,0.413,0.667,0.01,0.127,21,0.476,0.619,mut-928d33,1783568527.7833712,False,
2026-07-12T19:58:06.092727+00:00,USOIL,trending_up,160,False,-0.0056,9,-0.055,0.333,0.0394,0.0203,2,2.087,1.0,mut-44fc90,1783821407.0754356,True,
2026-07-12T20:17:27.168910+00:00,BTCUSD,trending_up,160,False,0.0009,5,0.014,0.4,0.0199,0.0607,5,1.893,0.8,mut-785457,1783821498.0682824,True,
2026-07-12T20:17:36.990710+00:00,ETHUSD,trending_up,160,False,-0.0056,9,-0.055,0.333,0.0394,0.0178,7,0.215,0.571,imm-009cc4,1783821621.0398705,True,
2026-07-12T20:17:42.926897+00:00,SOLUSD,trending_up,160,False,-0.0056,9,-0.055,0.333,0.0394,0.0195,7,0.237,0.571,mut-0c13bb,1783821831.9262588,True,
2026-07-12T20:17:52.287881+00:00,XRPUSD,trending_up,160,False,0.0009,5,0.014,0.4,0.0199,0.0161,7,0.196,0.571,mut-c1e209,1783821834.3486388,True,
2026-07-12T20:17:58.474319+00:00,BNBUSD,trending_up,160,True,0.0009,5,0.014,0.4,0.0199,0.0009,5,0.014,0.4,mut-433ace,1783887478.2434652,True,
2026-07-12T20:18:04.840076+00:00,ADAUSD,trending_up,160,True,0.011,4,0.221,0.5,0.01,0.011,4,0.221,0.5,mut-e2113b,1783887484.528185,True,
2026-07-12T20:18:10.662830+00:00,SPX,trending_up,160,False,-0.0056,9,-0.055,0.333,0.0394,0.0324,14,0.186,0.5,mut-6d1a7c,1783745009.4858105,True,
2026-07-12T20:18:19.164681+00:00,NASDAQ,trending_up,160,False,0.0009,5,0.014,0.4,0.0199,0.0177,11,0.132,0.455,mut-d84022,1783650806.8484473,True,
2026-07-12T20:18:28.225212+00:00,DJI,trending_up,124,False,-0.0199,2,-199.0,0.0,0.0199,,,,,,,True,
2026-07-12T20:19:19.103328+00:00,RUT,trending_up,124,False,-0.0072,4,-0.18,0.25,0.0199,,,,,,,True,
2026-07-12T20:20:04.543745+00:00,VIX,high_volatility,125,False,-0.0291,7,-0.446,0.286,0.0347,,,,,,,True,
2026-07-12T20:20:12.497157+00:00,FTSE,ranging,126,True,0.0038,3,0.122,0.333,0.01,0.0038,3,0.122,0.333,mut-13c6ca,1783887611.8882253,True,
2026-07-12T20:20:18.794742+00:00,DAX,ranging,127,False,-0.0225,3,-2.159,0.0,0.0199,,,,,,,True,
2026-07-12T20:21:06.790845+00:00,CAC40,ranging,127,False,-0.0103,4,-0.25,0.25,0.01,,,,,,,True,
2026-07-12T20:21:50.617452+00:00,NIKKEI,ranging,122,False,0.0026,3,0.085,0.333,0.01,0.0026,3,0.085,0.333,mut-5f3fc1,1783887672.1780016,True,
2026-07-12T20:21:57.020229+00:00,HSI,high_volatility,120,True,0.0151,4,0.333,0.5,0.01,0.0151,4,0.333,0.5,mut-6bacd5,1783887716.394373,True,
2026-07-12T20:22:46.671518+00:00,SENSEX,trending_up,120,False,-0.01,1,0.0,0.0,0.01,,,,,,,True,
2026-07-12T20:22:52.456443+00:00,ASX200,ranging,126,False,-0.0247,3,-3.408,0.0,0.0199,,,,,,,True,
2026-07-12T20:22:58.255162+00:00,AAPL,high_volatility,124,True,0.0057,5,0.099,0.4,0.01,0.0057,5,0.099,0.4,mut-f99036,1783887777.721999,True,
2026-07-12T20:23:39.740155+00:00,MSFT,high_volatility,124,True,0.0047,6,0.07,0.5,0.0199,0.0047,6,0.07,0.5,mut-a0ebcb,1783887819.1685755,True,
2026-07-12T20:24:22.372934+00:00,NVDA,high_volatility,124,False,-0.0117,2,-1.403,0.0,0.01,,,,,,,True,
2026-07-12T20:24:28.245122+00:00,GOOGL,high_volatility,124,False,-0.0036,4,-0.089,0.5,0.01,,,,,,,True,
2026-07-12T20:25:09.647022+00:00,AMZN,high_volatility,124,False,0.0149,2,0.989,0.5,0.0,0.0149,2,0.989,0.5,mut-c75244,1783887874.0052235,True,
2026-07-12T20:25:15.943132+00:00,META,high_volatility,124,False,0.0,0,,,,,,,,,,True,
2026-07-12T20:26:00.285009+00:00,TSLA,high_volatility,124,False,0.0236,4,0.569,0.75,0.01,0.0236,4,0.569,0.75,mut-842635,1783887921.345828,True,
2026-07-12T20:26:48.932933+00:00,BRKB,trending_up,124,True,0.0107,2,0.551,0.5,0.0,0.0107,2,0.551,0.5,mut-b3b3f6,1783888008.384338,True,
2026-07-12T20:26:55.177823+00:00,LLY,high_volatility,124,False,-0.0324,4,-2.61,0.0,0.0297,,,,,,,True,
2026-07-12T20:27:01.553777+00:00,V,high_volatility,124,False,-0.0105,4,-0.257,0.25,0.0199,,,,,,,True,
2026-07-12T20:27:07.731413+00:00,JPM,high_volatility,124,False,-0.0034,4,-0.083,0.5,0.0199,,,,,,,True,
2026-07-12T20:36:36.448951+00:00,EURUSD,trending_down,131,False,0.0166,2,1.236,1.0,0.0,0.0284,3,1.189,0.667,msw-11b8,1783502003.6880755,True,
2026-07-12T20:38:14.471057+00:00,GBPUSD,ranging,131,False,-0.0375,5,-1.6,0.2,0.0394,0.0082,2,0.373,0.5,mut-fb31af,1783566744.03113,True,
2026-07-12T20:39:45.980534+00:00,USDJPY,ranging,131,False,-0.0039,4,-0.094,0.5,0.0199,,,,,,,True,
2026-07-12T20:42:15.384177+00:00,AUDUSD,trending_down,131,False,-0.012,4,-0.292,0.25,0.0199,,,,,,,True,
2026-07-12T20:42:21.845401+00:00,USDCAD,trending_up,131,True,0.0511,4,3.003,1.0,0.0,0.0511,4,3.003,1.0,mut-5eee78,1783888941.325652,True,
2026-07-12T20:44:11.458083+00:00,USDCHF,trending_up,131,False,-0.0075,4,-0.185,0.25,0.0199,0.0028,4,0.064,0.5,mut-bc1dd2,1783874447.7217305,True,
2026-07-12T20:45:44.685829+00:00,NZDUSD,trending_down,131,False,0.0142,2,0.894,0.5,0.0,0.0142,2,0.905,0.5,mut-4c0bc0,1783874455.5655234,True,
2026-07-12T20:45:50.676648+00:00,EURGBP,trending_down,131,True,0.0233,2,3.449,1.0,0.0,0.0233,2,3.449,1.0,mut-95dc66,1783889150.178541,True,
2026-07-12T20:47:25.111570+00:00,EURJPY,ranging,131,False,0.0,0,,,,,,,,,,True,
2026-07-12T20:49:13.445296+00:00,GBPJPY,ranging,131,False,-0.0059,1,0.0,0.0,0.0,,,,,,,True,
2026-07-12T20:49:58.163698+00:00,XAUUSD,high_volatility,124,False,0.013,5,0.231,0.6,0.01,0.127,21,0.476,0.619,mut-928d33,1783568527.7833712,False,
2026-07-12T20:50:43.644204+00:00,USOIL,high_volatility,124,False,0.0203,2,2.087,1.0,0.0,0.0203,2,2.087,1.0,mut-44fc90,1783821407.0754356,True,
2026-07-12T20:51:39.252693+00:00,BTCUSD,high_volatility,182,False,0.0605,5,1.86,0.8,0.0,0.0607,5,1.893,0.8,mut-785457,1783821498.0682824,True,
2026-07-12T20:52:37.555817+00:00,ETHUSD,high_volatility,182,False,0.0087,8,0.093,0.5,0.0297,0.0178,7,0.215,0.571,imm-009cc4,1783821621.0398705,True,
2026-07-12T20:53:29.290165+00:00,SOLUSD,high_volatility,182,False,-0.0042,6,-0.062,0.333,0.0199,0.0288,6,0.418,0.667,mut-afb52b,1783889567.5021718,True,
2026-07-12T20:54:25.807869+00:00,XRPUSD,high_volatility,182,False,0.0074,8,0.08,0.5,0.0297,0.0161,7,0.196,0.571,mut-c1e209,1783821834.3486388,True,
2026-07-12T20:55:13.515509+00:00,BNBUSD,high_volatility,182,False,0.0,0,,,,0.0086,5,0.152,0.4,mut-2caa73,1783889675.1242607,True,
2026-07-12T20:56:02.265600+00:00,ADAUSD,high_volatility,182,False,0.0,0,,,,0.0195,9,0.181,0.444,mut-56c998,1783889721.6774743,True,
2026-07-12T20:56:43.558190+00:00,SPX,trending_up,124,False,-0.0174,2,-6.669,0.0,0.01,0.0324,14,0.186,0.5,mut-6d1a7c,1783745009.4858105,True,
2026-07-12T20:57:23.075372+00:00,NASDAQ,ranging,124,False,0.0,0,,,,0.0177,11,0.132,0.455,mut-d84022,1783650806.8484473,True,
2026-07-12T20:58:02.073978+00:00,DJI,trending_up,124,False,0.0249,4,0.605,0.75,0.01,0.0249,4,0.605,0.75,mut-4cf09f,1783889848.808815,True,
2026-07-12T20:58:40.002266+00:00,RUT,trending_up,124,False,-0.0072,4,-0.18,0.25,0.0199,,,,,,,True,
2026-07-12T20:59:19.628149+00:00,VIX,high_volatility,125,False,-0.0291,7,-0.446,0.286,0.0347,,,,,,,True,
2026-07-12T20:59:58.893209+00:00,FTSE,ranging,126,False,-0.0062,4,-0.154,0.25,0.01,0.0038,3,0.122,0.333,mut-13c6ca,1783887611.8882253,True,
2026-07-12T21:00:46.767788+00:00,DAX,ranging,127,True,0.0023,6,0.034,0.5,0.0199,0.0023,6,0.034,0.5,mut-4d8718,1783890046.0169656,True,
2026-07-12T21:00:55.218429+00:00,CAC40,ranging,127,False,-0.0103,4,-0.25,0.25,0.01,,,,,,,True,
2026-07-12T21:01:45.841984+00:00,NIKKEI,ranging,122,False,0.0,0,,,,0.0026,3,0.085,0.333,mut-5f3fc1,1783887672.1780016,True,
2026-07-12T21:02:32.137312+00:00,HSI,high_volatility,120,False,0.0151,4,0.333,0.5,0.01,0.0151,4,0.333,0.5,mut-6bacd5,1783887716.394373,True,
2026-07-12T21:03:19.000964+00:00,SENSEX,trending_up,120,False,-0.0127,2,-1.731,0.0,0.01,,,,,,,True,
2026-07-12T21:03:26.074791+00:00,ASX200,ranging,126,False,-0.0095,2,-0.908,0.5,0.01,,,,,,,True,
2026-07-12T21:04:09.924368+00:00,AAPL,high_volatility,124,False,0.0057,5,0.099,0.4,0.01,0.0057,5,0.099,0.4,mut-f99036,1783887777.721999,True,
2026-07-12T21:04:17.584605+00:00,MSFT,high_volatility,124,False,0.0047,6,0.07,0.5,0.0199,0.0047,6,0.07,0.5,mut-a0ebcb,1783887819.1685755,True,
2026-07-12T21:05:03.230740+00:00,NVDA,high_volatility,124,False,-0.0128,4,-0.306,0.25,0.01,,,,,,,True,
2026-07-12T21:05:11.222768+00:00,GOOGL,high_volatility,124,False,-0.0036,4,-0.089,0.5,0.01,,,,,,,True,
2026-07-12T21:05:59.376917+00:00,AMZN,high_volatility,124,False,0.0149,2,0.989,0.5,0.0,0.0149,2,0.989,0.5,mut-c75244,1783887874.0052235,True,
2026-07-12T21:06:44.579238+00:00,META,high_volatility,124,False,-0.0203,8,-0.246,0.25,0.0394,,,,,,,True,
2026-07-12T21:07:30.618829+00:00,TSLA,high_volatility,124,False,0.016,2,1.142,1.0,0.0,0.0236,4,0.569,0.75,mut-842635,1783887921.345828,True,
2026-07-12T21:08:13.872694+00:00,BRKB,trending_up,124,False,0.0107,2,0.551,0.5,0.0,0.0107,2,0.551,0.5,mut-b3b3f6,1783888008.384338,True,
2026-07-12T21:08:59.035027+00:00,LLY,high_volatility,124,False,-0.0297,3,-121.863,0.0,0.0297,,,,,,,True,
2026-07-12T21:09:42.513805+00:00,V,high_volatility,124,False,0.0033,3,0.108,0.333,0.01,0.0033,3,0.108,0.333,mut-3d12da,1783890545.2941115,True,
2026-07-12T21:09:49.068959+00:00,JPM,high_volatility,124,False,-0.0265,4,-1.166,0.25,0.0297,,,,,,,True,
2026-07-12T21:57:29.577805+00:00,EURUSD,trending_down,131,False,0.0166,2,1.236,1.0,0.0,0.0284,3,1.189,0.667,msw-11b8,1783502003.6880755,True,
2026-07-12T21:58:55.256535+00:00,GBPUSD,ranging,131,False,-0.0377,5,-1.629,0.2,0.0394,0.0082,2,0.373,0.5,mut-fb31af,1783566744.03113,True,
2026-07-13T03:41:39.772696+00:00,EURUSD,trending_down,130,False,0.0172,2,1.341,1.0,0.0,0.0284,3,1.189,0.667,msw-11b8,1783502003.6880755,True,
2026-07-13T03:41:43.675523+00:00,GBPUSD,ranging,130,False,-0.0091,2,-0.836,0.5,0.01,0.0082,2,0.373,0.5,mut-fb31af,1783566744.03113,True,
2026-07-13T03:43:10.999458+00:00,USDJPY,trending_up,130,False,-0.01,1,0.0,0.0,0.01,0.0074,3,0.244,0.667,imm-bab764,1783873479.9306996,True,
2026-07-13T03:44:41.587767+00:00,AUDUSD,trending_down,130,True,0.0249,3,0.86,0.667,0.0,0.0249,3,0.86,0.667,mut-98eaf5,1783914281.4206808,True,
2026-07-13T03:44:45.687023+00:00,USDCAD,trending_up,130,True,0.0513,4,3.096,1.0,0.0,0.0513,4,3.096,1.0,mut-254bcb,1783914285.5527215,True,
2026-07-13T03:45:57.856898+00:00,USDCHF,trending_up,130,False,0.0202,4,0.479,0.75,0.01,0.0202,4,0.479,0.75,mut-f671b8,1783914289.5821538,True,
2026-07-13T03:46:01.789742+00:00,NZDUSD,trending_down,130,False,0.0178,2,1.466,1.0,0.0,0.0142,2,0.905,0.5,mut-4c0bc0,1783874455.5655234,True,
2026-07-13T03:46:42.885152+00:00,EURGBP,trending_down,130,False,0.0228,2,3.17,1.0,0.0,0.0233,2,3.449,1.0,mut-95dc66,1783889150.178541,True,
2026-07-13T03:47:29.094555+00:00,EURJPY,ranging,130,False,-0.0012,1,0.0,0.0,0.0,,,,,,,True,
2026-07-13T03:48:15.998597+00:00,GBPJPY,ranging,130,False,-0.011,2,-1.235,0.0,0.01,,,,,,,True,
2026-07-13T03:48:19.906413+00:00,XAUUSD,high_volatility,125,False,0.0212,6,0.302,0.5,0.01,0.127,21,0.476,0.619,mut-928d33,1783568527.7833712,False,
2026-07-13T03:48:53.674551+00:00,USOIL,high_volatility,125,False,0.0,0,,,,0.0203,2,2.087,1.0,mut-44fc90,1783821407.0754356,True,
2026-07-13T03:49:31.109879+00:00,BTCUSD,high_volatility,181,False,0.048,4,2.15,1.0,0.0,0.0607,5,1.893,0.8,mut-785457,1783821498.0682824,True,
2026-07-13T03:50:05.479868+00:00,ETHUSD,high_volatility,181,True,0.0257,6,0.373,0.667,0.01,0.0257,6,0.373,0.667,mut-2314ee,1783914605.3009293,True,
2026-07-13T03:50:42.679645+00:00,SOLUSD,high_volatility,181,False,-0.0062,6,-0.091,0.333,0.0199,0.0309,6,0.449,0.667,mut-bd0008,1783914609.8025947,True,
2026-07-13T03:51:24.097358+00:00,XRPUSD,high_volatility,181,True,0.0187,7,0.227,0.571,0.0199,0.0187,7,0.227,0.571,imm-22a4a9,1783914683.9155564,True,
2026-07-13T03:51:57.284700+00:00,BNBUSD,high_volatility,181,False,0.0104,5,0.185,0.6,0.0199,0.0104,5,0.185,0.6,imm-a3fc14,1783914688.6228325,True,
2026-07-13T03:52:31.985938+00:00,ADAUSD,high_volatility,181,False,-0.0056,9,-0.054,0.333,0.0394,0.0195,9,0.181,0.444,mut-56c998,1783889721.6774743,True,
2026-07-13T03:52:35.988985+00:00,SPX,trending_up,124,False,-0.0131,2,-1.899,0.0,0.01,0.0324,14,0.186,0.5,mut-6d1a7c,1783745009.4858105,True,
2026-07-13T03:53:07.593437+00:00,NASDAQ,ranging,124,False,0.0,0,,,,0.0177,11,0.132,0.455,mut-d84022,1783650806.8484473,True,
2026-07-13T03:53:42.611727+00:00,DJI,trending_up,124,False,0.0249,4,0.605,0.75,0.01,0.0249,4,0.605,0.75,mut-4cf09f,1783889848.808815,True,
2026-07-13T03:54:19.517889+00:00,RUT,trending_up,124,False,-0.0072,4,-0.18,0.25,0.0199,,,,,,,True,
2026-07-13T03:54:55.062690+00:00,VIX,high_volatility,125,False,-0.0291,7,-0.446,0.286,0.0347,,,,,,,True,
2026-07-13T03:55:34.293370+00:00,FTSE,ranging,126,False,0.0038,3,0.122,0.333,0.01,0.0038,3,0.122,0.333,mut-13c6ca,1783887611.8882253,True,
2026-07-13T03:55:38.281571+00:00,DAX,ranging,127,False,-0.0225,3,-2.159,0.0,0.0199,0.0023,6,0.034,0.5,mut-4d8718,1783890046.0169656,True,
2026-07-13T03:56:23.910448+00:00,CAC40,ranging,127,False,-0.0103,4,-0.25,0.25,0.01,,,,,,,True,
2026-07-13T03:57:09.168520+00:00,NIKKEI,high_volatility,123,False,0.0,0,,,,0.0244,3,0.828,0.667,mut-c1d5a1,1783914987.901319,True,
2026-07-13T03:57:13.165642+00:00,HSI,high_volatility,120,True,0.0358,5,0.683,0.8,0.01,0.0358,5,0.683,0.8,mut-2ee52d,1783915033.0050972,True,
2026-07-13T03:57:17.140239+00:00,SENSEX,trending_up,119,False,-0.0174,2,-6.66,0.0,0.01,,,,,,,True,
2026-07-13T03:57:21.167305+00:00,ASX200,ranging,126,False,-0.0097,2,-0.933,0.5,0.01,,,,,,,True,
2026-07-13T03:58:01.218070+00:00,AAPL,high_volatility,124,False,0.0057,5,0.099,0.4,0.01,0.0057,5,0.099,0.4,mut-f99036,1783887777.721999,True,
2026-07-13T03:58:35.134512+00:00,MSFT,high_volatility,124,False,0.0047,6,0.07,0.5,0.0199,0.0047,6,0.07,0.5,mut-a0ebcb,1783887819.1685755,True,
2026-07-13T03:59:07.908924+00:00,NVDA,high_volatility,124,False,-0.0394,5,-1.999,0.0,0.0394,,,,,,,True,
2026-07-13T03:59:11.950223+00:00,GOOGL,high_volatility,124,True,0.0153,2,1.04,1.0,0.0,0.0153,2,1.04,1.0,mut-25a67a,1783915151.7821808,True,
2026-07-13T03:59:15.965049+00:00,AMZN,high_volatility,124,False,0.0149,2,0.989,0.5,0.0,0.0149,2,0.989,0.5,mut-c75244,1783887874.0052235,True,
2026-07-13T03:59:20.176305+00:00,META,high_volatility,124,False,-0.0203,8,-0.246,0.25,0.0394,,,,,,,True,
2026-07-13T03:59:55.408471+00:00,TSLA,high_volatility,124,False,0.016,2,1.142,1.0,0.0,0.0236,4,0.569,0.75,mut-842635,1783887921.345828,True,
2026-07-13T04:00:34.465349+00:00,BRKB,trending_up,124,False,0.0107,2,0.551,0.5,0.0,0.0107,2,0.551,0.5,mut-b3b3f6,1783888008.384338,True,
2026-07-13T04:01:17.768415+00:00,LLY,high_volatility,124,False,0.0193,6,0.272,0.5,0.01,0.0193,6,0.272,0.5,mut-ada3e2,1783915238.5301852,True,
2026-07-13T04:01:21.876910+00:00,V,high_volatility,124,False,-0.0105,4,-0.257,0.25,0.0199,0.0033,3,0.108,0.333,mut-3d12da,1783890545.2941115,True,
2026-07-13T04:01:26.000469+00:00,JPM,high_volatility,124,False,-0.0034,4,-0.083,0.5,0.0199,,,,,,,True,
2026-07-13T09:42:56.609198+00:00,EURUSD,trending_down,130,False,0.0146,2,0.947,0.5,0.0,0.0284,3,1.189,0.667,msw-11b8,1783502003.6880755,True,
2026-07-13T09:44:34.473383+00:00,GBPUSD,ranging,130,False,-0.0281,4,-1.405,0.25,0.0297,0.0082,2,0.373,0.5,mut-fb31af,1783566744.03113,True,
2026-07-13T09:46:24.602991+00:00,USDJPY,trending_up,130,False,-0.0142,2,-2.432,0.0,0.01,0.0074,3,0.244,0.667,imm-bab764,1783873479.9306996,True,
2026-07-13T09:46:28.528249+00:00,AUDUSD,trending_down,130,False,0.0236,3,0.769,0.667,0.0,0.0249,3,0.86,0.667,mut-98eaf5,1783914281.4206808,True,
2026-07-13T09:47:39.623446+00:00,USDCAD,trending_up,130,False,0.0492,4,2.437,1.0,0.0,0.0513,4,3.096,1.0,mut-254bcb,1783914285.5527215,True,
2026-07-13T09:48:15.616805+00:00,USDCHF,trending_up,130,False,0.0196,4,0.461,0.5,0.01,0.0202,4,0.479,0.75,mut-f671b8,1783914289.5821538,True,
2026-07-13T09:48:19.530514+00:00,NZDUSD,ranging,130,True,0.016,2,1.138,1.0,0.0,0.016,2,1.138,1.0,mut-544d53,1783936099.3896582,True,
2026-07-13T09:48:23.502704+00:00,EURGBP,trending_down,130,False,0.0201,2,2.018,1.0,0.0,0.0233,2,3.449,1.0,mut-95dc66,1783889150.178541,True,
2026-07-13T09:48:27.455777+00:00,EURJPY,ranging,130,True,0.0004,1,0.0,1.0,0.0,0.0004,1,0.0,1.0,mut-713e82,1783936107.3130019,True,
2026-07-13T09:49:01.619955+00:00,GBPJPY,ranging,130,False,-0.0107,2,-1.142,0.0,0.01,,,,,,,True,
2026-07-13T09:49:05.622841+00:00,XAUUSD,high_volatility,124,False,0.0463,6,0.711,0.667,0.01,0.127,21,0.476,0.619,mut-928d33,1783568527.7833712,False,
2026-07-13T09:49:43.938961+00:00,USOIL,high_volatility,124,False,0.0023,3,0.075,0.333,0.01,0.0203,2,2.087,1.0,mut-44fc90,1783821407.0754356,True,
2026-07-13T09:50:23.950805+00:00,BTCUSD,high_volatility,182,False,0.0632,5,2.34,1.0,0.0,0.0607,5,1.893,0.8,mut-785457,1783821498.0682824,True,
2026-07-13T09:51:05.902273+00:00,ETHUSD,high_volatility,182,False,0.0001,6,0.002,0.5,0.0199,0.0257,6,0.373,0.667,mut-2314ee,1783914605.3009293,True,
2026-07-13T09:51:47.715181+00:00,SOLUSD,high_volatility,182,False,-0.0152,7,-0.2,0.286,0.0199,0.0309,6,0.449,0.667,mut-bd0008,1783914609.8025947,True,
2026-07-13T09:52:36.405647+00:00,XRPUSD,high_volatility,182,False,-0.007,7,-0.092,0.429,0.0199,0.0187,7,0.227,0.571,imm-22a4a9,1783914683.9155564,True,
2026-07-13T09:53:15.880349+00:00,BNBUSD,high_volatility,182,False,0.0,0,,,,0.0104,5,0.185,0.6,imm-a3fc14,1783914688.6228325,True,
2026-07-13T09:53:52.732599+00:00,ADAUSD,high_volatility,182,True,0.0206,9,0.191,0.556,0.0199,0.0206,9,0.191,0.556,imm-5eee95,1783936432.4950883,True,
2026-07-13T09:53:56.904634+00:00,SPX,trending_up,124,False,0.0,0,,,,0.0324,14,0.186,0.5,mut-6d1a7c,1783745009.4858105,True,
2026-07-13T09:54:33.146756+00:00,NASDAQ,ranging,124,False,0.0,0,,,,0.0177,11,0.132,0.455,mut-d84022,1783650806.8484473,True,
2026-07-13T09:55:09.514619+00:00,DJI,trending_up,124,False,-0.0297,3,-121.863,0.0,0.0297,0.0249,4,0.605,0.75,mut-4cf09f,1783889848.808815,True,
2026-07-13T09:55:48.822931+00:00,RUT,trending_up,124,False,-0.0072,4,-0.18,0.25,0.0199,,,,,,,True,
2026-07-13T09:56:25.542467+00:00,VIX,high_volatility,125,False,-0.031,7,-0.488,0.286,0.0347,,,,,,,True,
2026-07-13T09:56:59.662578+00:00,FTSE,ranging,126,False,-0.01,2,-0.994,0.5,0.01,0.0038,3,0.122,0.333,mut-13c6ca,1783887611.8882253,True,
2026-07-13T09:57:33.374718+00:00,DAX,ranging,127,False,-0.0431,5,-3.519,0.0,0.0394,0.0023,6,0.034,0.5,mut-4d8718,1783890046.0169656,True,
2026-07-13T09:58:04.249716+00:00,CAC40,ranging,127,False,-0.0066,2,-0.497,0.5,0.01,0.0132,2,0.782,0.5,mut-1c4919,1783936657.5232425,True,
2026-07-13T09:58:38.142383+00:00,NIKKEI,high_volatility,123,False,-0.0012,3,-0.037,0.333,0.01,0.0244,3,0.828,0.667,mut-c1d5a1,1783914987.901319,True,
2026-07-13T09:58:41.979821+00:00,HSI,high_volatility,120,False,0.0351,5,0.663,0.6,0.01,0.0358,5,0.683,0.8,mut-2ee52d,1783915033.0050972,True,
2026-07-13T09:59:13.689738+00:00,SENSEX,trending_up,120,False,-0.0057,2,-0.396,0.5,0.01,,,,,,,True,
2026-07-13T09:59:17.794587+00:00,ASX200,ranging,126,False,-0.0096,2,-0.93,0.5,0.01,,,,,,,True,
2026-07-13T09:59:21.792957+00:00,AAPL,high_volatility,124,False,0.0057,5,0.099,0.4,0.01,0.0057,5,0.099,0.4,mut-f99036,1783887777.721999,True,
2026-07-13T09:59:26.058657+00:00,MSFT,high_volatility,124,False,0.0047,6,0.07,0.5,0.0199,0.0047,6,0.07,0.5,mut-a0ebcb,1783887819.1685755,True,
2026-07-13T09:59:59.303623+00:00,NVDA,high_volatility,124,False,-0.0029,3,-0.085,0.333,0.01,,,,,,,True,
2026-07-13T10:00:44.411100+00:00,GOOGL,high_volatility,124,False,0.0153,2,1.04,1.0,0.0,0.0153,2,1.04,1.0,mut-25a67a,1783915151.7821808,True,
2026-07-13T10:01:29.258759+00:00,AMZN,high_volatility,124,False,0.0149,2,0.989,0.5,0.0,0.0149,2,0.989,0.5,mut-c75244,1783887874.0052235,True,
2026-07-13T10:01:33.368942+00:00,META,high_volatility,124,False,-0.0203,8,-0.246,0.25,0.0394,,,,,,,True,
2026-07-13T10:02:16.203423+00:00,TSLA,high_volatility,124,False,0.0236,4,0.569,0.75,0.01,0.0236,4,0.569,0.75,mut-842635,1783887921.345828,True,
2026-07-13T10:02:55.669442+00:00,BRKB,trending_up,124,False,0.0107,2,0.551,0.5,0.0,0.0107,2,0.551,0.5,mut-b3b3f6,1783888008.384338,True,
2026-07-13T10:03:33.702824+00:00,LLY,high_volatility,124,False,-0.0324,4,-2.61,0.0,0.0297,0.0193,6,0.272,0.5,mut-ada3e2,1783915238.5301852,True,
2026-07-13T10:03:37.843611+00:00,V,high_volatility,124,False,0.0033,3,0.108,0.333,0.01,0.0033,3,0.108,0.333,mut-3d12da,1783890545.2941115,True,
2026-07-13T10:03:42.030246+00:00,JPM,high_volatility,124,False,-0.0034,4,-0.083,0.5,0.0199,,,,,,,True,
2026-07-13T12:23:59.547863+00:00,EURUSD,trending_down,130,True,0.0422,4,1.301,0.75,0.0,0.0422,4,1.301,0.75,mut-60af2a,1783945439.3401139,True,
2026-07-13T12:25:49.051969+00:00,GBPUSD,ranging,130,False,0.0066,3,0.213,0.667,0.01,0.0082,2,0.373,0.5,mut-fb31af,1783566744.03113,True,
2026-07-13T12:27:35.445179+00:00,USDJPY,trending_up,130,False,0.0051,6,0.074,0.5,0.0199,0.0074,3,0.244,0.667,imm-bab764,1783873479.9306996,True,
2026-07-13T12:28:41.358084+00:00,AUDUSD,trending_down,130,False,0.0236,3,0.765,0.667,0.0,0.0249,3,0.86,0.667,mut-98eaf5,1783914281.4206808,True,
2026-07-13T12:29:17.112633+00:00,USDCAD,trending_up,130,False,0.0024,1,0.0,1.0,0.0,0.0513,4,3.096,1.0,mut-254bcb,1783914285.5527215,True,
2026-07-13T12:29:21.068625+00:00,USDCHF,trending_up,130,False,-0.0199,2,-199.0,0.0,0.0199,0.0202,4,0.479,0.75,mut-f671b8,1783914289.5821538,True,
2026-07-13T12:29:54.978085+00:00,NZDUSD,ranging,130,False,0.0162,2,1.178,1.0,0.0,0.0162,2,1.178,1.0,mut-57709d,1783945764.9880433,True,
2026-07-13T12:30:35.436298+00:00,EURGBP,trending_down,130,False,0.0207,2,2.224,1.0,0.0,0.0233,2,3.449,1.0,mut-95dc66,1783889150.178541,True,
2026-07-13T12:30:39.377293+00:00,EURJPY,ranging,130,True,0.0009,1,0.0,1.0,0.0,0.0009,1,0.0,1.0,mut-eb4ccd,1783945839.223834,True,
2026-07-13T12:31:27.356435+00:00,GBPJPY,trending_up,130,False,-0.0098,2,-0.966,0.5,0.01,,,,,,,True,
2026-07-13T12:31:31.329516+00:00,XAUUSD,high_volatility,124,True,0.0409,5,0.815,0.8,0.01,0.0409,5,0.815,0.8,mut-fee51a,1783945891.174649,True,
2026-07-13T12:32:14.232711+00:00,USOIL,high_volatility,124,False,0.0009,3,0.027,0.333,0.01,0.0203,2,2.087,1.0,mut-44fc90,1783821407.0754356,True,
2026-07-13T12:32:57.214183+00:00,BTCUSD,high_volatility,182,False,0.064,5,2.527,1.0,0.0,0.0607,5,1.893,0.8,mut-785457,1783821498.0682824,True,
2026-07-13T12:33:38.392942+00:00,ETHUSD,high_volatility,182,False,0.0057,8,0.061,0.5,0.0297,0.0257,6,0.373,0.667,mut-2314ee,1783914605.3009293,True,
2026-07-13T12:34:19.980267+00:00,SOLUSD,high_volatility,182,False,0.0308,6,0.448,0.667,0.0199,0.0309,6,0.449,0.667,mut-bd0008,1783914609.8025947,True,
2026-07-13T12:34:59.854313+00:00,XRPUSD,high_volatility,182,False,0.0034,6,0.05,0.5,0.0199,0.0187,7,0.227,0.571,imm-22a4a9,1783914683.9155564,True,
2026-07-13T12:35:43.906886+00:00,BNBUSD,high_volatility,182,False,-0.0243,6,-0.445,0.333,0.0394,0.0104,5,0.185,0.6,imm-a3fc14,1783914688.6228325,True,
2026-07-13T12:36:24.164596+00:00,ADAUSD,high_volatility,182,True,0.0211,9,0.195,0.556,0.0199,0.0211,9,0.195,0.556,imm-9c2ee8,1783946183.972147,True,
2026-07-13T12:36:28.060545+00:00,SPX,trending_up,124,False,-0.0171,4,-0.437,0.25,0.0297,0.0324,14,0.186,0.5,mut-6d1a7c,1783745009.4858105,True,
2026-07-13T12:37:05.916641+00:00,NASDAQ,ranging,124,False,-0.0353,4,-4.778,0.0,0.0297,0.0177,11,0.132,0.455,mut-d84022,1783650806.8484473,True,
2026-07-13T12:37:45.336320+00:00,DJI,trending_up,124,False,0.0249,4,0.605,0.75,0.01,0.0249,4,0.605,0.75,mut-4cf09f,1783889848.808815,True,
2026-07-13T12:38:23.374646+00:00,RUT,trending_up,124,False,-0.0072,4,-0.18,0.25,0.0199,,,,,,,True,
2026-07-13T12:38:27.363525+00:00,VIX,high_volatility,125,False,-0.0314,7,-0.499,0.286,0.0347,,,,,,,True,
2026-07-13T12:39:06.476459+00:00,FTSE,ranging,126,False,-0.0192,3,-1.283,0.333,0.0199,0.0038,3,0.122,0.333,mut-13c6ca,1783887611.8882253,True,
2026-07-13T12:39:46.043959+00:00,DAX,ranging,127,False,0.0,0,,,,0.0023,6,0.034,0.5,mut-4d8718,1783890046.0169656,True,
2026-07-13T12:40:29.965594+00:00,CAC40,ranging,127,False,0.0129,2,0.757,0.5,0.0,0.0132,2,0.782,0.5,mut-1c4919,1783936657.5232425,True,
2026-07-13T12:40:34.198843+00:00,NIKKEI,high_volatility,123,False,-0.0012,3,-0.037,0.333,0.01,0.0244,3,0.828,0.667,mut-c1d5a1,1783914987.901319,True,
2026-07-13T12:40:38.131613+00:00,HSI,high_volatility,120,False,0.0351,5,0.663,0.6,0.01,0.0358,5,0.683,0.8,mut-2ee52d,1783915033.0050972,True,
2026-07-13T12:41:18.860211+00:00,SENSEX,trending_up,120,False,-0.0177,2,-7.753,0.0,0.01,,,,,,,True,
2026-07-13T12:41:22.917511+00:00,ASX200,ranging,126,False,-0.011,2,-1.226,0.0,0.01,,,,,,,True,
2026-07-13T12:41:27.092254+00:00,AAPL,high_volatility,124,False,0.0057,5,0.099,0.4,0.01,0.0057,5,0.099,0.4,mut-f99036,1783887777.721999,True,
2026-07-13T12:41:31.277701+00:00,MSFT,high_volatility,124,False,0.0047,6,0.07,0.5,0.0199,0.0047,6,0.07,0.5,mut-a0ebcb,1783887819.1685755,True,
2026-07-13T12:41:35.385920+00:00,NVDA,high_volatility,124,False,-0.0128,4,-0.306,0.25,0.01,,,,,,,True,
2026-07-13T12:42:16.169120+00:00,GOOGL,high_volatility,124,False,-0.0036,4,-0.089,0.5,0.01,0.0153,2,1.04,1.0,mut-25a67a,1783915151.7821808,True,
2026-07-13T12:43:08.270297+00:00,AMZN,high_volatility,124,False,0.0142,2,0.899,0.5,0.0,0.0149,2,0.989,0.5,mut-c75244,1783887874.0052235,True,
2026-07-13T12:43:45.936600+00:00,META,high_volatility,124,False,-0.0203,8,-0.246,0.25,0.0394,,,,,,,True,
2026-07-13T12:44:23.015431+00:00,TSLA,high_volatility,124,False,0.016,2,1.142,1.0,0.0,0.0236,4,0.569,0.75,mut-842635,1783887921.345828,True,
2026-07-13T12:44:57.737637+00:00,BRKB,trending_up,124,False,0.0107,2,0.551,0.5,0.0,0.0107,2,0.551,0.5,mut-b3b3f6,1783888008.384338,True,
2026-07-13T12:45:41.027196+00:00,LLY,high_volatility,124,False,0.0193,6,0.272,0.5,0.01,0.0193,6,0.272,0.5,mut-ada3e2,1783915238.5301852,True,
2026-07-13T12:46:24.107501+00:00,V,high_volatility,124,False,0.0033,3,0.108,0.333,0.01,0.0033,3,0.108,0.333,mut-3d12da,1783890545.2941115,True,
2026-07-13T12:47:04.976182+00:00,JPM,high_volatility,124,False,-0.0034,4,-0.083,0.5,0.0199,,,,,,,True,
2026-07-13T14:53:19.145070+00:00,EURUSD,trending_down,130,True,0.0439,4,1.485,0.75,0.0,0.0439,4,1.485,0.75,mut-7555eb,1783954398.9799159,True,
2026-07-13T14:54:57.412788+00:00,GBPUSD,ranging,130,False,-0.0269,4,-1.22,0.25,0.0297,0.0082,2,0.373,0.5,mut-fb31af,1783566744.03113,True,
2026-07-13T14:56:44.040830+00:00,USDJPY,trending_up,130,True,0.0116,5,0.205,0.6,0.0199,0.0116,5,0.205,0.6,mut-f60d6e,1783954603.8748915,True,
2026-07-13T14:57:49.634883+00:00,AUDUSD,trending_down,130,False,-0.0106,4,-0.261,0.25,0.0199,0.0249,3,0.86,0.667,mut-98eaf5,1783914281.4206808,True,
2026-07-13T14:58:24.668048+00:00,USDCAD,trending_up,130,False,0.0495,4,2.511,1.0,0.0,0.0513,4,3.096,1.0,mut-254bcb,1783914285.5527215,True,
2026-07-13T14:59:01.716709+00:00,USDCHF,trending_up,130,False,-0.0031,4,-0.077,0.5,0.0199,0.0426,3,11.006,1.0,mut-2f9add,1783954708.453984,True,
2026-07-13T14:59:05.585911+00:00,NZDUSD,ranging,130,True,0.0169,2,1.284,1.0,0.0,0.0169,2,1.284,1.0,mut-f60ad4,1783954745.4366424,True,
2026-07-13T14:59:40.174115+00:00,EURGBP,trending_down,130,False,0.0217,2,2.607,1.0,0.0,0.0233,2,3.449,1.0,mut-95dc66,1783889150.178541,True,
2026-07-13T14:59:44.060172+00:00,EURJPY,ranging,130,False,0.0005,1,0.0,1.0,0.0,0.0009,1,0.0,1.0,mut-eb4ccd,1783945839.223834,True,
2026-07-13T15:00:21.751594+00:00,GBPJPY,trending_up,130,False,-0.0097,2,-0.941,0.5,0.01,,,,,,,True,
2026-07-13T15:00:25.765042+00:00,XAUUSD,high_volatility,124,True,0.0496,6,0.801,0.667,0.01,0.0496,6,0.801,0.667,mut-fde6a7,1783954825.6198323,True,
2026-07-13T15:01:09.865564+00:00,USOIL,high_volatility,124,False,0.0007,3,0.023,0.333,0.01,0.0203,2,2.087,1.0,mut-44fc90,1783821407.0754356,True,
2026-07-13T15:01:52.894895+00:00,BTCUSD,high_volatility,182,False,0.0638,5,2.478,1.0,0.0,0.0607,5,1.893,0.8,mut-785457,1783821498.0682824,True,
2026-07-13T15:02:34.990572+00:00,ETHUSD,high_volatility,182,False,0.0059,8,0.064,0.5,0.0297,0.0257,6,0.373,0.667,mut-2314ee,1783914605.3009293,True,
2026-07-13T15:03:18.265914+00:00,SOLUSD,high_volatility,182,False,0.0,0,,,,0.0309,6,0.449,0.667,mut-bd0008,1783914609.8025947,True,
2026-07-13T15:03:59.593487+00:00,XRPUSD,high_volatility,182,False,0.0032,6,0.048,0.5,0.0199,0.0187,7,0.227,0.571,imm-22a4a9,1783914683.9155564,True,
2026-07-13T15:04:43.618726+00:00,BNBUSD,high_volatility,182,False,-0.0614,7,-3.648,0.0,0.0585,0.0104,5,0.185,0.6,imm-a3fc14,1783914688.6228325,True,
2026-07-13T15:05:26.316086+00:00,ADAUSD,high_volatility,182,False,-0.0044,9,-0.043,0.444,0.0394,0.0211,9,0.195,0.556,imm-9c2ee8,1783946183.972147,True,
2026-07-13T15:06:08.255439+00:00,SPX,trending_up,124,False,0.0,0,,,,0.0324,14,0.186,0.5,mut-6d1a7c,1783745009.4858105,True,
2026-07-13T15:06:47.373041+00:00,NASDAQ,ranging,124,False,0.0,0,,,,0.0177,11,0.132,0.455,mut-d84022,1783650806.8484473,True,
2026-07-13T15:07:25.326759+00:00,DJI,trending_up,124,False,-0.0199,2,-199.0,0.0,0.0199,0.0249,4,0.605,0.75,mut-4cf09f,1783889848.808815,True,
2026-07-13T15:08:02.968691+00:00,RUT,ranging,124,False,0.0,0,,,,0.0199,4,0.464,0.5,imm-2023df,1783955249.1965785,True,
2026-07-13T15:08:41.453840+00:00,VIX,high_volatility,125,False,-0.0313,7,-0.496,0.286,0.0347,,,,,,,True,
2026-07-13T15:08:45.477760+00:00,FTSE,ranging,126,False,0.0061,1,0.0,1.0,0.0,0.0038,3,0.122,0.333,mut-13c6ca,1783887611.8882253,True,
2026-07-13T15:09:23.453469+00:00,DAX,ranging,127,False,-0.0492,6,-2.277,0.0,0.049,0.0023,6,0.034,0.5,mut-4d8718,1783890046.0169656,True,
2026-07-13T15:10:01.664036+00:00,CAC40,ranging,127,False,0.0137,2,0.845,0.5,0.0,0.0137,2,0.845,0.5,mut-775ab1,1783955367.4747937,True,
2026-07-13T15:10:05.856515+00:00,NIKKEI,ranging,122,False,0.0026,3,0.085,0.333,0.01,0.0026,3,0.085,0.333,mut-5f3fc1,1783887672.1780016,True,
2026-07-13T15:10:48.688166+00:00,HSI,high_volatility,120,False,0.0352,4,0.792,0.75,0.01,0.0352,4,0.792,0.75,mut-744d4e,1783955409.693752,True,
2026-07-13T15:11:29.614039+00:00,SENSEX,trending_up,120,False,0.0,0,,,,,,,,,,True,
2026-07-13T15:11:33.602813+00:00,ASX200,ranging,125,False,-0.0247,3,-3.408,0.0,0.0199,,,,,,,True,
2026-07-13T15:11:37.684975+00:00,AAPL,high_volatility,124,False,0.0038,5,0.066,0.4,0.01,0.0057,5,0.099,0.4,mut-f99036,1783887777.721999,True,
2026-07-13T15:11:41.873607+00:00,MSFT,high_volatility,124,False,0.0,0,,,,0.0047,6,0.07,0.5,mut-a0ebcb,1783887819.1685755,True,
2026-07-13T15:12:22.739311+00:00,NVDA,high_volatility,124,False,-0.0272,4,-1.26,0.25,0.0297,,,,,,,True,
2026-07-13T15:13:00.184630+00:00,GOOGL,high_volatility,124,False,0.0118,5,0.211,0.6,0.01,0.0153,2,1.04,1.0,mut-25a67a,1783915151.7821808,True,
2026-07-13T15:13:41.448522+00:00,AMZN,high_volatility,124,False,0.0131,2,0.773,0.5,0.0,0.0149,2,0.989,0.5,mut-c75244,1783887874.0052235,True,
2026-07-13T15:13:45.795843+00:00,META,high_volatility,124,False,0.0,0,,,,,,,,,,True,
2026-07-13T15:14:24.445189+00:00,TSLA,high_volatility,124,False,0.0111,3,0.356,0.667,0.01,0.0236,4,0.569,0.75,mut-842635,1783887921.345828,True,
2026-07-13T15:15:03.823241+00:00,BRKB,trending_up,124,False,0.0,0,,,,0.0107,2,0.551,0.5,mut-b3b3f6,1783888008.384338,True,
2026-07-13T15:15:44.750189+00:00,LLY,high_volatility,124,False,0.0145,4,0.316,0.5,0.01,0.0193,6,0.272,0.5,mut-ada3e2,1783915238.5301852,True,
2026-07-13T15:15:48.879384+00:00,V,high_volatility,124,False,0.0,0,,,,0.0033,3,0.108,0.333,mut-3d12da,1783890545.2941115,True,
2026-07-13T15:15:53.159930+00:00,JPM,trending_up,124,False,-0.0199,2,-199.0,0.0,0.0199,,,,,,,True,
2026-07-13T19:41:32.901166+00:00,EURUSD,trending_down,130,False,0.0452,4,1.664,0.75,0.0,0.0452,4,1.664,0.75,mut-b8c9ee,1783971575.8722558,True,
2026-07-13T19:42:47.920595+00:00,GBPUSD,ranging,130,False,-0.0258,4,-1.082,0.25,0.0297,0.0082,2,0.373,0.5,mut-fb31af,1783566744.03113,True,
2026-07-13T19:44:00.179315+00:00,USDJPY,trending_up,130,False,0.0021,5,0.034,0.4,0.0199,0.0174,5,0.301,0.6,mut-ca8760,1783971771.8201172,True,
2026-07-13T19:45:07.400629+00:00,AUDUSD,trending_down,130,False,0.0262,3,0.971,0.667,0.0,0.0262,3,0.971,0.667,mut-08fe2b,1783971844.0964816,True,
2026-07-13T19:45:47.662110+00:00,USDCAD,trending_up,130,False,0.0508,4,2.903,1.0,0.0,0.0513,4,3.096,1.0,mut-254bcb,1783914285.5527215,True,
2026-07-13T19:46:27.493422+00:00,USDCHF,trending_up,130,True,0.0451,3,108.416,1.0,0.0,0.0451,3,108.416,1.0,mut-4ad71b,1783971987.3191102,True,
2026-07-13T19:47:07.589534+00:00,NZDUSD,trending_down,130,False,0.0,0,,,,0.0142,2,0.905,0.5,mut-4c0bc0,1783874455.5655234,True,
2026-07-13T19:47:43.510198+00:00,EURGBP,trending_down,130,False,0.0219,2,2.719,1.0,0.0,0.0233,2,3.449,1.0,mut-95dc66,1783889150.178541,True,
2026-07-13T19:48:21.105419+00:00,EURJPY,ranging,130,False,-0.0004,1,0.0,0.0,0.0,0.0009,1,0.0,1.0,mut-eb4ccd,1783945839.223834,True,
2026-07-13T19:49:00.438253+00:00,GBPJPY,ranging,130,False,-0.0003,4,-0.007,0.5,0.0199,,,,,,,True,
2026-07-13T19:49:39.085137+00:00,XAUUSD,high_volatility,124,False,0.0501,6,0.817,0.667,0.01,0.0501,6,0.817,0.667,mut-92339f,1783972144.2749653,True,
2026-07-13T19:50:16.651132+00:00,USOIL,high_volatility,124,False,-0.0032,3,-0.093,0.333,0.01,0.0203,2,2.087,1.0,mut-44fc90,1783821407.0754356,True,
2026-07-13T19:50:58.499028+00:00,BTCUSD,high_volatility,182,False,0.0392,5,0.791,0.8,0.01,0.0607,5,1.893,0.8,mut-785457,1783821498.0682824,True,
2026-07-13T19:51:44.865386+00:00,ETHUSD,high_volatility,182,True,0.0262,6,0.384,0.667,0.01,0.0262,6,0.384,0.667,imm-d0a14c,1783972304.6594412,True,
2026-07-13T19:52:26.643035+00:00,SOLUSD,high_volatility,182,False,-0.0172,7,-0.224,0.286,0.0199,0.0319,6,0.463,0.667,mut-9314b1,1783972309.1873102,True,
2026-07-13T19:53:09.730330+00:00,XRPUSD,high_volatility,182,True,0.0164,5,0.289,0.6,0.01,0.0164,5,0.289,0.6,mut-31d6c0,1783972389.532968,True,
2026-07-13T19:54:02.436752+00:00,BNBUSD,high_volatility,182,False,-0.0239,6,-0.436,0.333,0.0394,0.0104,5,0.185,0.6,imm-a3fc14,1783914688.6228325,True,
2026-07-13T19:54:41.867916+00:00,ADAUSD,high_volatility,182,False,0.0216,9,0.2,0.556,0.0199,0.0216,9,0.2,0.556,mut-0cf888,1783972446.8713706,True,
2026-07-13T19:55:20.753274+00:00,SPX,trending_up,124,False,-0.0011,2,-0.059,0.5,0.01,0.0324,14,0.186,0.5,mut-6d1a7c,1783745009.4858105,True,
2026-07-13T19:56:00.428943+00:00,NASDAQ,ranging,124,False,-0.0176,5,-0.362,0.2,0.0297,0.0177,11,0.132,0.455,mut-d84022,1783650806.8484473,True,
2026-07-13T19:56:35.374944+00:00,DJI,trending_up,124,False,0.0241,4,0.582,0.75,0.01,0.0249,4,0.605,0.75,mut-4cf09f,1783889848.808815,True,
2026-07-13T19:57:11.550664+00:00,RUT,ranging,124,False,-0.0095,4,-0.234,0.25,0.0199,0.0199,4,0.464,0.5,imm-2023df,1783955249.1965785,True,
2026-07-13T19:57:46.378592+00:00,VIX,high_volatility,125,False,0.0,0,,,,,,,,,,True,
2026-07-13T19:57:50.351495+00:00,FTSE,ranging,126,False,-0.0203,3,-1.503,0.0,0.0199,0.0038,3,0.122,0.333,mut-13c6ca,1783887611.8882253,True,
2026-07-13T19:58:26.266337+00:00,DAX,ranging,127,False,0.0015,3,0.046,0.333,0.01,0.0023,6,0.034,0.5,mut-4d8718,1783890046.0169656,True,
2026-07-13T19:59:04.446565+00:00,CAC40,ranging,127,False,0.0141,2,0.883,0.5,0.0,0.0141,2,0.883,0.5,mut-d02f92,1783972710.5198343,True,
2026-07-13T19:59:42.548237+00:00,NIKKEI,ranging,122,False,0.0026,3,0.085,0.333,0.01,0.0026,3,0.085,0.333,mut-5f3fc1,1783887672.1780016,True,
2026-07-13T20:00:22.587976+00:00,HSI,high_volatility,119,False,0.0249,5,0.4,0.6,0.01,0.0352,4,0.792,0.75,mut-744d4e,1783955409.693752,True,
2026-07-13T20:00:26.490968+00:00,SENSEX,trending_up,119,False,-0.01,1,0.0,0.0,0.01,,,,,,,True,
2026-07-13T20:00:30.607332+00:00,ASX200,ranging,125,False,-0.0109,2,-1.197,0.0,0.01,,,,,,,True,
2026-07-13T20:00:34.638380+00:00,AAPL,high_volatility,123,False,0.0045,5,0.077,0.4,0.01,0.0057,5,0.099,0.4,mut-f99036,1783887777.721999,True,
2026-07-13T20:01:15.713112+00:00,MSFT,high_volatility,123,False,0.0223,7,0.271,0.571,0.01,0.0223,7,0.271,0.571,mut-4e19b5,1783972838.6352384,True,
2026-07-13T20:01:59.707086+00:00,NVDA,high_volatility,123,False,-0.0081,4,-0.199,0.25,0.01,,,,,,,True,
2026-07-13T20:02:39.915674+00:00,GOOGL,high_volatility,123,False,0.0124,5,0.222,0.6,0.01,0.0153,2,1.04,1.0,mut-25a67a,1783915151.7821808,True,
2026-07-13T20:03:21.116841+00:00,AMZN,high_volatility,123,False,0.0,0,,,,0.0149,2,0.989,0.5,mut-c75244,1783887874.0052235,True,
2026-07-13T20:03:25.390511+00:00,META,high_volatility,123,False,-0.0227,8,-0.277,0.25,0.0394,,,,,,,True,
2026-07-13T20:04:06.349184+00:00,TSLA,high_volatility,123,False,-0.0125,2,-1.651,0.0,0.01,0.0236,4,0.569,0.75,mut-842635,1783887921.345828,True,
2026-07-13T20:04:10.576075+00:00,BRKB,trending_up,123,False,-0.0102,4,-0.252,0.25,0.0199,0.0107,2,0.551,0.5,mut-b3b3f6,1783888008.384338,True,
2026-07-13T20:04:52.725579+00:00,LLY,high_volatility,123,False,-0.033,4,-2.878,0.0,0.0297,0.0193,6,0.272,0.5,mut-ada3e2,1783915238.5301852,True,
2026-07-13T20:05:33.570101+00:00,V,high_volatility,123,False,0.0,0,,,,0.0033,3,0.108,0.333,mut-3d12da,1783890545.2941115,True,
2026-07-13T20:05:37.871026+00:00,JPM,trending_up,123,True,0.0054,3,0.177,0.667,0.01,0.0054,3,0.177,0.667,imm-f41dd4,1783973137.6882892,True,
2026-07-14T03:17:40.505570+00:00,EURUSD,trending_down,130,False,0.0291,3,1.267,0.667,0.0,0.0452,4,1.664,0.75,mut-b8c9ee,1783971575.8722558,True,
2026-07-14T03:18:54.560942+00:00,GBPUSD,ranging,130,False,0.0011,3,0.034,0.333,0.01,0.0082,2,0.373,0.5,mut-fb31af,1783566744.03113,True,
2026-07-14T03:20:06.926001+00:00,USDJPY,trending_up,130,False,0.0,0,,,,0.0174,5,0.301,0.6,mut-ca8760,1783971771.8201172,True,
2026-07-14T03:20:11.028977+00:00,AUDUSD,trending_down,130,False,-0.011,3,-0.411,0.333,0.0199,0.0262,3,0.971,0.667,mut-08fe2b,1783971844.0964816,True,
2026-07-14T03:21:32.354976+00:00,USDCAD,ranging,130,False,0.0032,1,0.0,1.0,0.0,0.0057,1,0.0,1.0,mut-ca35db,1783999215.0856946,True,
2026-07-14T03:22:13.702240+00:00,USDCHF,trending_up,130,False,0.0,0,,,,0.0451,3,108.416,1.0,mut-4ad71b,1783971987.3191102,True,
2026-07-14T03:22:17.660123+00:00,NZDUSD,ranging,130,True,0.0136,2,0.824,0.5,0.0,0.0136,2,0.824,0.5,mut-3fcd3d,1783999337.5030158,True,
2026-07-14T03:22:56.217831+00:00,EURGBP,trending_down,130,False,0.0213,2,2.467,1.0,0.0,0.0233,2,3.449,1.0,mut-95dc66,1783889150.178541,True,
2026-07-14T03:23:00.231313+00:00,EURJPY,ranging,130,False,-0.0001,1,0.0,0.0,0.0,0.0009,1,0.0,1.0,mut-eb4ccd,1783945839.223834,True,
2026-07-14T03:23:37.342584+00:00,GBPJPY,ranging,130,False,-0.0006,4,-0.014,0.5,0.0199,,,,,,,True,
2026-07-14T03:23:41.442887+00:00,XAUUSD,high_volatility,124,False,0.0492,6,0.792,0.667,0.01,0.0501,6,0.817,0.667,mut-92339f,1783972144.2749653,True,
2026-07-14T03:24:17.321953+00:00,USOIL,high_volatility,124,False,-0.0052,4,-0.128,0.25,0.01,0.0203,2,2.087,1.0,mut-44fc90,1783821407.0754356,True,
2026-07-14T03:24:54.749047+00:00,BTCUSD,high_volatility,181,False,0.0492,4,2.421,1.0,0.0,0.0607,5,1.893,0.8,mut-785457,1783821498.0682824,True,
2026-07-14T03:25:33.760459+00:00,ETHUSD,high_volatility,181,False,0.026,6,0.38,0.667,0.01,0.0262,6,0.384,0.667,imm-d0a14c,1783972304.6594412,True,
2026-07-14T03:26:15.162410+00:00,SOLUSD,high_volatility,181,False,-0.0177,7,-0.23,0.286,0.0199,0.0319,6,0.463,0.667,mut-9314b1,1783972309.1873102,True,
2026-07-14T03:26:51.836093+00:00,XRPUSD,high_volatility,181,True,0.0261,7,0.309,0.571,0.01,0.0261,7,0.309,0.571,imm-36e2ef,1783999611.6268427,True,
2026-07-14T03:27:30.305382+00:00,BNBUSD,high_volatility,181,False,-0.0242,6,-0.443,0.333,0.0394,0.0104,5,0.185,0.6,imm-a3fc14,1783914688.6228325,True,
2026-07-14T03:28:05.934889+00:00,ADAUSD,high_volatility,181,True,0.0223,9,0.206,0.556,0.0199,0.0223,9,0.206,0.556,imm-dc65eb,1783999685.6475992,True,
2026-07-14T03:28:09.936563+00:00,SPX,trending_up,123,False,-0.0012,2,-0.064,0.5,0.01,0.0324,14,0.186,0.5,mut-6d1a7c,1783745009.4858105,True,
2026-07-14T03:28:14.175270+00:00,NASDAQ,ranging,123,False,0.0,0,,,,0.0177,11,0.132,0.455,mut-d84022,1783650806.8484473,True,
2026-07-14T03:28:18.258930+00:00,DJI,trending_up,123,False,0.024,4,0.58,0.75,0.01,0.0249,4,0.605,0.75,mut-4cf09f,1783889848.808815,True,
2026-07-14T03:28:52.930642+00:00,RUT,ranging,123,False,0.0189,4,0.438,0.5,0.01,0.0199,4,0.464,0.5,imm-2023df,1783955249.1965785,True,
2026-07-14T03:29:31.355798+00:00,VIX,high_volatility,125,False,-0.0327,7,-0.526,0.286,0.0347,,,,,,,True,
2026-07-14T03:30:06.133657+00:00,FTSE,ranging,126,False,-0.0099,2,-0.989,0.5,0.01,0.0038,3,0.122,0.333,mut-13c6ca,1783887611.8882253,True,
2026-07-14T03:30:49.378909+00:00,DAX,ranging,127,False,-0.0199,2,-199.0,0.0,0.0199,0.0023,6,0.034,0.5,mut-4d8718,1783890046.0169656,True,
2026-07-14T03:31:32.040673+00:00,CAC40,ranging,127,False,0.0141,2,0.883,0.5,0.0,0.0141,2,0.883,0.5,mut-d02f92,1783972710.5198343,True,
2026-07-14T03:31:36.030463+00:00,NIKKEI,high_volatility,123,False,0.0,0,,,,0.0244,3,0.828,0.667,mut-c1d5a1,1783914987.901319,True,
2026-07-14T03:31:40.036766+00:00,HSI,high_volatility,120,False,0.0249,5,0.4,0.6,0.01,0.0352,4,0.792,0.75,mut-744d4e,1783955409.693752,True,
2026-07-14T03:31:43.989150+00:00,SENSEX,trending_up,120,False,-0.01,1,0.0,0.0,0.01,,,,,,,True,
2026-07-14T03:31:48.141464+00:00,ASX200,ranging,126,False,-0.0077,2,-0.621,0.5,0.01,,,,,,,True,
2026-07-14T03:32:27.999277+00:00,AAPL,high_volatility,123,False,0.0045,5,0.077,0.4,0.01,0.0057,5,0.099,0.4,mut-f99036,1783887777.721999,True,
2026-07-14T03:33:06.121045+00:00,MSFT,high_volatility,123,False,0.0223,7,0.271,0.571,0.01,0.0223,7,0.271,0.571,mut-4e19b5,1783972838.6352384,True,
2026-07-14T03:33:10.177669+00:00,NVDA,high_volatility,123,False,0.0,0,,,,,,,,,,True,
2026-07-14T03:33:49.592022+00:00,GOOGL,high_volatility,123,False,0.0138,5,0.245,0.6,0.01,0.0153,2,1.04,1.0,mut-25a67a,1783915151.7821808,True,
2026-07-14T03:34:31.257502+00:00,AMZN,high_volatility,123,False,0.0141,2,0.884,0.5,0.0,0.0149,2,0.989,0.5,mut-c75244,1783887874.0052235,True,
2026-07-14T03:34:35.538957+00:00,META,high_volatility,123,False,-0.0227,8,-0.277,0.25,0.0394,,,,,,,True,
2026-07-14T03:35:15.679413+00:00,TSLA,high_volatility,123,False,-0.0125,2,-1.651,0.0,0.01,0.0236,4,0.569,0.75,mut-842635,1783887921.345828,True,
2026-07-14T03:35:19.733985+00:00,BRKB,trending_up,123,False,0.0,0,,,,0.0107,2,0.551,0.5,mut-b3b3f6,1783888008.384338,True,
2026-07-14T03:35:56.103566+00:00,LLY,high_volatility,123,False,0.0135,4,0.289,0.5,0.01,0.0193,6,0.272,0.5,mut-ada3e2,1783915238.5301852,True,
2026-07-14T03:36:00.376464+00:00,V,high_volatility,123,True,0.0096,3,0.314,0.667,0.01,0.0096,3,0.314,0.667,mut-e301c6,1784000160.1911938,True,
2026-07-14T03:36:04.686319+00:00,JPM,trending_up,123,False,0.0,0,,,,0.0054,3,0.177,0.667,imm-f41dd4,1783973137.6882892,True,
2026-07-14T08:22:57.251660+00:00,EURUSD,trending_down,130,False,0.0287,3,1.222,0.667,0.0,0.0452,4,1.664,0.75,mut-b8c9ee,1783971575.8722558,True,
2026-07-14T08:23:01.258187+00:00,GBPUSD,ranging,130,False,0.0011,3,0.034,0.333,0.01,0.0082,2,0.373,0.5,mut-fb31af,1783566744.03113,True,
2026-07-14T08:24:14.321298+00:00,USDJPY,trending_up,130,False,0.0,0,,,,0.0401,3,5.465,1.0,mut-fe93e0,1784017385.3134413,True,
2026-07-14T08:25:31.517681+00:00,AUDUSD,trending_down,130,True,0.0357,3,2.634,1.0,0.0,0.0357,3,2.634,1.0,mut-d1fc41,1784017531.3360703,True,
2026-07-14T08:26:46.546390+00:00,USDCAD,ranging,130,False,0.0076,1,0.0,1.0,0.0,0.0079,1,0.0,1.0,mut-7d7a26,1784017535.4437988,True,
2026-07-14T08:27:25.545285+00:00,USDCHF,trending_up,130,False,-0.0297,3,-121.863,0.0,0.0297,0.0451,3,108.416,1.0,mut-4ad71b,1783971987.3191102,True,
2026-07-14T08:27:29.452720+00:00,NZDUSD,ranging,130,False,0.0132,2,0.782,0.5,0.0,0.0136,2,0.824,0.5,mut-3fcd3d,1783999337.5030158,True,
2026-07-14T08:28:03.441627+00:00,EURGBP,trending_down,130,False,0.0207,2,2.241,1.0,0.0,0.0233,2,3.449,1.0,mut-95dc66,1783889150.178541,True,
2026-07-14T08:28:38.800557+00:00,EURJPY,ranging,130,False,-0.0006,1,0.0,0.0,0.0,0.0009,1,0.0,1.0,mut-eb4ccd,1783945839.223834,True,
2026-07-14T08:28:42.717380+00:00,GBPJPY,ranging,130,False,-0.0052,2,-0.352,0.5,0.01,,,,,,,True,
2026-07-14T08:28:46.666591+00:00,XAUUSD,high_volatility,124,False,0.0,0,,,,0.0501,6,0.817,0.667,mut-92339f,1783972144.2749653,True,
2026-07-14T08:29:23.583542+00:00,USOIL,high_volatility,124,False,0.0107,2,0.557,0.5,0.0,0.0203,2,2.087,1.0,mut-44fc90,1783821407.0754356,True,
2026-07-14T08:30:01.335229+00:00,BTCUSD,high_volatility,181,False,0.0651,5,2.802,1.0,0.0,0.0607,5,1.893,0.8,mut-785457,1783821498.0682824,True,
2026-07-14T08:30:46.756726+00:00,ETHUSD,high_volatility,181,False,0.0056,8,0.06,0.5,0.0297,0.0262,6,0.384,0.667,imm-d0a14c,1783972304.6594412,True,
2026-07-14T08:31:34.922794+00:00,SOLUSD,high_volatility,181,False,-0.0173,7,-0.225,0.286,0.0199,0.0321,6,0.465,0.667,mut-686c2a,1784017851.0391219,True,
2026-07-14T08:32:17.027996+00:00,XRPUSD,high_volatility,181,False,0.0,0,,,,0.0261,7,0.309,0.571,imm-36e2ef,1783999611.6268427,True,
2026-07-14T08:32:58.643281+00:00,BNBUSD,high_volatility,181,False,-0.0481,6,-2.017,0.167,0.049,0.0104,5,0.185,0.6,imm-a3fc14,1783914688.6228325,True,
2026-07-14T08:33:38.759761+00:00,ADAUSD,high_volatility,181,False,0.0,0,,,,0.0268,11,0.204,0.545,imm-144bab,1784017983.0560126,True,
2026-07-14T08:34:16.713094+00:00,SPX,trending_up,123,False,-0.0361,4,-5.917,0.0,0.0297,0.0324,14,0.186,0.5,mut-6d1a7c,1783745009.4858105,True,
2026-07-14T08:34:20.879399+00:00,NASDAQ,ranging,123,False,0.0,0,,,,0.0177,11,0.132,0.455,mut-d84022,1783650806.8484473,True,
2026-07-14T08:34:24.857760+00:00,DJI,trending_up,123,False,0.024,4,0.58,0.75,0.01,0.0249,4,0.605,0.75,mut-4cf09f,1783889848.808815,True,
2026-07-14T08:35:05.897587+00:00,RUT,ranging,123,False,0.0189,4,0.438,0.5,0.01,0.0199,4,0.464,0.5,imm-2023df,1783955249.1965785,True,
2026-07-14T08:35:43.916088+00:00,VIX,high_volatility,125,False,-0.0425,8,-0.634,0.25,0.0444,,,,,,,True,
2026-07-14T08:36:20.573649+00:00,FTSE,ranging,126,False,0.0023,1,0.0,1.0,0.0,0.0038,3,0.122,0.333,mut-13c6ca,1783887611.8882253,True,
2026-07-14T08:36:24.570192+00:00,DAX,ranging,127,False,-0.0211,3,-1.692,0.0,0.0199,0.0023,6,0.034,0.5,mut-4d8718,1783890046.0169656,True,
2026-07-14T08:37:04.683315+00:00,CAC40,ranging,127,False,-0.0215,4,-0.684,0.25,0.0297,0.0141,2,0.883,0.5,mut-d02f92,1783972710.5198343,True,
2026-07-14T08:37:45.079876+00:00,NIKKEI,high_volatility,123,False,0.0005,3,0.017,0.333,0.01,0.0244,3,0.828,0.667,mut-c1d5a1,1783914987.901319,True,
2026-07-14T08:37:49.139431+00:00,HSI,high_volatility,120,False,0.0249,5,0.4,0.6,0.01,0.0352,4,0.792,0.75,mut-744d4e,1783955409.693752,True,
2026-07-14T08:38:26.277258+00:00,SENSEX,ranging,120,False,0.0,0,,,,,,,,,,True,
2026-07-14T08:38:30.339141+00:00,ASX200,ranging,126,False,-0.0096,2,-0.93,0.5,0.01,,,,,,,True,
2026-07-14T08:39:08.277908+00:00,AAPL,high_volatility,123,False,0.0045,5,0.077,0.4,0.01,0.0057,5,0.099,0.4,mut-f99036,1783887777.721999,True,
2026-07-14T08:39:43.671989+00:00,MSFT,high_volatility,123,False,0.0223,7,0.271,0.571,0.01,0.0223,7,0.271,0.571,mut-4e19b5,1783972838.6352384,True,
2026-07-14T08:39:47.720226+00:00,NVDA,high_volatility,123,False,-0.0243,4,-0.914,0.25,0.0297,,,,,,,True,
2026-07-14T08:40:29.316174+00:00,GOOGL,high_volatility,123,False,0.0131,5,0.234,0.6,0.01,0.0153,2,1.04,1.0,mut-25a67a,1783915151.7821808,True,
2026-07-14T08:41:11.616356+00:00,AMZN,high_volatility,123,False,0.0141,2,0.884,0.5,0.0,0.0149,2,0.989,0.5,mut-c75244,1783887874.0052235,True,
2026-07-14T08:41:15.871128+00:00,META,high_volatility,123,False,0.0,0,,,,,,,,,,True,
2026-07-14T08:41:53.557734+00:00,TSLA,high_volatility,123,False,-0.0106,5,-0.21,0.4,0.0199,0.0236,4,0.569,0.75,mut-842635,1783887921.345828,True,
2026-07-14T08:41:57.649271+00:00,BRKB,trending_up,123,False,-0.0103,4,-0.253,0.25,0.0199,0.0107,2,0.551,0.5,mut-b3b3f6,1783888008.384338,True,
2026-07-14T08:42:32.866723+00:00,LLY,high_volatility,123,False,-0.01,1,0.0,0.0,0.01,0.0193,6,0.272,0.5,mut-ada3e2,1783915238.5301852,True,
2026-07-14T08:43:04.573582+00:00,V,high_volatility,123,False,0.0,0,,,,0.0096,3,0.314,0.667,mut-e301c6,1784000160.1911938,True,
2026-07-14T08:43:39.988949+00:00,JPM,trending_up,123,True,0.0054,3,0.178,0.667,0.01,0.0054,3,0.178,0.667,mut-7b2788,1784018619.7220297,True,
2026-07-14T14:03:42.039036+00:00,EURUSD,trending_down,130,False,0.0246,3,0.836,0.667,0.0,0.0452,4,1.664,0.75,mut-b8c9ee,1783971575.8722558,True,
2026-07-14T14:03:45.958446+00:00,GBPUSD,ranging,130,False,0.0049,3,0.156,0.333,0.01,0.0082,2,0.373,0.5,mut-fb31af,1783566744.03113,True,
2026-07-14T14:03:49.965926+00:00,USDJPY,ranging,130,True,0.0348,3,2.348,1.0,0.0,0.0348,3,2.348,1.0,mut-ef52fc,1784037829.8344784,True,
2026-07-14T14:03:53.844495+00:00,AUDUSD,trending_down,130,False,-0.0166,3,-0.885,0.333,0.0199,0.0357,3,2.634,1.0,mut-d1fc41,1784017531.3360703,True,
2026-07-14T14:05:16.009992+00:00,USDCAD,ranging,130,True,0.0002,2,0.011,0.5,0.01,0.0002,2,0.011,0.5,mut-9e55b4,1784037915.6053603,True,
2026-07-14T14:06:34.056453+00:00,USDCHF,trending_up,130,False,-0.01,1,0.0,0.0,0.01,0.0451,3,108.416,1.0,mut-4ad71b,1783971987.3191102,True,
2026-07-14T14:06:37.877747+00:00,NZDUSD,ranging,130,False,0.0106,2,0.547,0.5,0.0,0.0136,2,0.824,0.5,mut-3fcd3d,1783999337.5030158,True,
2026-07-14T14:06:41.798969+00:00,EURGBP,trending_down,130,False,0.0198,2,1.929,1.0,0.0,0.0233,2,3.449,1.0,mut-95dc66,1783889150.178541,True,
2026-07-14T14:06:45.675955+00:00,EURJPY,ranging,130,False,-0.008,4,-0.198,0.25,0.01,0.0009,1,0.0,1.0,mut-eb4ccd,1783945839.223834,True,
2026-07-14T14:08:03.731708+00:00,GBPJPY,ranging,130,True,0.0008,4,0.02,0.5,0.0199,0.0008,4,0.02,0.5,mut-2269fc,1784038083.5193317,True,
2026-07-14T14:08:07.769302+00:00,XAUUSD,high_volatility,124,False,0.0,0,,,,0.0501,6,0.817,0.667,mut-92339f,1783972144.2749653,True,
2026-07-14T14:08:44.005455+00:00,USOIL,high_volatility,124,False,0.0111,2,0.589,0.5,0.0,0.0203,2,2.087,1.0,mut-44fc90,1783821407.0754356,True,
2026-07-14T14:09:23.047067+00:00,BTCUSD,high_volatility,182,False,0.0617,5,2.055,1.0,0.0,0.0607,5,1.893,0.8,mut-785457,1783821498.0682824,True,
2026-07-14T14:10:02.182099+00:00,ETHUSD,high_volatility,182,False,0.0115,8,0.121,0.5,0.0297,0.0262,6,0.384,0.667,imm-d0a14c,1783972304.6594412,True,
2026-07-14T14:10:45.204728+00:00,SOLUSD,high_volatility,182,False,0.0297,6,0.432,0.667,0.0199,0.0321,6,0.465,0.667,mut-686c2a,1784017851.0391219,True,
2026-07-14T14:11:26.428016+00:00,XRPUSD,high_volatility,182,False,0.0012,6,0.018,0.5,0.0199,0.0261,7,0.309,0.571,imm-36e2ef,1783999611.6268427,True,
2026-07-14T14:12:05.200183+00:00,BNBUSD,high_volatility,182,False,-0.0352,5,-1.254,0.2,0.0394,0.0104,5,0.185,0.6,imm-a3fc14,1783914688.6228325,True,
2026-07-14T14:12:45.845952+00:00,ADAUSD,high_volatility,182,False,0.0202,9,0.187,0.556,0.0199,0.0268,11,0.204,0.545,imm-144bab,1784017983.0560126,True,
2026-07-14T14:12:49.727115+00:00,SPX,ranging,124,False,-0.0202,4,-0.602,0.25,0.0297,,,,,,,True,
2026-07-14T14:13:28.568451+00:00,NASDAQ,trending_down,124,False,0.0,0,,,,,,,,,,True,
2026-07-14T14:13:32.578495+00:00,DJI,trending_up,124,False,0.0093,3,0.306,0.667,0.01,0.0249,4,0.605,0.75,mut-4cf09f,1783889848.808815,True,
2026-07-14T14:14:10.827681+00:00,RUT,ranging,124,False,-0.0275,4,-1.317,0.25,0.0297,0.0199,4,0.464,0.5,imm-2023df,1783955249.1965785,True,
2026-07-14T14:14:14.913154+00:00,VIX,high_volatility,125,False,-0.0411,8,-0.601,0.25,0.0444,,,,,,,True,
2026-07-14T14:14:55.192490+00:00,FTSE,ranging,126,False,0.0056,1,0.0,1.0,0.0,0.0038,3,0.122,0.333,mut-13c6ca,1783887611.8882253,True,
2026-07-14T14:14:59.212553+00:00,DAX,ranging,127,False,-0.0231,3,-2.404,0.0,0.0199,0.0023,6,0.034,0.5,mut-4d8718,1783890046.0169656,True,
2026-07-14T14:15:03.269577+00:00,CAC40,ranging,127,False,0.0,0,,,,0.0141,2,0.883,0.5,mut-d02f92,1783972710.5198343,True,
2026-07-14T14:15:46.308982+00:00,NIKKEI,high_volatility,123,False,0.0005,3,0.017,0.333,0.01,0.0244,3,0.828,0.667,mut-c1d5a1,1783914987.901319,True,
2026-07-14T14:15:50.297748+00:00,HSI,high_volatility,120,False,0.0,0,,,,0.0352,4,0.792,0.75,mut-744d4e,1783955409.693752,True,
2026-07-14T14:16:30.306971+00:00,SENSEX,ranging,120,False,-0.0118,2,-1.438,0.0,0.01,0.001,3,0.03,0.333,mut-dddd39,1784038554.1117454,True,
2026-07-14T14:17:12.479519+00:00,ASX200,ranging,125,False,-0.0123,2,-1.608,0.0,0.01,,,,,,,True,
2026-07-14T14:17:16.514452+00:00,AAPL,high_volatility,124,False,-0.0254,6,-0.46,0.167,0.0297,0.0057,5,0.099,0.4,mut-f99036,1783887777.721999,True,
2026-07-14T14:17:20.644552+00:00,MSFT,high_volatility,124,False,0.0191,7,0.234,0.571,0.01,0.0223,7,0.271,0.571,mut-4e19b5,1783972838.6352384,True,
2026-07-14T14:17:56.502219+00:00,NVDA,high_volatility,124,False,0.0,0,,,,0.017,2,1.312,1.0,mut-9c7f47,1784038644.4815805,True,
2026-07-14T14:18:37.763674+00:00,GOOGL,high_volatility,124,False,0.032,3,1.7,1.0,0.0,0.032,3,1.7,1.0,mut-081fee,1784038680.322393,True,
2026-07-14T14:18:41.723286+00:00,AMZN,high_volatility,124,False,-0.0174,5,-0.366,0.2,0.0297,0.0149,2,0.989,0.5,mut-c75244,1783887874.0052235,True,
2026-07-14T14:18:45.918569+00:00,META,high_volatility,124,False,-0.0029,4,-0.071,0.5,0.0199,,,,,,,True,
2026-07-14T14:19:24.937592+00:00,TSLA,high_volatility,124,False,0.0128,3,0.402,0.667,0.01,0.0236,4,0.569,0.75,mut-842635,1783887921.345828,True,
2026-07-14T14:19:28.983354+00:00,BRKB,ranging,124,False,-0.0211,3,-1.708,0.0,0.0199,,,,,,,True,
2026-07-14T14:19:33.113502+00:00,LLY,high_volatility,124,False,-0.0104,7,-0.138,0.286,0.0297,0.0193,6,0.272,0.5,mut-ada3e2,1783915238.5301852,True,
2026-07-14T14:19:37.076911+00:00,V,high_volatility,124,False,0.0038,6,0.056,0.5,0.01,0.0096,3,0.314,0.667,mut-e301c6,1784000160.1911938,True,
2026-07-14T14:20:15.007399+00:00,JPM,trending_up,124,False,0.015,3,0.465,0.667,0.01,0.015,3,0.465,0.667,imm-1e8a8f,1784038781.3390405,True,
2026-07-14T19:38:25.342487+00:00,EURUSD,trending_down,130,False,0.0268,3,1.021,0.667,0.0,0.0452,4,1.664,0.75,mut-b8c9ee,1783971575.8722558,True,
2026-07-14T19:38:29.307100+00:00,GBPUSD,ranging,130,False,0.0029,3,0.094,0.333,0.01,0.0082,2,0.373,0.5,mut-fb31af,1783566744.03113,True,
2026-07-14T19:39:44.356139+00:00,USDJPY,trending_up,130,False,0.0,0,,,,0.0401,3,5.465,1.0,mut-fe93e0,1784017385.3134413,True,
2026-07-14T19:41:35.818345+00:00,AUDUSD,trending_down,130,False,0.0199,3,0.554,0.667,0.01,0.0357,3,2.634,1.0,mut-d1fc41,1784017531.3360703,True,
2026-07-14T19:41:39.862106+00:00,USDCAD,ranging,130,False,-0.0007,2,-0.034,0.5,0.01,0.0002,2,0.011,0.5,mut-9e55b4,1784037915.6053603,True,
2026-07-14T19:43:30.204203+00:00,USDCHF,trending_up,130,False,0.0,0,,,,0.0451,3,108.416,1.0,mut-4ad71b,1783971987.3191102,True,
2026-07-14T19:44:46.342386+00:00,NZDUSD,ranging,130,False,0.0044,5,0.075,0.4,0.01,0.0136,2,0.824,0.5,mut-3fcd3d,1783999337.5030158,True,
2026-07-14T19:46:11.756427+00:00,EURGBP,trending_down,130,False,0.0205,2,2.173,1.0,0.0,0.0233,2,3.449,1.0,mut-95dc66,1783889150.178541,True,
2026-07-14T19:48:02.485704+00:00,EURJPY,ranging,130,False,0.0012,1,0.0,1.0,0.0,0.0012,1,0.0,1.0,mut-bd60d1,1784058375.6164644,True,
2026-07-14T19:48:40.844359+00:00,GBPJPY,ranging,130,False,0.0005,4,0.011,0.5,0.0199,0.0008,4,0.02,0.5,mut-2269fc,1784038083.5193317,True,
2026-07-14T19:49:23.082949+00:00,XAUUSD,high_volatility,124,False,0.0,0,,,,0.0501,6,0.817,0.667,mut-92339f,1783972144.2749653,True,
2026-07-14T19:50:04.743171+00:00,USOIL,high_volatility,124,False,0.0112,2,0.594,0.5,0.0,0.0203,2,2.087,1.0,mut-44fc90,1783821407.0754356,True,
2026-07-14T19:50:45.991223+00:00,BTCUSD,high_volatility,182,False,0.044,4,1.5,0.75,0.0,0.0607,5,1.893,0.8,mut-785457,1783821498.0682824,True,
2026-07-14T19:51:26.608836+00:00,ETHUSD,high_volatility,182,False,0.0227,7,0.271,0.571,0.0297,0.0262,6,0.384,0.667,imm-d0a14c,1783972304.6594412,True,
2026-07-14T19:52:06.001878+00:00,SOLUSD,high_volatility,182,False,0.0292,6,0.424,0.667,0.0199,0.0321,6,0.465,0.667,mut-686c2a,1784017851.0391219,True,
2026-07-14T19:52:47.120524+00:00,XRPUSD,high_volatility,182,False,0.0195,7,0.238,0.571,0.01,0.0261,7,0.309,0.571,imm-36e2ef,1783999611.6268427,True,
2026-07-14T19:53:28.090233+00:00,BNBUSD,high_volatility,182,False,0.0,0,,,,0.0104,5,0.185,0.6,imm-a3fc14,1783914688.6228325,True,
2026-07-14T19:54:06.518363+00:00,ADAUSD,high_volatility,182,False,0.0189,9,0.174,0.444,0.0199,0.0268,11,0.204,0.545,imm-144bab,1784017983.0560126,True,
2026-07-14T19:54:10.492972+00:00,SPX,ranging,124,False,-0.009,3,-0.304,0.333,0.0199,,,,,,,True,
2026-07-14T19:54:14.630522+00:00,NASDAQ,trending_down,124,False,-0.0341,4,-3.587,0.0,0.0297,,,,,,,True,
2026-07-14T19:54:54.576001+00:00,DJI,trending_up,124,False,0.0243,4,0.588,0.75,0.01,0.0249,4,0.605,0.75,mut-4cf09f,1783889848.808815,True,
2026-07-14T19:55:35.458410+00:00,RUT,ranging,124,False,-0.0475,6,-1.879,0.167,0.049,0.0199,4,0.464,0.5,imm-2023df,1783955249.1965785,True,
2026-07-14T19:56:15.535759+00:00,VIX,high_volatility,125,False,-0.0412,8,-0.604,0.25,0.0444,,,,,,,True,
2026-07-14T19:56:19.640825+00:00,FTSE,ranging,126,False,0.0053,1,0.0,1.0,0.0,0.0038,3,0.122,0.333,mut-13c6ca,1783887611.8882253,True,
2026-07-14T19:56:23.666331+00:00,DAX,ranging,127,False,-0.0237,3,-2.727,0.0,0.0199,0.0023,6,0.034,0.5,mut-4d8718,1783890046.0169656,True,
2026-07-14T19:56:27.812791+00:00,CAC40,ranging,127,False,0.0,0,,,,0.0141,2,0.883,0.5,mut-d02f92,1783972710.5198343,True,
2026-07-14T19:56:31.959326+00:00,NIKKEI,high_volatility,122,False,-0.0008,3,-0.024,0.333,0.01,0.0244,3,0.828,0.667,mut-c1d5a1,1783914987.901319,True,
2026-07-14T19:56:35.982020+00:00,HSI,high_volatility,119,False,0.0352,4,0.792,0.75,0.01,0.0352,4,0.792,0.75,mut-744d4e,1783955409.693752,True,
2026-07-14T19:57:14.758195+00:00,SENSEX,trending_up,119,False,-0.003,3,-0.088,0.333,0.01,,,,,,,True,
2026-07-14T19:57:18.770489+00:00,ASX200,ranging,125,False,-0.0096,2,-0.93,0.5,0.01,,,,,,,True,
2026-07-14T19:57:22.840170+00:00,AAPL,high_volatility,124,False,-0.0502,6,-2.602,0.0,0.049,0.0057,5,0.099,0.4,mut-f99036,1783887777.721999,True,
2026-07-14T19:57:27.020740+00:00,MSFT,high_volatility,124,False,0.0192,7,0.236,0.571,0.01,0.0223,7,0.271,0.571,mut-4e19b5,1783972838.6352384,True,
2026-07-14T19:58:04.892213+00:00,NVDA,high_volatility,124,True,0.0128,2,0.74,0.5,0.0,0.0128,2,0.74,0.5,mut-361ee8,1784059084.653737,True,
2026-07-14T19:58:42.401640+00:00,GOOGL,high_volatility,124,False,0.0,0,,,,0.0291,3,1.266,0.667,mut-d32934,1784059088.8179028,True,
2026-07-14T19:59:16.587069+00:00,AMZN,high_volatility,124,False,-0.0193,5,-0.408,0.2,0.0297,0.0149,2,0.989,0.5,mut-c75244,1783887874.0052235,True,
2026-07-14T19:59:51.463458+00:00,META,high_volatility,124,True,0.0191,4,0.44,0.5,0.01,0.0191,4,0.44,0.5,mut-c58e56,1784059191.2592885,True,
2026-07-14T20:00:32.144061+00:00,TSLA,high_volatility,124,False,0.0049,3,0.156,0.333,0.01,0.0236,4,0.569,0.75,mut-842635,1783887921.345828,True,
2026-07-14T20:00:36.501475+00:00,BRKB,ranging,123,False,-0.0173,3,-0.98,0.333,0.0199,,,,,,,True,
2026-07-14T20:01:23.965701+00:00,LLY,high_volatility,123,False,-0.0373,4,-9.421,0.0,0.0297,0.0193,6,0.272,0.5,mut-ada3e2,1783915238.5301852,True,
2026-07-14T20:01:28.091055+00:00,V,high_volatility,123,False,0.0032,6,0.048,0.5,0.0199,0.0096,3,0.314,0.667,mut-e301c6,1784000160.1911938,True,
2026-07-14T20:02:10.466550+00:00,JPM,trending_up,123,False,0.0,0,,,,0.015,3,0.465,0.667,imm-1e8a8f,1784038781.3390405,True,
2026-07-15T03:15:26.322473+00:00,EURUSD,ranging,130,False,0.0165,2,1.218,1.0,0.0,0.0175,2,1.406,1.0,ptw-073b,1783492946.2582014,True,
2026-07-15T03:16:46.973227+00:00,GBPUSD,ranging,130,False,-0.0007,1,0.0,0.0,0.0,0.0082,2,0.373,0.5,mut-fb31af,1783566744.03113,True,
2026-07-15T03:16:50.939989+00:00,USDJPY,ranging,130,True,0.0229,2,3.2,1.0,0.0,0.0229,2,3.2,1.0,mut-633c63,1784085410.7966244,True,
2026-07-15T03:18:11.953805+00:00,AUDUSD,ranging,130,False,0.0115,4,0.234,0.5,0.01,0.0115,4,0.234,0.5,mut-c3d0ee,1784085414.7668443,True,
2026-07-15T03:20:00.328441+00:00,USDCAD,ranging,130,False,0.0411,4,1.198,0.75,0.0,0.0411,4,1.198,0.75,mut-ef5245,1784085495.8779404,True,
2026-07-15T03:21:56.079078+00:00,USDCHF,trending_up,130,False,0.0298,3,1.36,0.667,0.0,0.0451,3,108.416,1.0,mut-4ad71b,1783971987.3191102,True,
2026-07-15T03:22:00.023698+00:00,NZDUSD,ranging,130,False,0.0098,2,0.483,0.5,0.0,0.0136,2,0.824,0.5,mut-3fcd3d,1783999337.5030158,True,
2026-07-15T03:23:15.748741+00:00,EURGBP,trending_down,130,False,0.0352,3,2.451,1.0,0.0,0.0233,2,3.449,1.0,mut-95dc66,1783889150.178541,True,
2026-07-15T03:23:19.723313+00:00,EURJPY,ranging,130,False,-0.0079,4,-0.195,0.25,0.01,0.0012,1,0.0,1.0,mut-bd60d1,1784058375.6164644,True,
2026-07-15T03:24:26.735907+00:00,GBPJPY,trending_up,130,False,-0.0189,4,-0.53,0.25,0.0297,,,,,,,True,
2026-07-15T03:24:30.623781+00:00,XAUUSD,high_volatility,124,False,0.0483,6,0.765,0.667,0.01,0.0501,6,0.817,0.667,mut-92339f,1783972144.2749653,True,
2026-07-15T03:24:34.558079+00:00,USOIL,high_volatility,124,False,0.0108,2,0.56,0.5,0.0,0.0203,2,2.087,1.0,mut-44fc90,1783821407.0754356,True,
2026-07-15T03:26:20.243285+00:00,BTCUSD,high_volatility,181,False,0.0596,5,1.741,0.8,0.0,0.0607,5,1.893,0.8,mut-785457,1783821498.0682824,True,
2026-07-15T03:26:57.503928+00:00,ETHUSD,high_volatility,181,False,0.0117,8,0.123,0.5,0.0297,0.0262,6,0.384,0.667,imm-d0a14c,1783972304.6594412,True,
2026-07-15T03:27:35.277635+00:00,SOLUSD,high_volatility,181,False,0.0106,7,0.127,0.429,0.0199,0.0321,6,0.465,0.667,mut-686c2a,1784017851.0391219,True,
2026-07-15T03:28:10.806919+00:00,XRPUSD,high_volatility,181,False,0.0006,6,0.009,0.5,0.0199,0.0261,7,0.309,0.571,imm-36e2ef,1783999611.6268427,True,
2026-07-15T03:28:45.554678+00:00,BNBUSD,high_volatility,181,False,-0.0263,6,-0.489,0.167,0.0394,0.0104,5,0.185,0.6,imm-a3fc14,1783914688.6228325,True,
2026-07-15T03:29:24.282428+00:00,ADAUSD,high_volatility,181,False,-0.0063,9,-0.061,0.333,0.0394,0.0268,11,0.204,0.545,imm-144bab,1784017983.0560126,True,
2026-07-15T03:30:01.515791+00:00,SPX,ranging,123,False,0.0,0,,,,,,,,,,True,
2026-07-15T03:30:44.556474+00:00,NASDAQ,trending_down,123,False,-0.0207,3,-1.59,0.0,0.0199,,,,,,,True,
2026-07-15T03:30:48.457992+00:00,DJI,trending_up,123,False,-0.01,1,0.0,0.0,0.01,0.0249,4,0.605,0.75,mut-4cf09f,1783889848.808815,True,
2026-07-15T03:30:52.351703+00:00,RUT,ranging,123,False,-0.0229,3,-2.326,0.0,0.0199,0.0199,4,0.464,0.5,imm-2023df,1783955249.1965785,True,
2026-07-15T03:31:33.399177+00:00,VIX,high_volatility,125,False,-0.0412,8,-0.605,0.25,0.0444,,,,,,,True,
2026-07-15T03:32:16.379394+00:00,FTSE,ranging,125,False,0.0043,1,0.0,1.0,0.0,0.0038,3,0.122,0.333,mut-13c6ca,1783887611.8882253,True,
2026-07-15T03:32:20.419914+00:00,DAX,ranging,126,False,-0.0232,3,-2.47,0.0,0.0199,0.0023,6,0.034,0.5,mut-4d8718,1783890046.0169656,True,
2026-07-15T03:33:00.396459+00:00,CAC40,ranging,126,False,0.0,0,,,,0.0141,2,0.883,0.5,mut-d02f92,1783972710.5198343,True,
2026-07-15T03:33:38.969962+00:00,NIKKEI,high_volatility,122,False,0.0069,5,0.122,0.4,0.01,0.0244,3,0.828,0.667,mut-c1d5a1,1783914987.901319,True,
2026-07-15T03:33:43.021630+00:00,HSI,high_volatility,119,False,0.0,0,,,,0.0352,4,0.792,0.75,mut-744d4e,1783955409.693752,True,
2026-07-15T03:34:25.004630+00:00,SENSEX,trending_up,119,False,-0.009,2,-0.811,0.5,0.01,,,,,,,True,
2026-07-15T03:34:28.984593+00:00,ASX200,ranging,125,False,-0.0102,2,-1.043,0.0,0.01,,,,,,,True,
2026-07-15T03:34:33.130456+00:00,AAPL,high_volatility,123,True,0.01,5,0.179,0.6,0.01,0.01,5,0.179,0.6,mut-98c72c,1784086472.9613838,True,
2026-07-15T03:35:15.492418+00:00,MSFT,high_volatility,123,False,0.0095,7,0.115,0.429,0.01,0.0223,7,0.271,0.571,mut-4e19b5,1783972838.6352384,True,
2026-07-15T03:35:19.562986+00:00,NVDA,high_volatility,123,False,0.0128,2,0.74,0.5,0.0,0.0128,2,0.74,0.5,mut-361ee8,1784059084.653737,True,
2026-07-15T03:35:23.601703+00:00,GOOGL,high_volatility,123,True,0.0293,3,1.297,0.667,0.0,0.0293,3,1.297,0.667,mut-bd936b,1784086523.4267807,True,
2026-07-15T03:36:03.324560+00:00,AMZN,high_volatility,123,False,0.0,0,,,,0.0149,2,0.989,0.5,mut-c75244,1783887874.0052235,True,
2026-07-15T03:36:07.578995+00:00,META,high_volatility,123,False,-0.0151,4,-0.355,0.25,0.0199,0.0191,4,0.44,0.5,mut-c58e56,1784059191.2592885,True,
2026-07-15T03:36:47.667638+00:00,TSLA,high_volatility,123,False,-0.0254,4,-1.035,0.25,0.0297,0.0236,4,0.569,0.75,mut-842635,1783887921.345828,True,
2026-07-15T03:36:51.775294+00:00,BRKB,ranging,123,False,-0.0173,3,-0.972,0.333,0.0199,,,,,,,True,
2026-07-15T03:37:32.289295+00:00,LLY,high_volatility,123,False,-0.0104,7,-0.138,0.286,0.0297,0.0193,6,0.272,0.5,mut-ada3e2,1783915238.5301852,True,
2026-07-15T03:38:12.205763+00:00,V,high_volatility,123,False,0.0031,6,0.047,0.5,0.0199,0.0096,3,0.314,0.667,mut-e301c6,1784000160.1911938,True,
2026-07-15T03:38:49.649686+00:00,JPM,trending_up,123,False,0.0,0,,,,0.015,3,0.465,0.667,imm-1e8a8f,1784038781.3390405,True,
2026-07-15T08:27:12.434631+00:00,EURUSD,ranging,130,False,0.0175,2,1.406,1.0,0.0,0.0175,2,1.406,1.0,ptw-073b,1783492946.2582014,True,
2026-07-15T08:28:22.662207+00:00,GBPUSD,ranging,130,False,-0.0004,1,0.0,0.0,0.0,0.0082,2,0.373,0.5,mut-fb31af,1783566744.03113,True,
2026-07-15T08:28:26.686618+00:00,USDJPY,trending_up,130,False,0.0243,2,4.282,1.0,0.0,0.0401,3,5.465,1.0,mut-fe93e0,1784017385.3134413,True,
2026-07-15T08:29:33.802666+00:00,AUDUSD,ranging,130,False,0.0116,4,0.237,0.5,0.01,0.0116,4,0.237,0.5,mut-8ecc02,1784104110.4746552,True,
2026-07-15T08:31:25.155534+00:00,USDCAD,ranging,130,False,0.0119,1,0.0,1.0,0.0,0.0411,4,1.198,0.75,mut-ef5245,1784085495.8779404,True,
2026-07-15T08:33:19.360398+00:00,USDCHF,trending_up,130,False,0.0301,3,1.4,0.667,0.0,0.0451,3,108.416,1.0,mut-4ad71b,1783971987.3191102,True,
2026-07-15T08:33:23.249565+00:00,NZDUSD,ranging,130,False,0.0087,2,0.409,0.5,0.0,0.0136,2,0.824,0.5,mut-3fcd3d,1783999337.5030158,True,
2026-07-15T08:34:55.041872+00:00,EURGBP,trending_down,130,False,0.0214,2,2.501,1.0,0.0,0.0233,2,3.449,1.0,mut-95dc66,1783889150.178541,True,
2026-07-15T08:34:58.969252+00:00,EURJPY,ranging,130,False,-0.008,4,-0.196,0.25,0.01,0.0012,1,0.0,1.0,mut-bd60d1,1784058375.6164644,True,
2026-07-15T08:35:02.936260+00:00,GBPJPY,trending_up,130,False,0.0,0,,,,,,,,,,True,
2026-07-15T08:36:18.436974+00:00,XAUUSD,high_volatility,124,False,0.0426,5,0.854,0.8,0.01,0.0501,6,0.817,0.667,mut-92339f,1783972144.2749653,True,
2026-07-15T08:36:22.348066+00:00,USOIL,high_volatility,124,False,0.0154,2,1.049,1.0,0.0,0.0203,2,2.087,1.0,mut-44fc90,1783821407.0754356,True,
2026-07-15T08:38:09.862176+00:00,BTCUSD,high_volatility,182,False,0.0595,5,1.725,0.8,0.0,0.0607,5,1.893,0.8,mut-785457,1783821498.0682824,True,
2026-07-15T08:38:46.283592+00:00,ETHUSD,high_volatility,182,True,0.0311,5,0.554,0.6,0.01,0.0311,5,0.554,0.6,imm-e1fee5,1784104726.1002727,True,
2026-07-15T08:39:23.072795+00:00,SOLUSD,high_volatility,182,False,0.029,6,0.421,0.667,0.0199,0.0321,6,0.465,0.667,mut-686c2a,1784017851.0391219,True,
2026-07-15T08:40:00.254717+00:00,XRPUSD,high_volatility,182,False,-0.0148,5,-0.304,0.4,0.0199,0.0261,7,0.309,0.571,imm-36e2ef,1783999611.6268427,True,
2026-07-15T08:40:42.763349+00:00,BNBUSD,high_volatility,182,False,-0.0401,5,-2.191,0.0,0.0394,0.0104,5,0.185,0.6,imm-a3fc14,1783914688.6228325,True,
2026-07-15T08:41:25.209420+00:00,ADAUSD,high_volatility,182,True,0.0241,6,0.345,0.5,0.0199,0.0241,6,0.345,0.5,mut-b95d2b,1784104885.0216815,True,
2026-07-15T08:42:05.047828+00:00,SPX,ranging,123,False,nan,4,nan,0.0,0.0297,,,,,,,True,
2026-07-15T08:42:43.620961+00:00,NASDAQ,ranging,123,False,nan,4,nan,0.0,0.0297,0.0177,11,0.132,0.455,mut-d84022,1783650806.8484473,True,
2026-07-15T08:42:47.520204+00:00,DJI,ranging,123,False,-0.01,1,0.0,0.0,0.01,,,,,,,True,
2026-07-15T08:43:26.019391+00:00,RUT,ranging,122,False,-0.0062,4,-0.154,0.25,0.0199,0.0199,4,0.464,0.5,imm-2023df,1783955249.1965785,True,
2026-07-15T08:44:02.845897+00:00,VIX,high_volatility,124,False,-0.041,8,-0.598,0.25,0.0444,,,,,,,True,
2026-07-15T08:44:36.553014+00:00,FTSE,ranging,125,False,-0.0282,4,-1.429,0.25,0.0297,0.0038,3,0.122,0.333,mut-13c6ca,1783887611.8882253,True,
2026-07-15T08:44:40.540219+00:00,DAX,ranging,126,False,-0.0211,3,-1.718,0.0,0.0199,0.0023,6,0.034,0.5,mut-4d8718,1783890046.0169656,True,
2026-07-15T08:45:19.694073+00:00,CAC40,ranging,126,False,0.0,0,,,,0.0141,2,0.883,0.5,mut-d02f92,1783972710.5198343,True,
2026-07-15T08:46:00.161716+00:00,NIKKEI,high_volatility,122,False,0.0,0,,,,0.0244,3,0.828,0.667,mut-c1d5a1,1783914987.901319,True,
2026-07-15T08:46:04.401233+00:00,HSI,high_volatility,119,False,0.0,0,,,,0.0352,4,0.792,0.75,mut-744d4e,1783955409.693752,True,
2026-07-15T08:46:08.330315+00:00,SENSEX,ranging,119,False,-0.01,1,0.0,0.0,0.01,0.001,3,0.03,0.333,mut-dddd39,1784038554.1117454,True,
2026-07-15T08:46:12.408886+00:00,ASX200,ranging,125,False,-0.0112,2,-1.271,0.0,0.01,,,,,,,True,
2026-07-15T08:46:16.487534+00:00,AAPL,ranging,123,False,nan,5,nan,0.4,0.01,,,,,,,True,
2026-07-15T08:46:54.322858+00:00,MSFT,ranging,123,False,nan,6,nan,0.0,0.049,,,,,,,True,
2026-07-15T08:46:58.321133+00:00,NVDA,ranging,123,False,nan,4,nan,0.25,0.0199,,,,,,,True,
2026-07-15T08:47:33.755910+00:00,GOOGL,ranging,123,False,nan,4,nan,0.5,0.01,,,,,,,True,
2026-07-15T08:48:09.375713+00:00,AMZN,ranging,123,False,nan,5,nan,0.2,0.0297,,,,,,,True,
2026-07-15T08:48:13.561688+00:00,META,high_volatility,123,False,-0.0151,4,-0.355,0.25,0.0199,0.0191,4,0.44,0.5,mut-c58e56,1784059191.2592885,True,
2026-07-15T08:48:17.451354+00:00,TSLA,ranging,123,False,nan,4,nan,0.0,0.0297,,,,,,,True,
2026-07-15T08:48:52.233030+00:00,BRKB,ranging,123,False,nan,3,nan,0.0,0.0199,,,,,,,True,
2026-07-15T08:49:30.985494+00:00,LLY,ranging,123,False,-0.01,1,0.0,0.0,0.01,,,,,,,True,
2026-07-15T08:49:34.922766+00:00,V,ranging,123,False,-0.0199,2,-199.0,0.0,0.0199,,,,,,,True,
2026-07-15T08:50:13.247588+00:00,JPM,ranging,123,False,nan,3,nan,0.0,0.0199,,,,,,,True,
2026-07-15T13:59:14.329758+00:00,EURUSD,ranging,130,False,0.0168,2,1.271,1.0,0.0,0.0175,2,1.406,1.0,ptw-073b,1783492946.2582014,True,
2026-07-15T14:00:24.648565+00:00,GBPUSD,ranging,130,False,-0.003,1,0.0,0.0,0.0,0.0082,2,0.373,0.5,mut-fb31af,1783566744.03113,True,
2026-07-15T14:01:49.092637+00:00,USDJPY,ranging,130,False,0.0233,2,3.457,1.0,0.0,0.0233,2,3.457,1.0,mut-c8e37a,1784124028.6479745,True,
2026-07-15T14:03:42.814706+00:00,AUDUSD,ranging,130,False,0.0107,4,0.216,0.5,0.01,0.0116,4,0.237,0.5,mut-8ecc02,1784104110.4746552,True,
2026-07-15T14:05:34.988500+00:00,USDCAD,ranging,130,True,0.0424,4,1.321,0.75,0.0,0.0424,4,1.321,0.75,mut-fd7afd,1784124334.4320092,True,
2026-07-15T14:06:48.638499+00:00,USDCHF,trending_up,130,False,0.0288,3,1.235,0.667,0.0,0.0451,3,108.416,1.0,mut-4ad71b,1783971987.3191102,True,
2026-07-15T14:06:52.579091+00:00,NZDUSD,ranging,130,False,0.0019,5,0.032,0.4,0.01,0.0136,2,0.824,0.5,mut-3fcd3d,1783999337.5030158,True,
2026-07-15T14:08:05.071675+00:00,EURGBP,trending_down,130,False,0.0251,2,5.08,1.0,0.0,0.0251,2,5.08,1.0,mut-58c810,1784124416.6725016,True,
2026-07-15T14:09:44.951440+00:00,EURJPY,ranging,130,False,-0.0032,1,0.0,0.0,0.0,0.0032,1,0.0,1.0,mut-30033a,1784124488.987053,True,
2026-07-15T14:10:22.516601+00:00,GBPJPY,trending_up,130,False,-0.0159,4,-0.388,0.25,0.0297,,,,,,,True,
2026-07-15T14:10:26.587197+00:00,XAUUSD,high_volatility,124,False,0.0407,5,0.811,0.8,0.01,0.0501,6,0.817,0.667,mut-92339f,1783972144.2749653,True,
2026-07-15T14:11:05.449614+00:00,USOIL,high_volatility,124,False,-0.0235,3,-2.624,0.0,0.0199,0.0203,2,2.087,1.0,mut-44fc90,1783821407.0754356,True,
2026-07-15T14:11:45.442424+00:00,BTCUSD,high_volatility,182,False,0.0579,5,1.535,0.8,0.0,0.0607,5,1.893,0.8,mut-785457,1783821498.0682824,True,
2026-07-15T14:12:24.379585+00:00,ETHUSD,high_volatility,182,False,0.028,5,0.473,0.6,0.01,0.0311,5,0.554,0.6,imm-e1fee5,1784104726.1002727,True,
2026-07-15T14:13:00.429674+00:00,SOLUSD,high_volatility,182,False,0.0278,6,0.404,0.667,0.0199,0.0321,6,0.465,0.667,mut-686c2a,1784017851.0391219,True,
2026-07-15T14:13:35.941381+00:00,XRPUSD,high_volatility,182,False,-0.0124,7,-0.163,0.286,0.0199,0.0261,7,0.309,0.571,imm-36e2ef,1783999611.6268427,True,
2026-07-15T14:14:10.447306+00:00,BNBUSD,high_volatility,182,False,0.0079,5,0.14,0.4,0.0199,0.0104,5,0.185,0.6,imm-a3fc14,1783914688.6228325,True,
2026-07-15T14:14:48.344848+00:00,ADAUSD,high_volatility,182,False,0.043,9,0.397,0.556,0.0199,0.0404,7,0.503,0.714,mut-5ea72f,1784124855.0026517,True,
2026-07-15T14:15:29.492454+00:00,SPX,ranging,123,False,-0.0385,4,-20.724,0.0,0.0297,,,,,,,True,
2026-07-15T14:15:33.858549+00:00,NASDAQ,trending_down,123,False,0.0,0,,,,,,,,,,True,
2026-07-15T14:15:38.044183+00:00,DJI,trending_up,123,False,-0.01,1,0.0,0.0,0.01,0.0249,4,0.605,0.75,mut-4cf09f,1783889848.808815,True,
2026-07-15T14:16:15.628220+00:00,RUT,ranging,123,False,-0.0041,4,-0.102,0.5,0.0199,0.0199,4,0.464,0.5,imm-2023df,1783955249.1965785,True,
2026-07-15T14:16:52.785420+00:00,VIX,high_volatility,124,False,-0.0404,8,-0.585,0.25,0.0444,,,,,,,True,
2026-07-15T14:17:32.335000+00:00,FTSE,ranging,125,False,-0.0199,2,-199.0,0.0,0.0199,0.0038,3,0.122,0.333,mut-13c6ca,1783887611.8882253,True,
2026-07-15T14:17:36.455207+00:00,DAX,ranging,126,False,-0.0128,3,-0.534,0.333,0.0199,0.0023,6,0.034,0.5,mut-4d8718,1783890046.0169656,True,
2026-07-15T14:17:40.743448+00:00,CAC40,ranging,126,False,0.0,0,,,,0.0141,2,0.883,0.5,mut-d02f92,1783972710.5198343,True,
2026-07-15T14:18:19.508569+00:00,NIKKEI,high_volatility,122,False,0.0081,5,0.143,0.4,0.01,0.0244,3,0.828,0.667,mut-c1d5a1,1783914987.901319,True,
2026-07-15T14:18:57.096057+00:00,HSI,high_volatility,119,False,0.0,0,,,,0.0352,4,0.792,0.75,mut-744d4e,1783955409.693752,True,
2026-07-15T14:19:01.190676+00:00,SENSEX,ranging,119,False,-0.01,1,0.0,0.0,0.01,0.001,3,0.03,0.333,mut-dddd39,1784038554.1117454,True,
2026-07-15T14:19:05.362798+00:00,ASX200,ranging,124,False,-0.0091,2,-0.827,0.5,0.01,,,,,,,True,
2026-07-15T14:19:09.550602+00:00,AAPL,high_volatility,123,False,-0.035,4,-4.426,0.0,0.0297,0.01,5,0.179,0.6,mut-98c72c,1784086472.9613838,True,
2026-07-15T14:19:13.823859+00:00,MSFT,high_volatility,123,False,-0.0548,6,-6.158,0.0,0.049,0.0223,7,0.271,0.571,mut-4e19b5,1783972838.6352384,True,
2026-07-15T14:19:18.009856+00:00,NVDA,high_volatility,123,False,0.0,0,,,,0.0128,2,0.74,0.5,mut-361ee8,1784059084.653737,True,
2026-07-15T14:19:55.077102+00:00,GOOGL,high_volatility,123,False,0.0179,4,0.407,0.5,0.01,0.0293,3,1.297,0.667,mut-bd936b,1784086523.4267807,True,
2026-07-15T14:20:35.562876+00:00,AMZN,high_volatility,123,False,-0.024,5,-0.495,0.2,0.0297,0.0149,2,0.989,0.5,mut-c75244,1783887874.0052235,True,
2026-07-15T14:20:40.022341+00:00,META,high_volatility,124,False,-0.0151,4,-0.355,0.25,0.0199,0.0191,4,0.44,0.5,mut-c58e56,1784059191.2592885,True,
2026-07-15T14:21:17.337281+00:00,TSLA,high_volatility,123,False,0.013,3,0.409,0.667,0.01,0.0236,4,0.569,0.75,mut-842635,1783887921.345828,True,
2026-07-15T14:21:21.886712+00:00,BRKB,ranging,123,False,-0.0164,3,-0.858,0.333,0.0199,,,,,,,True,
2026-07-15T14:21:26.261259+00:00,LLY,high_volatility,123,False,-0.0104,7,-0.138,0.286,0.0297,0.0193,6,0.272,0.5,mut-ada3e2,1783915238.5301852,True,
2026-07-15T14:22:04.819443+00:00,V,high_volatility,123,False,0.0,0,,,,0.0096,3,0.314,0.667,mut-e301c6,1784000160.1911938,True,
2026-07-15T14:22:41.700971+00:00,JPM,trending_up,123,False,0.0199,4,0.47,0.5,0.01,0.0199,4,0.47,0.5,mut-a4e17d,1784125329.1309984,True,
2026-07-15T19:23:01.105445+00:00,EURUSD,ranging,130,True,0.0137,2,0.842,0.5,0.0,0.0137,2,0.842,0.5,mut-401c68,1784143380.9236448,True,
2026-07-15T19:24:14.325988+00:00,GBPUSD,ranging,130,False,-0.0081,1,0.0,0.0,0.0,0.0082,2,0.373,0.5,mut-fb31af,1783566744.03113,True,
2026-07-15T19:25:28.589885+00:00,USDJPY,ranging,130,False,0.0219,2,2.71,1.0,0.0,0.0233,2,3.457,1.0,mut-c8e37a,1784124028.6479745,True,
2026-07-15T19:27:13.463187+00:00,AUDUSD,ranging,130,False,-0.025,6,-0.454,0.167,0.025,0.0116,4,0.237,0.5,mut-8ecc02,1784104110.4746552,True,
2026-07-15T19:27:17.507988+00:00,USDCAD,ranging,130,False,0.013,1,0.0,1.0,0.0,0.0424,4,1.321,0.75,mut-fd7afd,1784124334.4320092,True,
2026-07-15T19:29:03.446646+00:00,USDCHF,ranging,130,True,0.0252,3,0.888,0.667,0.0,0.0252,3,0.888,0.667,imm-1e8b85,1784143743.265658,True,
2026-07-15T19:30:19.414727+00:00,NZDUSD,ranging,130,False,0.0057,2,0.237,0.5,0.0,0.0136,2,0.824,0.5,mut-3fcd3d,1783999337.5030158,True,
2026-07-15T19:31:40.038481+00:00,EURGBP,trending_down,130,False,0.0302,3,1.414,0.667,0.0,0.0251,2,5.08,1.0,mut-58c810,1784124416.6725016,True,
2026-07-15T19:31:44.118718+00:00,EURJPY,ranging,130,False,-0.0108,4,-0.263,0.25,0.01,0.0032,1,0.0,1.0,mut-30033a,1784124488.987053,True,
2026-07-15T19:31:48.146078+00:00,GBPJPY,trending_up,130,False,-0.0151,5,-0.316,0.2,0.0297,,,,,,,True,
2026-07-15T19:31:52.192219+00:00,XAUUSD,high_volatility,124,False,0.041,5,0.819,0.8,0.01,0.0501,6,0.817,0.667,mut-92339f,1783972144.2749653,True,
2026-07-15T19:33:42.170723+00:00,USOIL,high_volatility,124,False,-0.0237,3,-2.709,0.0,0.0199,0.0203,2,2.087,1.0,mut-44fc90,1783821407.0754356,True,
2026-07-15T19:34:20.366925+00:00,BTCUSD,high_volatility,182,False,0.0588,5,1.641,0.8,0.0,0.0607,5,1.893,0.8,mut-785457,1783821498.0682824,True,
2026-07-15T19:34:59.992691+00:00,ETHUSD,high_volatility,182,False,0.0257,7,0.3,0.571,0.0297,0.0311,5,0.554,0.6,imm-e1fee5,1784104726.1002727,True,
2026-07-15T19:35:39.099663+00:00,SOLUSD,high_volatility,182,False,0.0,0,,,,0.0321,6,0.465,0.667,mut-686c2a,1784017851.0391219,True,
2026-07-15T19:36:18.187765+00:00,XRPUSD,high_volatility,182,False,-0.0105,7,-0.138,0.286,0.0199,0.0261,7,0.309,0.571,imm-36e2ef,1783999611.6268427,True,
2026-07-15T19:36:56.031606+00:00,BNBUSD,high_volatility,182,False,0.0085,5,0.151,0.4,0.0199,0.0104,5,0.185,0.6,imm-a3fc14,1783914688.6228325,True,
2026-07-15T19:37:35.893761+00:00,ADAUSD,high_volatility,182,False,0.021,9,0.192,0.556,0.0297,0.0404,7,0.503,0.714,mut-5ea72f,1784124855.0026517,True,
2026-07-15T19:38:12.242052+00:00,SPX,ranging,124,False,-0.03,4,-1.809,0.0,0.0297,,,,,,,True,
2026-07-15T19:38:47.383323+00:00,NASDAQ,ranging,124,False,-0.054,6,-5.048,0.0,0.049,0.0177,11,0.132,0.455,mut-d84022,1783650806.8484473,True,
2026-07-15T19:38:51.392920+00:00,DJI,trending_up,124,False,0.0248,4,0.603,0.75,0.01,0.0249,4,0.605,0.75,mut-4cf09f,1783889848.808815,True,
2026-07-15T19:39:25.806604+00:00,RUT,trending_up,124,False,-0.0225,6,-0.393,0.333,0.0394,0.0004,6,0.005,0.5,mut-764c81,1784144335.285675,True,
2026-07-15T19:39:59.453921+00:00,VIX,high_volatility,125,False,-0.0304,7,-0.476,0.286,0.0347,,,,,,,True,
2026-07-15T19:40:41.962312+00:00,FTSE,trending_up,126,False,-0.0275,4,-1.304,0.25,0.0297,,,,,,,True,
2026-07-15T19:40:45.983073+00:00,DAX,ranging,127,False,-0.0215,3,-1.807,0.0,0.0199,0.0023,6,0.034,0.5,mut-4d8718,1783890046.0169656,True,
2026-07-15T19:40:50.422347+00:00,CAC40,ranging,127,False,0.0,0,,,,0.0141,2,0.883,0.5,mut-d02f92,1783972710.5198343,True,
2026-07-15T19:41:28.449235+00:00,NIKKEI,high_volatility,122,False,0.0051,5,0.089,0.4,0.01,0.0244,3,0.828,0.667,mut-c1d5a1,1783914987.901319,True,
2026-07-15T19:41:32.689405+00:00,HSI,high_volatility,119,False,0.0,0,,,,0.0352,4,0.792,0.75,mut-744d4e,1783955409.693752,True,
2026-07-15T19:41:36.660650+00:00,SENSEX,ranging,119,False,-0.0118,2,-1.438,0.0,0.01,0.001,3,0.03,0.333,mut-dddd39,1784038554.1117454,True,
2026-07-15T19:41:40.676729+00:00,ASX200,ranging,125,False,-0.013,2,-1.849,0.0,0.01,,,,,,,True,
2026-07-15T19:41:44.878622+00:00,AAPL,high_volatility,124,False,-0.0176,6,-0.286,0.333,0.0394,0.01,5,0.179,0.6,mut-98c72c,1784086472.9613838,True,
2026-07-15T19:42:21.692831+00:00,MSFT,high_volatility,124,False,-0.0203,8,-0.241,0.25,0.025,0.0223,7,0.271,0.571,mut-4e19b5,1783972838.6352384,True,
2026-07-15T19:42:55.412158+00:00,NVDA,high_volatility,124,False,-0.0033,3,-0.095,0.333,0.01,0.0128,2,0.74,0.5,mut-361ee8,1784059084.653737,True,
2026-07-15T19:42:59.556992+00:00,GOOGL,high_volatility,124,False,0.0,0,,,,0.0293,3,1.297,0.667,mut-bd936b,1784086523.4267807,True,
2026-07-15T19:43:33.159479+00:00,AMZN,high_volatility,124,False,0.0,0,,,,0.0149,2,0.989,0.5,mut-c75244,1783887874.0052235,True,
2026-07-15T19:44:07.356185+00:00,META,high_volatility,124,False,-0.0151,4,-0.355,0.25,0.0199,0.0191,4,0.44,0.5,mut-c58e56,1784059191.2592885,True,
2026-07-15T19:44:41.681794+00:00,TSLA,high_volatility,124,False,0.0069,1,0.0,1.0,0.0,0.0236,4,0.569,0.75,mut-842635,1783887921.345828,True,
2026-07-15T19:44:46.021901+00:00,BRKB,ranging,124,False,0.0,0,,,,,,,,,,True,
2026-07-15T19:44:50.577784+00:00,LLY,high_volatility,124,False,-0.0394,5,-1.999,0.0,0.0394,0.0193,6,0.272,0.5,mut-ada3e2,1783915238.5301852,True,
2026-07-15T19:44:54.722568+00:00,V,high_volatility,124,False,-0.0116,5,-0.233,0.4,0.0297,0.0096,3,0.314,0.667,mut-e301c6,1784000160.1911938,True,
2026-07-15T19:45:33.343374+00:00,JPM,trending_up,124,False,0.0,0,,,,0.0199,4,0.47,0.5,mut-a4e17d,1784125329.1309984,True,
2026-07-16T03:23:05.968576+00:00,EURUSD,ranging,130,False,0.0117,2,0.638,0.5,0.0,0.0137,2,0.842,0.5,mut-401c68,1784143380.9236448,True,
2026-07-16T03:23:09.784777+00:00,GBPUSD,ranging,130,False,-0.01,2,-1.0,0.0,0.01,0.0082,2,0.373,0.5,mut-fb31af,1783566744.03113,True,
2026-07-16T03:23:13.743650+00:00,USDJPY,ranging,130,False,0.0,0,,,,0.0233,2,3.457,1.0,mut-c8e37a,1784124028.6479745,True,
2026-07-16T03:23:17.661622+00:00,AUDUSD,ranging,130,False,-0.008,2,-0.661,0.5,0.01,0.0116,4,0.237,0.5,mut-8ecc02,1784104110.4746552,True,
2026-07-16T03:23:21.629604+00:00,USDCAD,ranging,130,False,0.0124,1,0.0,1.0,0.0,0.0424,4,1.321,0.75,mut-fd7afd,1784124334.4320092,True,
2026-07-16T03:25:05.288499+00:00,USDCHF,ranging,130,False,0.0204,2,2.12,1.0,0.0,0.0204,2,2.12,1.0,mut-cd5496,1784172205.4960802,True,
2026-07-16T03:26:24.546726+00:00,NZDUSD,ranging,130,False,-0.0004,5,-0.006,0.4,0.0199,0.0136,2,0.824,0.5,mut-3fcd3d,1783999337.5030158,True,
2026-07-16T03:26:28.666932+00:00,EURGBP,trending_down,130,True,0.0256,2,5.838,1.0,0.0,0.0256,2,5.838,1.0,mut-353d75,1784172388.5259166,True,
2026-07-16T03:26:32.547977+00:00,EURJPY,ranging,130,False,-0.0251,3,-3.691,0.0,0.0199,0.0032,1,0.0,1.0,mut-30033a,1784124488.987053,True,
2026-07-16T03:27:46.011479+00:00,GBPJPY,trending_up,130,True,0.0135,3,0.427,0.667,0.01,0.0135,3,0.427,0.667,mut-4ab97d,1784172465.838061,True,
2026-07-16T03:27:49.911636+00:00,XAUUSD,high_volatility,124,False,0.0485,6,0.771,0.667,0.01,0.0501,6,0.817,0.667,mut-92339f,1783972144.2749653,True,
2026-07-16T03:27:53.904748+00:00,USOIL,high_volatility,124,False,0.016,2,1.141,1.0,0.0,0.0203,2,2.087,1.0,mut-44fc90,1783821407.0754356,True,
2026-07-16T03:29:33.983536+00:00,BTCUSD,high_volatility,181,False,0.0594,5,1.721,0.8,0.0,0.0607,5,1.893,0.8,mut-785457,1783821498.0682824,True,
2026-07-16T03:30:53.932604+00:00,ETHUSD,high_volatility,181,False,0.0257,7,0.3,0.571,0.0297,0.0311,5,0.554,0.6,imm-e1fee5,1784104726.1002727,True,
2026-07-16T03:32:13.566894+00:00,SOLUSD,high_volatility,181,False,0.0,0,,,,0.0321,6,0.465,0.667,mut-686c2a,1784017851.0391219,True,
2026-07-16T03:32:54.139283+00:00,XRPUSD,high_volatility,181,True,0.0297,6,0.441,0.667,0.01,0.0297,6,0.441,0.667,adapti-cf3e36,1784172773.9428713,True,
2026-07-16T03:33:35.398685+00:00,BNBUSD,high_volatility,181,False,0.0083,5,0.146,0.4,0.0199,0.0104,5,0.185,0.6,imm-a3fc14,1783914688.6228325,True,
2026-07-16T03:34:15.067477+00:00,ADAUSD,high_volatility,181,False,0.0,0,,,,0.0404,7,0.503,0.714,mut-5ea72f,1784124855.0026517,True,
2026-07-16T03:34:58.581817+00:00,SPX,ranging,123,False,0.0,0,,,,,,,,,,True,
2026-07-16T03:35:38.427309+00:00,NASDAQ,ranging,123,False,-0.0416,5,-2.701,0.0,0.0394,0.0177,11,0.132,0.455,mut-d84022,1783650806.8484473,True,
2026-07-16T03:36:16.285555+00:00,DJI,trending_up,123,False,0.0251,4,0.609,0.75,0.01,0.0251,4,0.609,0.75,mut-899a27,1784172942.3711386,True,
2026-07-16T03:36:54.589565+00:00,RUT,trending_up,123,False,-0.0076,4,-0.188,0.25,0.0199,0.0004,6,0.005,0.5,mut-764c81,1784144335.285675,True,
2026-07-16T03:36:58.643536+00:00,VIX,high_volatility,125,False,-0.0393,7,-0.666,0.143,0.0347,,,,,,,True,
2026-07-16T03:37:02.806816+00:00,FTSE,trending_up,126,False,0.0,0,,,,,,,,,,True,
2026-07-16T03:37:06.819522+00:00,DAX,ranging,127,False,-0.0136,5,-0.273,0.4,0.0297,0.0023,6,0.034,0.5,mut-4d8718,1783890046.0169656,True,
2026-07-16T03:37:10.936069+00:00,CAC40,ranging,127,False,-0.0371,4,-8.697,0.0,0.0297,0.0141,2,0.883,0.5,mut-d02f92,1783972710.5198343,True,
2026-07-16T03:37:46.886722+00:00,NIKKEI,high_volatility,123,False,-0.0355,4,-5.026,0.0,0.0297,0.0244,3,0.828,0.667,mut-c1d5a1,1783914987.901319,True,
2026-07-16T03:38:23.572654+00:00,HSI,high_volatility,120,False,0.0254,4,0.611,0.75,0.01,0.0352,4,0.792,0.75,mut-744d4e,1783955409.693752,True,
2026-07-16T03:38:27.603057+00:00,SENSEX,ranging,120,False,-0.01,1,0.0,0.0,0.01,0.001,3,0.03,0.333,mut-dddd39,1784038554.1117454,True,
2026-07-16T03:38:31.591565+00:00,ASX200,ranging,126,False,-0.0293,4,-1.636,0.25,0.0297,,,,,,,True,
2026-07-16T03:38:35.709305+00:00,AAPL,high_volatility,123,False,-0.0394,4,-88.999,0.0,0.0394,0.01,5,0.179,0.6,mut-98c72c,1784086472.9613838,True,
2026-07-16T03:39:10.229016+00:00,MSFT,high_volatility,123,False,-0.0203,8,-0.241,0.25,0.025,0.0223,7,0.271,0.571,mut-4e19b5,1783972838.6352384,True,
2026-07-16T03:39:45.312923+00:00,NVDA,high_volatility,123,False,-0.0242,3,-3.036,0.0,0.0199,0.0128,2,0.74,0.5,mut-361ee8,1784059084.653737,True,
2026-07-16T03:39:49.420064+00:00,GOOGL,high_volatility,123,False,0.0,0,,,,0.0293,3,1.297,0.667,mut-bd936b,1784086523.4267807,True,
2026-07-16T03:40:29.335929+00:00,AMZN,high_volatility,123,False,0.0108,4,0.217,0.5,0.01,0.0149,2,0.989,0.5,mut-c75244,1783887874.0052235,True,
2026-07-16T03:40:33.544730+00:00,META,high_volatility,123,False,-0.0151,4,-0.355,0.25,0.0199,0.0191,4,0.44,0.5,mut-c58e56,1784059191.2592885,True,
2026-07-16T03:41:14.281531+00:00,TSLA,high_volatility,123,False,-0.0124,2,-1.639,0.0,0.01,0.0236,4,0.569,0.75,mut-842635,1783887921.345828,True,
2026-07-16T03:41:54.234179+00:00,BRKB,ranging,123,False,-0.0054,2,-0.369,0.5,0.01,,,,,,,True,
2026-07-16T03:42:35.208773+00:00,LLY,high_volatility,123,False,0.0102,5,0.182,0.6,0.01,0.0193,6,0.272,0.5,mut-ada3e2,1783915238.5301852,True,
2026-07-16T03:42:39.227668+00:00,V,high_volatility,123,False,-0.0233,6,-0.419,0.333,0.0297,0.0096,3,0.314,0.667,mut-e301c6,1784000160.1911938,True,
2026-07-16T03:42:43.270040+00:00,JPM,trending_up,123,False,-0.0052,4,-0.129,0.25,0.0199,0.0199,4,0.47,0.5,mut-a4e17d,1784125329.1309984,True,
2026-07-16T08:26:49.913895+00:00,EURUSD,ranging,130,False,0.012,2,0.665,0.5,0.0,0.0137,2,0.842,0.5,mut-401c68,1784143380.9236448,True,
2026-07-16T08:26:53.773933+00:00,GBPUSD,ranging,130,False,-0.01,2,-1.0,0.0,0.01,0.0082,2,0.373,0.5,mut-fb31af,1783566744.03113,True,
2026-07-16T08:26:57.718303+00:00,USDJPY,ranging,130,False,-0.01,1,0.0,0.0,0.01,0.0233,2,3.457,1.0,mut-c8e37a,1784124028.6479745,True,
2026-07-16T08:28:31.593585+00:00,AUDUSD,ranging,130,False,0.0146,2,0.95,0.5,0.0,0.0146,2,0.95,0.5,mut-a28adb,1784190421.5791826,True,
2026-07-16T08:28:35.540532+00:00,USDCAD,ranging,130,False,0.0122,1,0.0,1.0,0.0,0.0424,4,1.321,0.75,mut-fd7afd,1784124334.4320092,True,
2026-07-16T08:29:43.554587+00:00,USDCHF,ranging,130,False,0.0211,2,2.38,1.0,0.0,0.0211,2,2.38,1.0,mut-d50480,1784190519.4117422,True,
2026-07-16T08:29:47.439609+00:00,NZDUSD,ranging,130,False,-0.0052,3,-0.148,0.333,0.01,0.0136,2,0.824,0.5,mut-3fcd3d,1783999337.5030158,True,
2026-07-16T08:29:51.471285+00:00,EURGBP,trending_down,130,False,0.0043,4,0.095,0.5,0.0199,0.0256,2,5.838,1.0,mut-353d75,1784172388.5259166,True,
2026-07-16T08:29:55.420998+00:00,EURJPY,ranging,130,False,-0.0102,4,-0.25,0.25,0.01,0.0032,1,0.0,1.0,mut-30033a,1784124488.987053,True,
2026-07-16T08:29:59.483566+00:00,GBPJPY,trending_up,130,False,0.0128,3,0.406,0.667,0.01,0.0135,3,0.427,0.667,mut-4ab97d,1784172465.838061,True,
2026-07-16T08:30:03.400583+00:00,XAUUSD,high_volatility,124,False,0.0486,6,0.773,0.667,0.01,0.0501,6,0.817,0.667,mut-92339f,1783972144.2749653,True,
2026-07-16T08:31:25.334993+00:00,USOIL,high_volatility,124,False,-0.0187,3,-1.187,0.333,0.0199,0.0203,2,2.087,1.0,mut-44fc90,1783821407.0754356,True,
2026-07-16T08:33:22.051166+00:00,BTCUSD,high_volatility,182,False,0.0449,4,1.613,0.75,0.0,0.0607,5,1.893,0.8,mut-785457,1783821498.0682824,True,
2026-07-16T08:34:43.845818+00:00,ETHUSD,high_volatility,182,False,0.0321,6,0.466,0.667,0.0199,0.0311,5,0.554,0.6,imm-e1fee5,1784104726.1002727,True,
2026-07-16T08:36:02.432519+00:00,SOLUSD,high_volatility,182,False,0.0,0,,,,0.0321,6,0.465,0.667,mut-686c2a,1784017851.0391219,True,
2026-07-16T08:36:42.261038+00:00,XRPUSD,high_volatility,182,False,-0.0102,7,-0.134,0.429,0.0199,0.0297,6,0.441,0.667,adapti-cf3e36,1784172773.9428713,True,
2026-07-16T08:37:16.998602+00:00,BNBUSD,high_volatility,182,False,-0.0258,6,-0.479,0.167,0.0394,0.0104,5,0.185,0.6,imm-a3fc14,1783914688.6228325,True,
2026-07-16T08:37:56.038751+00:00,ADAUSD,high_volatility,182,False,0.0043,8,0.045,0.375,0.0394,0.0404,7,0.503,0.714,mut-5ea72f,1784124855.0026517,True,
2026-07-16T08:38:00.006258+00:00,SPX,ranging,123,False,-0.0271,3,-6.901,0.0,0.0199,,,,,,,True,
2026-07-16T08:38:04.074913+00:00,NASDAQ,ranging,123,False,-0.0544,6,-5.544,0.0,0.049,0.0177,11,0.132,0.455,mut-d84022,1783650806.8484473,True,
2026-07-16T08:38:42.176355+00:00,DJI,trending_up,123,False,0.0251,4,0.609,0.75,0.01,0.0251,4,0.609,0.75,mut-899a27,1784172942.3711386,True,
2026-07-16T08:39:15.529110+00:00,RUT,trending_up,123,True,0.0224,6,0.323,0.5,0.0199,0.0224,6,0.323,0.5,imm-9cc087,1784191155.3339953,True,
2026-07-16T08:39:50.041753+00:00,VIX,high_volatility,125,False,-0.0209,6,-0.362,0.333,0.025,,,,,,,True,
2026-07-16T08:39:54.123493+00:00,FTSE,trending_up,126,False,-0.0093,2,-0.864,0.5,0.01,,,,,,,True,
2026-07-16T08:40:33.831336+00:00,DAX,ranging,127,True,0.0051,3,0.166,0.667,0.01,0.0051,3,0.166,0.667,mut-aeb132,1784191233.6345997,True,
2026-07-16T08:41:15.200418+00:00,CAC40,ranging,127,False,-0.0064,2,-0.465,0.5,0.01,0.0141,2,0.883,0.5,mut-d02f92,1783972710.5198343,True,
2026-07-16T08:41:52.954264+00:00,NIKKEI,high_volatility,123,False,-0.0222,5,-0.458,0.2,0.0199,0.0244,3,0.828,0.667,mut-c1d5a1,1783914987.901319,True,
2026-07-16T08:42:31.151000+00:00,HSI,high_volatility,120,False,0.0235,4,0.56,0.75,0.01,0.0352,4,0.792,0.75,mut-744d4e,1783955409.693752,True,
2026-07-16T08:42:35.038167+00:00,SENSEX,ranging,121,False,-0.01,1,0.0,0.0,0.01,0.001,3,0.03,0.333,mut-dddd39,1784038554.1117454,True,
2026-07-16T08:42:39.193767+00:00,ASX200,ranging,126,False,-0.0309,4,-2.036,0.0,0.0297,,,,,,,True,
2026-07-16T08:42:43.258074+00:00,AAPL,high_volatility,123,False,0.0,0,,,,0.01,5,0.179,0.6,mut-98c72c,1784086472.9613838,True,
2026-07-16T08:43:20.345255+00:00,MSFT,high_volatility,123,False,0.0045,8,0.048,0.375,0.0199,0.0223,7,0.271,0.571,mut-4e19b5,1783972838.6352384,True,
2026-07-16T08:43:53.222205+00:00,NVDA,high_volatility,123,False,-0.0242,3,-3.036,0.0,0.0199,0.0128,2,0.74,0.5,mut-361ee8,1784059084.653737,True,
2026-07-16T08:43:57.246927+00:00,GOOGL,high_volatility,123,False,0.0,0,,,,0.0293,3,1.297,0.667,mut-bd936b,1784086523.4267807,True,
2026-07-16T08:44:31.714737+00:00,AMZN,high_volatility,123,False,0.0108,4,0.217,0.5,0.01,0.0149,2,0.989,0.5,mut-c75244,1783887874.0052235,True,
2026-07-16T08:44:35.880511+00:00,META,high_volatility,123,False,-0.0151,4,-0.355,0.25,0.0199,0.0191,4,0.44,0.5,mut-c58e56,1784059191.2592885,True,
2026-07-16T08:45:10.354401+00:00,TSLA,high_volatility,123,False,0.007,1,0.0,1.0,0.0,0.0236,4,0.569,0.75,mut-842635,1783887921.345828,True,
2026-07-16T08:45:50.312880+00:00,BRKB,ranging,123,False,-0.01,1,0.0,0.0,0.01,,,,,,,True,
2026-07-16T08:45:54.440604+00:00,LLY,high_volatility,123,False,-0.0099,7,-0.131,0.429,0.0297,0.0193,6,0.272,0.5,mut-ada3e2,1783915238.5301852,True,
2026-07-16T08:46:33.666391+00:00,V,high_volatility,123,True,0.0266,6,0.391,0.667,0.01,0.0266,6,0.391,0.667,imm-f3328c,1784191593.433811,True,
2026-07-16T08:46:37.778284+00:00,JPM,trending_up,123,False,0.0032,4,0.074,0.5,0.0199,0.0199,4,0.47,0.5,mut-a4e17d,1784125329.1309984,True,
2026-07-16T11:08:04.267879+00:00,EURUSD,ranging,130,False,0.0122,2,0.684,0.5,0.0,0.0137,2,0.842,0.5,mut-401c68,1784143380.9236448,True,
2026-07-16T11:08:08.173424+00:00,GBPUSD,ranging,130,False,-0.01,1,0.0,0.0,0.01,0.0082,2,0.373,0.5,mut-fb31af,1783566744.03113,True,
2026-07-16T11:08:12.156808+00:00,USDJPY,ranging,130,False,0.0,0,,,,0.0233,2,3.457,1.0,mut-c8e37a,1784124028.6479745,True,
2026-07-16T11:09:50.638738+00:00,AUDUSD,ranging,130,False,0.0137,2,0.843,0.5,0.0,0.0146,2,0.95,0.5,mut-a28adb,1784190421.5791826,True,
2026-07-16T11:09:54.628215+00:00,USDCAD,ranging,130,False,0.0116,1,0.0,1.0,0.0,0.0424,4,1.321,0.75,mut-fd7afd,1784124334.4320092,True,
2026-07-16T11:11:16.816066+00:00,USDCHF,ranging,130,True,0.0215,2,2.521,1.0,0.0,0.0215,2,2.521,1.0,mut-24706e,1784200276.5906956,True,
2026-07-16T11:11:20.762552+00:00,NZDUSD,ranging,130,False,-0.0002,3,-0.005,0.333,0.01,0.0136,2,0.824,0.5,mut-3fcd3d,1783999337.5030158,True,
2026-07-16T11:12:31.895728+00:00,EURGBP,trending_down,130,False,0.023,2,3.313,1.0,0.0,0.0256,2,5.838,1.0,mut-353d75,1784172388.5259166,True,
2026-07-16T11:12:35.858860+00:00,EURJPY,ranging,130,False,-0.0101,4,-0.247,0.25,0.01,0.0032,1,0.0,1.0,mut-30033a,1784124488.987053,True,
2026-07-16T11:14:16.213133+00:00,GBPJPY,trending_up,130,False,0.0115,3,0.371,0.667,0.01,0.0135,3,0.427,0.667,mut-4ab97d,1784172465.838061,True,
2026-07-16T11:15:32.104913+00:00,XAUUSD,high_volatility,124,False,0.0485,6,0.772,0.667,0.01,0.0501,6,0.817,0.667,mut-92339f,1783972144.2749653,True,
2026-07-16T11:15:36.049394+00:00,USOIL,high_volatility,124,False,-0.0187,3,-1.192,0.333,0.0199,0.0203,2,2.087,1.0,mut-44fc90,1783821407.0754356,True,
2026-07-16T11:16:50.247970+00:00,BTCUSD,high_volatility,182,False,0.0449,4,1.618,0.75,0.0,0.0607,5,1.893,0.8,mut-785457,1783821498.0682824,True,
2026-07-16T11:17:30.132223+00:00,ETHUSD,high_volatility,182,False,0.0229,7,0.273,0.571,0.0297,0.0311,5,0.554,0.6,imm-e1fee5,1784104726.1002727,True,
2026-07-16T11:18:07.527092+00:00,SOLUSD,high_volatility,182,False,0.0306,6,0.445,0.667,0.0199,0.0321,6,0.465,0.667,mut-686c2a,1784017851.0391219,True,
2026-07-16T11:18:49.603481+00:00,XRPUSD,high_volatility,182,False,-0.01,7,-0.131,0.429,0.0199,0.0297,6,0.441,0.667,adapti-cf3e36,1784172773.9428713,True,
2026-07-16T11:19:29.590395+00:00,BNBUSD,high_volatility,182,False,-0.0256,6,-0.474,0.167,0.0394,0.0104,5,0.185,0.6,imm-a3fc14,1783914688.6228325,True,
2026-07-16T11:20:05.526261+00:00,ADAUSD,high_volatility,182,False,0.0297,8,0.309,0.5,0.0199,0.0404,7,0.503,0.714,mut-5ea72f,1784124855.0026517,True,
2026-07-16T11:20:09.460525+00:00,SPX,ranging,123,False,-0.003,1,0.0,0.0,0.0,,,,,,,True,
2026-07-16T11:20:49.420712+00:00,NASDAQ,ranging,123,False,-0.0544,6,-5.544,0.0,0.049,0.0177,11,0.132,0.455,mut-d84022,1783650806.8484473,True,
2026-07-16T11:21:33.311996+00:00,DJI,trending_up,123,False,0.0251,4,0.609,0.75,0.01,0.0251,4,0.609,0.75,mut-899a27,1784172942.3711386,True,
2026-07-16T11:22:09.905727+00:00,RUT,trending_up,123,False,-0.0076,4,-0.188,0.25,0.0199,0.0224,6,0.323,0.5,imm-9cc087,1784191155.3339953,True,
2026-07-16T11:22:46.017270+00:00,VIX,high_volatility,125,False,-0.0211,6,-0.366,0.333,0.025,,,,,,,True,
2026-07-16T11:23:21.406333+00:00,FTSE,trending_up,126,False,-0.0097,2,-0.95,0.5,0.01,,,,,,,True,
2026-07-16T11:23:25.603463+00:00,DAX,ranging,127,True,0.006,3,0.194,0.667,0.01,0.006,3,0.194,0.667,mut-a4265d,1784201005.4382305,True,
2026-07-16T11:23:29.752198+00:00,CAC40,ranging,127,False,-0.0075,2,-0.597,0.5,0.01,0.0141,2,0.883,0.5,mut-d02f92,1783972710.5198343,True,
2026-07-16T11:24:02.263193+00:00,NIKKEI,high_volatility,123,False,-0.0222,5,-0.458,0.2,0.0199,0.0244,3,0.828,0.667,mut-c1d5a1,1783914987.901319,True,
2026-07-16T11:24:37.011906+00:00,HSI,high_volatility,120,False,0.0235,4,0.56,0.75,0.01,0.0352,4,0.792,0.75,mut-744d4e,1783955409.693752,True,
2026-07-16T11:24:40.896100+00:00,SENSEX,ranging,121,False,-0.01,1,0.0,0.0,0.01,0.001,3,0.03,0.333,mut-dddd39,1784038554.1117454,True,
2026-07-16T11:25:16.868647+00:00,ASX200,ranging,126,False,-0.0309,4,-2.036,0.0,0.0297,,,,,,,True,
2026-07-16T11:25:20.973426+00:00,AAPL,high_volatility,123,False,0.0,0,,,,0.01,5,0.179,0.6,mut-98c72c,1784086472.9613838,True,
2026-07-16T11:25:59.128236+00:00,MSFT,high_volatility,123,False,0.0045,8,0.048,0.375,0.0199,0.0223,7,0.271,0.571,mut-4e19b5,1783972838.6352384,True,
2026-07-16T11:26:35.394454+00:00,NVDA,high_volatility,123,False,0.0,0,,,,0.0128,2,0.74,0.5,mut-361ee8,1784059084.653737,True,
2026-07-16T11:26:39.443016+00:00,GOOGL,high_volatility,123,False,0.0,0,,,,0.0293,3,1.297,0.667,mut-bd936b,1784086523.4267807,True,
2026-07-16T11:27:13.829669+00:00,AMZN,high_volatility,123,False,0.0108,4,0.217,0.5,0.01,0.0149,2,0.989,0.5,mut-c75244,1783887874.0052235,True,
2026-07-16T11:27:49.206854+00:00,META,high_volatility,123,False,-0.025,5,-0.508,0.2,0.025,0.0191,4,0.44,0.5,mut-c58e56,1784059191.2592885,True,
2026-07-16T11:28:22.640869+00:00,TSLA,high_volatility,123,False,0.0,0,,,,0.0236,4,0.569,0.75,mut-842635,1783887921.345828,True,
2026-07-16T11:28:26.701157+00:00,BRKB,ranging,123,False,-0.0153,3,-0.747,0.333,0.0199,,,,,,,True,
2026-07-16T11:28:30.862607+00:00,LLY,high_volatility,123,False,-0.0099,7,-0.131,0.429,0.0297,0.0193,6,0.272,0.5,mut-ada3e2,1783915238.5301852,True,
2026-07-16T11:28:34.917991+00:00,V,high_volatility,123,False,0.0025,6,0.038,0.5,0.0199,0.0266,6,0.391,0.667,imm-f3328c,1784191593.433811,True,
2026-07-16T11:28:39.062876+00:00,JPM,trending_up,123,False,0.0032,4,0.074,0.5,0.0199,0.0199,4,0.47,0.5,mut-a4e17d,1784125329.1309984,True,
2026-07-16T14:11:52.484044+00:00,EURUSD,ranging,130,False,0.013,2,0.763,0.5,0.0,0.0137,2,0.842,0.5,mut-401c68,1784143380.9236448,True,
2026-07-16T14:11:56.146166+00:00,GBPUSD,ranging,130,False,-0.01,2,-1.0,0.0,0.01,0.0082,2,0.373,0.5,mut-fb31af,1783566744.03113,True,
2026-07-16T14:13:36.895169+00:00,USDJPY,ranging,130,False,0.0,0,,,,0.0233,2,3.457,1.0,mut-c8e37a,1784124028.6479745,True,
2026-07-16T14:13:40.488953+00:00,AUDUSD,ranging,130,False,-0.0085,2,-0.746,0.5,0.01,0.0146,2,0.95,0.5,mut-a28adb,1784190421.5791826,True,
2026-07-16T14:13:44.362321+00:00,USDCAD,ranging,130,False,0.0121,1,0.0,1.0,0.0,0.0424,4,1.321,0.75,mut-fd7afd,1784124334.4320092,True,
2026-07-16T14:14:55.918207+00:00,USDCHF,ranging,130,False,0.0226,2,3.055,1.0,0.0,0.0226,2,3.055,1.0,imm-136d28,1784211228.0581954,True,
2026-07-16T14:16:21.759119+00:00,NZDUSD,ranging,130,False,-0.0052,3,-0.148,0.333,0.01,0.0136,2,0.824,0.5,mut-3fcd3d,1783999337.5030158,True,
2026-07-16T14:16:25.562979+00:00,EURGBP,trending_down,130,False,0.025,2,4.983,1.0,0.0,0.0256,2,5.838,1.0,mut-353d75,1784172388.5259166,True,
2026-07-16T14:18:18.560174+00:00,EURJPY,ranging,130,False,-0.0064,1,0.0,0.0,0.0,0.0032,1,0.0,1.0,mut-30033a,1784124488.987053,True,
2026-07-16T14:19:38.140079+00:00,GBPJPY,trending_up,130,False,0.0133,3,0.42,0.667,0.01,0.0135,3,0.427,0.667,mut-4ab97d,1784172465.838061,True,
2026-07-16T14:19:41.778513+00:00,XAUUSD,high_volatility,124,True,0.0504,6,0.825,0.667,0.01,0.0504,6,0.825,0.667,mut-e8162b,1784211581.6478493,True,
2026-07-16T14:19:45.591108+00:00,USOIL,high_volatility,124,False,0.0191,4,0.438,0.5,0.01,0.0203,2,2.087,1.0,mut-44fc90,1783821407.0754356,True,
2026-07-16T14:20:57.001032+00:00,BTCUSD,high_volatility,182,False,0.0437,4,1.469,0.75,0.0,0.0607,5,1.893,0.8,mut-785457,1783821498.0682824,True,
2026-07-16T14:21:37.728827+00:00,ETHUSD,high_volatility,182,False,0.0231,7,0.275,0.571,0.0297,0.0311,5,0.554,0.6,imm-e1fee5,1784104726.1002727,True,
2026-07-16T14:22:17.562245+00:00,SOLUSD,high_volatility,182,False,-0.0054,6,-0.08,0.333,0.0199,0.0321,6,0.465,0.667,mut-686c2a,1784017851.0391219,True,
2026-07-16T14:22:55.423409+00:00,XRPUSD,high_volatility,182,False,-0.0104,7,-0.137,0.286,0.0199,0.0297,6,0.441,0.667,adapti-cf3e36,1784172773.9428713,True,
2026-07-16T14:23:33.843277+00:00,BNBUSD,high_volatility,182,False,-0.0262,6,-0.486,0.167,0.0394,0.0104,5,0.185,0.6,imm-a3fc14,1783914688.6228325,True,
2026-07-16T14:24:09.559193+00:00,ADAUSD,high_volatility,182,False,0.0441,9,0.409,0.556,0.0199,0.0404,7,0.503,0.714,mut-5ea72f,1784124855.0026517,True,
2026-07-16T14:24:13.255104+00:00,SPX,trending_up,124,True,0.0169,3,0.508,0.667,0.01,0.0169,3,0.508,0.667,mut-208619,1784211853.1336818,True,
2026-07-16T14:24:49.874686+00:00,NASDAQ,ranging,124,False,-0.0436,5,-3.839,0.0,0.0394,0.0177,11,0.132,0.455,mut-d84022,1783650806.8484473,True,
2026-07-16T14:25:29.687352+00:00,DJI,trending_up,124,True,0.0277,4,0.672,0.75,0.01,0.0277,4,0.672,0.75,mut-624c36,1784211929.5001988,True,
2026-07-16T14:26:07.498692+00:00,RUT,trending_up,124,False,0.0038,3,0.123,0.333,0.01,0.0224,6,0.323,0.5,imm-9cc087,1784191155.3339953,True,
2026-07-16T14:26:42.429902+00:00,VIX,high_volatility,125,False,-0.0208,6,-0.36,0.333,0.025,,,,,,,True,
2026-07-16T14:26:46.264205+00:00,FTSE,trending_up,126,True,0.0031,3,0.1,0.333,0.01,0.0031,3,0.1,0.333,imm-7201c3,1784212006.124439,True,
2026-07-16T14:27:21.508036+00:00,DAX,ranging,127,False,0.0003,3,0.009,0.333,0.01,0.0064,3,0.206,0.667,mut-9657c6,1784212009.9277182,True,
2026-07-16T14:27:25.273900+00:00,CAC40,ranging,127,False,-0.0167,3,-0.892,0.333,0.0199,0.0141,2,0.883,0.5,mut-d02f92,1783972710.5198343,True,
2026-07-16T14:27:58.803423+00:00,NIKKEI,high_volatility,123,False,-0.0222,5,-0.458,0.2,0.0199,0.0244,3,0.828,0.667,mut-c1d5a1,1783914987.901319,True,
2026-07-16T14:28:32.318743+00:00,HSI,high_volatility,120,False,0.0235,4,0.56,0.75,0.01,0.0352,4,0.792,0.75,mut-744d4e,1783955409.693752,True,
2026-07-16T14:28:35.928248+00:00,SENSEX,ranging,121,False,-0.01,1,0.0,0.0,0.01,0.001,3,0.03,0.333,mut-dddd39,1784038554.1117454,True,
2026-07-16T14:29:09.211693+00:00,ASX200,ranging,125,False,-0.0027,2,-0.155,0.5,0.01,,,,,,,True,
2026-07-16T14:29:43.371611+00:00,AAPL,high_volatility,124,False,0.0045,4,0.099,0.5,0.0199,0.01,5,0.179,0.6,mut-98c72c,1784086472.9613838,True,
2026-07-16T14:30:19.330227+00:00,MSFT,high_volatility,124,False,0.0148,7,0.179,0.571,0.0199,0.0223,7,0.271,0.571,mut-4e19b5,1783972838.6352384,True,
2026-07-16T14:31:00.389690+00:00,NVDA,high_volatility,124,False,-0.0122,2,-1.56,0.0,0.01,0.0128,2,0.74,0.5,mut-361ee8,1784059084.653737,True,
2026-07-16T14:31:42.851094+00:00,GOOGL,high_volatility,124,False,0.0151,4,0.328,0.5,0.01,0.0293,3,1.297,0.667,mut-bd936b,1784086523.4267807,True,
2026-07-16T14:32:24.498352+00:00,AMZN,high_volatility,124,False,0.0077,2,0.344,0.5,0.0,0.0149,2,0.989,0.5,mut-c75244,1783887874.0052235,True,
2026-07-16T14:32:28.735692+00:00,META,high_volatility,124,False,-0.0151,4,-0.355,0.25,0.0199,0.0191,4,0.44,0.5,mut-c58e56,1784059191.2592885,True,
2026-07-16T14:33:08.386521+00:00,TSLA,high_volatility,124,False,-0.0151,3,-0.723,0.333,0.0199,0.0236,4,0.569,0.75,mut-842635,1783887921.345828,True,
2026-07-16T14:33:12.125402+00:00,BRKB,ranging,124,False,-0.0151,3,-0.724,0.333,0.0199,,,,,,,True,
2026-07-16T14:33:52.847983+00:00,LLY,high_volatility,124,False,-0.0076,7,-0.1,0.429,0.0297,0.0193,6,0.272,0.5,mut-ada3e2,1783915238.5301852,True,
2026-07-16T14:33:57.211773+00:00,V,high_volatility,124,False,0.0165,5,0.291,0.6,0.0199,0.0266,6,0.391,0.667,imm-f3328c,1784191593.433811,True,
2026-07-16T14:34:36.775481+00:00,JPM,trending_up,124,False,-0.0063,4,-0.157,0.25,0.0199,0.0199,4,0.47,0.5,mut-a4e17d,1784125329.1309984,True,
2026-07-16T19:24:37.797369+00:00,EURUSD,ranging,130,False,0.0141,2,0.886,0.5,0.0,0.0141,2,0.886,0.5,mut-fb54f1,1784229790.5111609,True,
2026-07-16T19:24:41.619761+00:00,GBPUSD,ranging,130,False,-0.01,2,-1.0,0.0,0.01,0.0082,2,0.373,0.5,mut-fb31af,1783566744.03113,True,
2026-07-16T19:24:45.562166+00:00,USDJPY,ranging,130,False,0.0,0,,,,0.0233,2,3.457,1.0,mut-c8e37a,1784124028.6479745,True,
2026-07-16T19:26:45.926572+00:00,AUDUSD,ranging,130,True,0.0149,2,0.982,0.5,0.0,0.0149,2,0.982,0.5,mut-fa41af,1784230005.7182124,True,
2026-07-16T19:26:49.855038+00:00,USDCAD,ranging,130,False,0.01,1,0.0,1.0,0.0,0.0424,4,1.321,0.75,mut-fd7afd,1784124334.4320092,True,
2026-07-16T19:26:53.900756+00:00,USDCHF,ranging,130,True,0.0233,2,3.492,1.0,0.0,0.0233,2,3.492,1.0,mut-0a5c1b,1784230013.7533252,True,
2026-07-16T19:26:58.258909+00:00,NZDUSD,ranging,130,False,-0.0052,3,-0.148,0.333,0.01,0.0136,2,0.824,0.5,mut-3fcd3d,1783999337.5030158,True,
2026-07-16T19:27:02.247403+00:00,EURGBP,trending_down,130,False,0.0025,4,0.057,0.5,0.0199,0.0256,2,5.838,1.0,mut-353d75,1784172388.5259166,True,
2026-07-16T19:27:06.134280+00:00,EURJPY,ranging,130,False,-0.0096,4,-0.235,0.25,0.01,0.0032,1,0.0,1.0,mut-30033a,1784124488.987053,True,
2026-07-16T19:28:17.155503+00:00,GBPJPY,trending_up,130,False,-0.0297,3,-121.863,0.0,0.0297,0.0135,3,0.427,0.667,mut-4ab97d,1784172465.838061,True,
2026-07-16T19:29:36.478340+00:00,XAUUSD,high_volatility,124,False,0.051,6,0.841,0.833,0.01,0.051,6,0.841,0.833,mut-a393fc,1784230101.0177186,True,
2026-07-16T19:29:41.571453+00:00,USOIL,high_volatility,124,False,0.0,0,,,,0.0203,2,2.087,1.0,mut-44fc90,1783821407.0754356,True,
2026-07-16T19:31:57.730898+00:00,BTCUSD,high_volatility,182,False,0.0447,4,1.591,0.75,0.0,0.0607,5,1.893,0.8,mut-785457,1783821498.0682824,True,
2026-07-16T19:33:22.530798+00:00,ETHUSD,high_volatility,182,False,0.0311,5,0.554,0.6,0.01,0.0311,5,0.554,0.6,imm-e1fee5,1784104726.1002727,True,
2026-07-16T19:34:40.214391+00:00,SOLUSD,high_volatility,182,False,0.0309,6,0.45,0.667,0.0199,0.0321,6,0.465,0.667,mut-686c2a,1784017851.0391219,True,
2026-07-16T19:35:22.214893+00:00,XRPUSD,high_volatility,182,False,0.037,8,0.392,0.625,0.01,0.0297,6,0.441,0.667,adapti-cf3e36,1784172773.9428713,True,
2026-07-16T19:36:02.913671+00:00,BNBUSD,high_volatility,182,False,-0.0495,6,-2.389,0.0,0.049,0.0104,5,0.185,0.6,imm-a3fc14,1783914688.6228325,True,
2026-07-16T19:36:43.325493+00:00,ADAUSD,high_volatility,182,False,0.0301,8,0.313,0.625,0.0199,0.0423,7,0.532,0.714,mut-f33301,1784230567.3072674,True,
2026-07-16T19:37:22.265655+00:00,SPX,trending_up,124,False,0.0,0,,,,0.0169,3,0.508,0.667,mut-208619,1784211853.1336818,True,
2026-07-16T19:37:26.332118+00:00,NASDAQ,ranging,124,False,-0.0413,5,-2.578,0.0,0.0394,0.0177,11,0.132,0.455,mut-d84022,1783650806.8484473,True,
2026-07-16T19:37:30.285246+00:00,DJI,trending_up,124,False,0.0,0,,,,0.0277,4,0.672,0.75,mut-624c36,1784211929.5001988,True,
2026-07-16T19:38:07.384131+00:00,RUT,trending_up,124,False,-0.0178,3,-1.051,0.333,0.0199,0.0224,6,0.323,0.5,imm-9cc087,1784191155.3339953,True,
2026-07-16T19:38:43.638819+00:00,VIX,high_volatility,125,False,-0.0224,6,-0.396,0.333,0.025,,,,,,,True,
2026-07-16T19:38:47.749414+00:00,FTSE,trending_up,126,False,-0.0235,3,-2.605,0.0,0.0199,0.0031,3,0.1,0.333,imm-7201c3,1784212006.124439,True,
2026-07-16T19:39:24.666431+00:00,DAX,ranging,127,False,0.0051,3,0.166,0.667,0.01,0.0064,3,0.206,0.667,mut-9657c6,1784212009.9277182,True,
2026-07-16T19:40:03.514983+00:00,CAC40,ranging,127,False,-0.0048,2,-0.32,0.5,0.01,0.0141,2,0.883,0.5,mut-d02f92,1783972710.5198343,True,
2026-07-16T19:40:44.525547+00:00,NIKKEI,high_volatility,122,False,-0.0168,5,-0.347,0.2,0.0199,0.0244,3,0.828,0.667,mut-c1d5a1,1783914987.901319,True,
2026-07-16T19:41:27.695741+00:00,HSI,high_volatility,119,False,0.0199,4,0.463,0.5,0.01,0.0352,4,0.792,0.75,mut-744d4e,1783955409.693752,True,
2026-07-16T19:41:31.625480+00:00,SENSEX,ranging,120,False,-0.0111,2,-1.257,0.0,0.01,0.001,3,0.03,0.333,mut-dddd39,1784038554.1117454,True,
2026-07-16T19:42:11.582981+00:00,ASX200,ranging,125,False,-0.0303,4,-1.873,0.0,0.0297,,,,,,,True,
2026-07-16T19:42:15.659438+00:00,AAPL,high_volatility,124,False,0.0,0,,,,0.01,5,0.179,0.6,mut-98c72c,1784086472.9613838,True,
2026-07-16T19:42:53.502046+00:00,MSFT,high_volatility,124,False,-0.0084,7,-0.11,0.429,0.025,0.0367,6,0.526,0.667,mut-ad0f70,1784230939.7517087,True,
2026-07-16T19:43:30.137877+00:00,NVDA,high_volatility,124,False,-0.0106,2,-1.133,0.0,0.01,0.0128,2,0.74,0.5,mut-361ee8,1784059084.653737,True,
2026-07-16T19:43:34.168720+00:00,GOOGL,high_volatility,124,False,0.0249,4,0.599,0.75,0.01,0.0293,3,1.297,0.667,mut-bd936b,1784086523.4267807,True,
2026-07-16T19:44:11.537565+00:00,AMZN,high_volatility,124,False,0.0109,2,0.572,0.5,0.0,0.0149,2,0.989,0.5,mut-c75244,1783887874.0052235,True,
2026-07-16T19:44:15.620243+00:00,META,high_volatility,124,False,-0.0151,4,-0.355,0.25,0.0199,0.0191,4,0.44,0.5,mut-c58e56,1784059191.2592885,True,
2026-07-16T19:44:19.667513+00:00,TSLA,high_volatility,124,False,0.0,0,,,,0.0236,4,0.569,0.75,mut-842635,1783887921.345828,True,
2026-07-16T19:44:54.773405+00:00,BRKB,ranging,124,False,-0.0197,3,-1.377,0.333,0.0199,,,,,,,True,
2026-07-16T19:44:59.277460+00:00,LLY,high_volatility,124,False,-0.008,7,-0.106,0.429,0.0297,0.0193,6,0.272,0.5,mut-ada3e2,1783915238.5301852,True,
2026-07-16T19:45:03.375559+00:00,V,high_volatility,124,False,-0.0013,4,-0.03,0.5,0.0199,0.0266,6,0.391,0.667,imm-f3328c,1784191593.433811,True,
2026-07-16T19:45:07.785664+00:00,JPM,trending_up,124,False,0.0015,3,0.047,0.333,0.01,0.0199,4,0.47,0.5,mut-a4e17d,1784125329.1309984,True,
2026-07-17T08:21:36.832850+00:00,EURUSD,ranging,130,False,0.0164,2,1.201,1.0,0.0,0.0141,2,0.886,0.5,mut-fb54f1,1784229790.5111609,True,
2026-07-17T08:21:40.939250+00:00,GBPUSD,ranging,130,False,-0.0009,1,0.0,0.0,0.0,0.0082,2,0.373,0.5,mut-fb31af,1783566744.03113,True,
2026-07-17T08:22:55.868524+00:00,USDJPY,ranging,130,False,0.0,0,,,,0.0403,3,5.64,1.0,mut-2ba8e1,1784276504.8893383,True,
2026-07-17T08:24:35.611632+00:00,AUDUSD,ranging,130,False,0.0165,2,1.225,1.0,0.0,0.0149,2,0.982,0.5,mut-fa41af,1784230005.7182124,True,
2026-07-17T08:25:53.411614+00:00,USDCAD,ranging,130,False,0.0142,4,0.308,0.5,0.01,0.0424,4,1.321,0.75,mut-fd7afd,1784124334.4320092,True,
2026-07-17T08:27:04.786856+00:00,USDCHF,ranging,130,False,0.0278,3,1.117,0.667,0.0,0.0233,2,3.492,1.0,mut-0a5c1b,1784230013.7533252,True,
2026-07-17T08:28:38.950859+00:00,NZDUSD,ranging,130,False,-0.0052,3,-0.148,0.333,0.01,0.0136,2,0.824,0.5,mut-3fcd3d,1783999337.5030158,True,
2026-07-17T08:29:46.093606+00:00,EURGBP,trending_down,130,False,0.0104,3,0.337,0.667,0.01,0.0256,2,5.838,1.0,mut-353d75,1784172388.5259166,True,
2026-07-17T08:31:04.480241+00:00,EURJPY,ranging,130,False,-0.0153,3,-0.741,0.333,0.0199,0.0032,1,0.0,1.0,mut-30033a,1784124488.987053,True,
2026-07-17T08:31:48.662368+00:00,GBPJPY,trending_up,130,False,0.018,2,1.49,1.0,0.0,0.018,2,1.49,1.0,mut-dab812,1784277068.5974326,True,
2026-07-17T08:32:30.315225+00:00,XAUUSD,high_volatility,124,False,0.0504,6,0.825,0.667,0.01,0.051,6,0.841,0.833,mut-a393fc,1784230101.0177186,True,
2026-07-17T08:33:08.022299+00:00,USOIL,high_volatility,124,False,-0.0323,4,-2.552,0.0,0.0297,0.0203,2,2.087,1.0,mut-44fc90,1783821407.0754356,True,
2026-07-17T08:33:46.229914+00:00,BTCUSD,high_volatility,182,False,0.0379,5,0.757,0.8,0.01,0.0607,5,1.893,0.8,mut-785457,1783821498.0682824,True,
2026-07-17T08:34:28.833313+00:00,ETHUSD,high_volatility,182,False,-0.0004,8,-0.004,0.375,0.0394,0.0338,5,0.629,0.6,imm-7ac82e,1784277230.6638775,True,
2026-07-17T08:35:09.194106+00:00,SOLUSD,high_volatility,182,False,0.0328,6,0.474,0.667,0.0199,0.0328,6,0.474,0.667,mut-0ee72e,1784277273.123327,True,
2026-07-17T08:35:47.625282+00:00,XRPUSD,high_volatility,182,False,0.0028,6,0.042,0.5,0.0199,0.0297,6,0.441,0.667,adapti-cf3e36,1784172773.9428713,True,
2026-07-17T08:36:28.636488+00:00,BNBUSD,high_volatility,182,False,-0.0236,6,-0.428,0.333,0.0394,0.0104,5,0.185,0.6,imm-a3fc14,1783914688.6228325,True,
2026-07-17T08:37:06.284354+00:00,ADAUSD,high_volatility,182,False,0.0157,9,0.142,0.444,0.0297,0.0423,7,0.532,0.714,mut-f33301,1784230567.3072674,True,
2026-07-17T08:37:44.200009+00:00,SPX,trending_up,123,False,0.0,0,,,,0.0169,3,0.508,0.667,mut-208619,1784211853.1336818,True,
2026-07-17T08:38:22.188264+00:00,NASDAQ,ranging,123,False,-0.0321,4,-2.467,0.0,0.0297,0.0177,11,0.132,0.455,mut-d84022,1783650806.8484473,True,
2026-07-17T08:38:26.242297+00:00,DJI,trending_up,123,False,-0.0199,2,-199.0,0.0,0.0199,0.0277,4,0.672,0.75,mut-624c36,1784211929.5001988,True,
2026-07-17T08:38:30.247986+00:00,RUT,trending_up,123,False,-0.0174,3,-0.983,0.333,0.0199,0.0224,6,0.323,0.5,imm-9cc087,1784191155.3339953,True,
2026-07-17T08:39:06.618190+00:00,VIX,high_volatility,125,False,-0.0149,5,-0.308,0.4,0.0199,,,,,,,True,
2026-07-17T08:39:43.039003+00:00,FTSE,trending_up,126,False,-0.0147,2,-2.757,0.0,0.01,0.0101,3,0.325,0.667,mut-667c96,1784277550.617821,True,
2026-07-17T08:40:21.028594+00:00,DAX,ranging,127,False,-0.0446,5,-4.772,0.0,0.0394,0.0064,3,0.206,0.667,mut-9657c6,1784212009.9277182,True,
2026-07-17T08:40:25.094364+00:00,CAC40,ranging,127,False,0.0116,2,0.633,0.5,0.0,0.0141,2,0.883,0.5,mut-d02f92,1783972710.5198343,True,
2026-07-17T08:41:05.396951+00:00,NIKKEI,high_volatility,123,False,0.0,0,,,,0.0244,3,0.828,0.667,mut-c1d5a1,1783914987.901319,True,
2026-07-17T08:41:44.567719+00:00,HSI,high_volatility,120,False,0.0186,4,0.426,0.5,0.01,0.0352,4,0.792,0.75,mut-744d4e,1783955409.693752,True,
2026-07-17T08:42:24.408196+00:00,SENSEX,trending_up,121,False,-0.0057,2,-0.401,0.5,0.01,,,,,,,True,
2026-07-17T08:42:28.454344+00:00,ASX200,ranging,126,False,-0.019,3,-1.235,0.333,0.0199,,,,,,,True,
2026-07-17T08:43:04.542211+00:00,AAPL,high_volatility,123,False,0.0097,5,0.174,0.4,0.01,0.01,5,0.179,0.6,mut-98c72c,1784086472.9613838,True,
2026-07-17T08:43:08.763389+00:00,MSFT,high_volatility,123,False,0.0193,7,0.235,0.571,0.0199,0.0367,6,0.526,0.667,mut-ad0f70,1784230939.7517087,True,
2026-07-17T08:43:46.104788+00:00,NVDA,high_volatility,123,False,-0.0095,2,-0.909,0.5,0.01,0.0128,2,0.74,0.5,mut-361ee8,1784059084.653737,True,
2026-07-17T08:44:21.455963+00:00,GOOGL,high_volatility,123,False,0.0172,4,0.387,0.5,0.01,0.0293,3,1.297,0.667,mut-bd936b,1784086523.4267807,True,
2026-07-17T08:44:54.082076+00:00,AMZN,high_volatility,123,False,0.0122,2,0.688,0.5,0.0,0.0149,2,0.989,0.5,mut-c75244,1783887874.0052235,True,
2026-07-17T08:44:58.084125+00:00,META,high_volatility,123,False,-0.0347,6,-0.636,0.167,0.0347,0.0191,4,0.44,0.5,mut-c58e56,1784059191.2592885,True,
2026-07-17T08:45:41.201970+00:00,TSLA,high_volatility,123,False,0.0075,1,0.0,1.0,0.0,0.0236,4,0.569,0.75,mut-842635,1783887921.345828,True,
2026-07-17T08:45:45.192197+00:00,BRKB,ranging,123,False,0.0,0,,,,,,,,,,True,
2026-07-17T08:46:26.647465+00:00,LLY,high_volatility,123,False,-0.0084,7,-0.111,0.429,0.0297,0.0193,6,0.272,0.5,mut-ada3e2,1783915238.5301852,True,
2026-07-17T08:46:30.774339+00:00,V,high_volatility,123,False,0.0149,3,0.462,0.667,0.01,0.0266,6,0.391,0.667,imm-f3328c,1784191593.433811,True,
2026-07-17T08:46:34.789640+00:00,JPM,trending_up,123,False,0.0009,4,0.02,0.5,0.0199,0.0199,4,0.47,0.5,mut-a4e17d,1784125329.1309984,True,
2026-07-17T13:54:37.671372+00:00,EURUSD,ranging,130,False,0.0166,2,1.235,1.0,0.0,0.0141,2,0.886,0.5,mut-fb54f1,1784229790.5111609,True,
2026-07-17T13:54:41.777380+00:00,GBPUSD,ranging,130,False,-0.0008,1,0.0,0.0,0.0,0.0082,2,0.373,0.5,mut-fb31af,1783566744.03113,True,
2026-07-17T13:54:45.987634+00:00,USDJPY,ranging,130,True,0.0407,3,6.212,1.0,0.0,0.0407,3,6.212,1.0,adapti-bcdec0,1784296485.7270987,True,
2026-07-17T13:56:08.050487+00:00,AUDUSD,ranging,130,False,-0.0119,5,-0.238,0.4,0.0199,0.0149,2,0.982,0.5,mut-fa41af,1784230005.7182124,True,
2026-07-17T13:57:50.660955+00:00,USDCAD,ranging,130,False,0.0121,4,0.253,0.5,0.01,0.0424,4,1.321,0.75,mut-fd7afd,1784124334.4320092,True,
2026-07-17T13:59:04.956600+00:00,USDCHF,ranging,130,False,0.0,0,,,,0.0233,2,3.492,1.0,mut-0a5c1b,1784230013.7533252,True,
2026-07-17T13:59:09.754885+00:00,NZDUSD,ranging,130,False,-0.0052,3,-0.148,0.333,0.01,0.0136,2,0.824,0.5,mut-3fcd3d,1783999337.5030158,True,
2026-07-17T13:59:13.758004+00:00,EURGBP,trending_down,130,False,0.0211,2,2.365,1.0,0.0,0.0256,2,5.838,1.0,mut-353d75,1784172388.5259166,True,
2026-07-17T14:00:28.790495+00:00,EURJPY,ranging,130,False,-0.016,3,-0.819,0.333,0.0199,0.0032,1,0.0,1.0,mut-30033a,1784124488.987053,True,
2026-07-17T14:02:31.990399+00:00,GBPJPY,trending_up,130,False,0.0,0,,,,0.018,2,1.49,1.0,mut-dab812,1784277068.5974326,True,
2026-07-17T14:02:35.933359+00:00,XAUUSD,high_volatility,124,False,0.0505,6,0.828,0.667,0.01,0.051,6,0.841,0.833,mut-a393fc,1784230101.0177186,True,
2026-07-17T14:03:59.431872+00:00,USOIL,high_volatility,124,False,-0.0346,4,-3.993,0.0,0.0297,0.0203,2,2.087,1.0,mut-44fc90,1783821407.0754356,True,
2026-07-17T14:05:24.775738+00:00,BTCUSD,high_volatility,182,False,0.0368,5,0.726,0.8,0.01,0.0607,5,1.893,0.8,mut-785457,1783821498.0682824,True,
2026-07-17T14:06:06.387110+00:00,ETHUSD,high_volatility,182,False,0.0192,7,0.231,0.571,0.0297,0.0338,5,0.629,0.6,imm-7ac82e,1784277230.6638775,True,
2026-07-17T14:06:46.324362+00:00,SOLUSD,high_volatility,182,False,0.0171,6,0.23,0.5,0.0199,0.0328,6,0.474,0.667,mut-0ee72e,1784277273.123327,True,
2026-07-17T14:07:26.650517+00:00,XRPUSD,high_volatility,182,False,0.0025,6,0.036,0.5,0.0199,0.0297,6,0.441,0.667,adapti-cf3e36,1784172773.9428713,True,
2026-07-17T14:08:06.609984+00:00,BNBUSD,high_volatility,182,True,0.0108,3,0.351,0.667,0.01,0.0108,3,0.351,0.667,mut-35a5aa,1784297286.5005786,True,
2026-07-17T14:08:46.298755+00:00,ADAUSD,high_volatility,182,False,0.0168,9,0.152,0.444,0.0297,0.0423,7,0.532,0.714,mut-f33301,1784230567.3072674,True,
2026-07-17T14:09:24.355931+00:00,SPX,ranging,124,False,-0.0188,3,-1.196,0.333,0.0199,,,,,,,True,
2026-07-17T14:10:01.859110+00:00,NASDAQ,trending_down,124,False,-0.039,5,-1.9,0.2,0.0394,,,,,,,True,
2026-07-17T14:10:45.769503+00:00,DJI,trending_up,124,False,-0.0199,2,-199.0,0.0,0.0199,0.0277,4,0.672,0.75,mut-624c36,1784211929.5001988,True,
2026-07-17T14:11:26.665792+00:00,RUT,ranging,124,False,-0.0182,3,-1.099,0.333,0.0199,0.0199,4,0.464,0.5,imm-2023df,1783955249.1965785,True,
2026-07-17T14:12:04.146479+00:00,VIX,high_volatility,125,False,-0.0196,5,-0.41,0.2,0.0199,,,,,,,True,
2026-07-17T14:12:47.035107+00:00,FTSE,trending_up,126,False,-0.0242,3,-3.048,0.0,0.0199,0.0101,3,0.325,0.667,mut-667c96,1784277550.617821,True,
2026-07-17T14:13:23.590729+00:00,DAX,ranging,127,False,-0.0084,2,-0.728,0.5,0.01,0.0064,3,0.206,0.667,mut-9657c6,1784212009.9277182,True,
2026-07-17T14:13:27.889851+00:00,CAC40,ranging,127,False,0.0128,2,0.742,0.5,0.0,0.0141,2,0.883,0.5,mut-d02f92,1783972710.5198343,True,
2026-07-17T14:14:05.141451+00:00,NIKKEI,high_volatility,123,False,0.0,0,,,,0.0244,3,0.828,0.667,mut-c1d5a1,1783914987.901319,True,
2026-07-17T14:14:43.740580+00:00,HSI,high_volatility,120,False,0.0,0,,,,0.0352,4,0.792,0.75,mut-744d4e,1783955409.693752,True,
2026-07-17T14:14:47.725193+00:00,SENSEX,trending_up,121,False,-0.01,1,0.0,0.0,0.01,,,,,,,True,
2026-07-17T14:14:52.102140+00:00,ASX200,ranging,125,False,-0.0303,4,-1.868,0.0,0.0297,,,,,,,True,
2026-07-17T14:14:56.188246+00:00,AAPL,high_volatility,124,False,0.0,0,,,,0.01,5,0.179,0.6,mut-98c72c,1784086472.9613838,True,
2026-07-17T14:15:00.675956+00:00,MSFT,high_volatility,124,False,0.0322,6,0.472,0.667,0.01,0.0367,6,0.526,0.667,mut-ad0f70,1784230939.7517087,True,
2026-07-17T14:15:43.791791+00:00,NVDA,high_volatility,124,False,-0.0096,2,-0.932,0.5,0.01,0.0128,2,0.74,0.5,mut-361ee8,1784059084.653737,True,
2026-07-17T14:15:48.432833+00:00,GOOGL,high_volatility,124,False,0.0,0,,,,0.0293,3,1.297,0.667,mut-bd936b,1784086523.4267807,True,
2026-07-17T14:16:29.489428+00:00,AMZN,high_volatility,124,False,0.0087,5,0.153,0.4,0.0199,0.0149,2,0.989,0.5,mut-c75244,1783887874.0052235,True,
2026-07-17T14:16:33.588293+00:00,META,high_volatility,124,False,-0.027,8,-0.326,0.25,0.0394,0.0191,4,0.44,0.5,mut-c58e56,1784059191.2592885,True,
2026-07-17T14:16:37.598698+00:00,TSLA,high_volatility,124,False,0.0,0,,,,0.0236,4,0.569,0.75,mut-842635,1783887921.345828,True,
2026-07-17T14:16:41.657141+00:00,BRKB,trending_up,124,False,0.0,0,,,,0.0107,2,0.551,0.5,mut-b3b3f6,1783888008.384338,True,
2026-07-17T14:17:24.521724+00:00,LLY,high_volatility,124,False,-0.0068,7,-0.089,0.429,0.0297,0.0193,6,0.272,0.5,mut-ada3e2,1783915238.5301852,True,
2026-07-17T14:18:05.364325+00:00,V,high_volatility,124,False,0.0049,2,0.193,0.5,0.01,0.0266,6,0.391,0.667,imm-f3328c,1784191593.433811,True,
2026-07-17T14:18:09.463782+00:00,JPM,trending_up,124,False,0.0179,4,0.412,0.5,0.01,0.0199,4,0.47,0.5,mut-a4e17d,1784125329.1309984,True,
2026-07-17T19:21:00.593365+00:00,EURUSD,ranging,130,False,0.0167,2,1.253,1.0,0.0,0.0141,2,0.886,0.5,mut-fb54f1,1784229790.5111609,True,
2026-07-17T19:21:04.679928+00:00,GBPUSD,ranging,130,False,-0.0009,1,0.0,0.0,0.0,0.0082,2,0.373,0.5,mut-fb31af,1783566744.03113,True,
2026-07-17T19:22:18.318394+00:00,USDJPY,ranging,130,False,0.0414,3,7.496,1.0,0.0,0.0414,3,7.496,1.0,mut-8cb29d,1784316068.7344902,True,
2026-07-17T19:24:02.202613+00:00,AUDUSD,ranging,130,False,0.016,2,1.143,1.0,0.0,0.0149,2,0.982,0.5,mut-fa41af,1784230005.7182124,True,
2026-07-17T19:25:20.129769+00:00,USDCAD,ranging,130,False,0.0378,4,0.944,0.75,0.0,0.0424,4,1.321,0.75,mut-fd7afd,1784124334.4320092,True,
2026-07-17T19:25:24.128841+00:00,USDCHF,ranging,130,False,0.0283,3,1.177,0.667,0.0,0.0233,2,3.492,1.0,mut-0a5c1b,1784230013.7533252,True,
2026-07-17T19:25:28.118185+00:00,NZDUSD,ranging,130,False,-0.0052,3,-0.148,0.333,0.01,0.0136,2,0.824,0.5,mut-3fcd3d,1783999337.5030158,True,
2026-07-17T19:26:42.818651+00:00,EURGBP,trending_down,130,False,0.0351,3,2.43,1.0,0.0,0.0256,2,5.838,1.0,mut-353d75,1784172388.5259166,True,
2026-07-17T19:28:20.857220+00:00,EURJPY,ranging,130,False,-0.0154,3,-0.751,0.333,0.0199,0.0032,1,0.0,1.0,mut-30033a,1784124488.987053,True,
2026-07-17T19:29:34.593749+00:00,GBPJPY,trending_up,130,False,0.0184,2,1.577,1.0,0.0,0.0184,2,1.577,1.0,mut-e74d02,1784316504.8768647,True,
2026-07-17T19:29:38.494801+00:00,XAUUSD,high_volatility,124,False,0.0497,6,0.806,0.667,0.01,0.051,6,0.841,0.833,mut-a393fc,1784230101.0177186,True,
2026-07-17T19:30:55.602570+00:00,USOIL,high_volatility,124,False,-0.0349,4,-4.256,0.0,0.0297,0.0203,2,2.087,1.0,mut-44fc90,1783821407.0754356,True,
2026-07-17T19:31:40.749527+00:00,BTCUSD,high_volatility,182,False,0.0346,5,0.664,0.6,0.01,0.0607,5,1.893,0.8,mut-785457,1783821498.0682824,True,
2026-07-17T19:32:24.331848+00:00,ETHUSD,high_volatility,182,False,0.0186,7,0.224,0.571,0.0297,0.0338,5,0.629,0.6,imm-7ac82e,1784277230.6638775,True,
2026-07-17T19:33:05.622625+00:00,SOLUSD,high_volatility,182,False,0.0,0,,,,0.0328,6,0.474,0.667,mut-0ee72e,1784277273.123327,True,
2026-07-17T19:33:44.630725+00:00,XRPUSD,high_volatility,182,False,0.0018,6,0.026,0.5,0.0199,0.0297,6,0.441,0.667,adapti-cf3e36,1784172773.9428713,True,
2026-07-17T19:34:28.149316+00:00,BNBUSD,high_volatility,182,False,-0.0366,7,-0.605,0.143,0.0394,0.0108,3,0.351,0.667,mut-35a5aa,1784297286.5005786,True,
2026-07-17T19:35:09.869422+00:00,ADAUSD,high_volatility,182,False,0.0436,9,0.404,0.556,0.0199,0.0423,7,0.532,0.714,mut-f33301,1784230567.3072674,True,
2026-07-17T19:35:49.040195+00:00,SPX,ranging,124,False,0.0,0,,,,,,,,,,True,
2026-07-17T19:36:30.187685+00:00,NASDAQ,trending_down,124,False,-0.0388,5,-1.861,0.2,0.0394,,,,,,,True,
2026-07-17T19:37:07.831697+00:00,DJI,trending_up,124,False,0.0059,3,0.195,0.667,0.01,0.0277,4,0.672,0.75,mut-624c36,1784211929.5001988,True,
2026-07-17T19:37:45.770059+00:00,RUT,ranging,124,False,0.0007,3,0.023,0.333,0.01,0.0199,4,0.464,0.5,imm-2023df,1783955249.1965785,True,
2026-07-17T19:37:49.740921+00:00,VIX,high_volatility,125,False,-0.0257,6,-0.469,0.167,0.025,,,,,,,True,
2026-07-17T19:38:28.255268+00:00,FTSE,trending_up,126,False,-0.0148,2,-2.871,0.0,0.01,0.0101,3,0.325,0.667,mut-667c96,1784277550.617821,True,
2026-07-17T19:38:32.183943+00:00,DAX,ranging,127,False,-0.009,2,-0.814,0.5,0.01,0.0064,3,0.206,0.667,mut-9657c6,1784212009.9277182,True,
2026-07-17T19:39:06.872246+00:00,CAC40,ranging,127,False,-0.0249,3,-3.547,0.0,0.0199,0.0141,2,0.883,0.5,mut-d02f92,1783972710.5198343,True,
2026-07-17T19:39:11.095477+00:00,NIKKEI,high_volatility,122,False,0.0,0,,,,0.0244,3,0.828,0.667,mut-c1d5a1,1783914987.901319,True,
2026-07-17T19:39:15.065302+00:00,HSI,high_volatility,119,False,0.0031,6,0.045,0.5,0.0199,0.0352,4,0.792,0.75,mut-744d4e,1783955409.693752,True,
2026-07-17T19:39:18.992335+00:00,SENSEX,ranging,120,False,-0.0108,2,-1.163,0.0,0.01,0.001,3,0.03,0.333,mut-dddd39,1784038554.1117454,True,
2026-07-17T19:39:22.973138+00:00,ASX200,ranging,125,False,-0.0279,4,-1.371,0.25,0.0297,,,,,,,True,
2026-07-17T19:40:00.004801+00:00,AAPL,high_volatility,124,False,-0.0237,7,-0.325,0.286,0.049,0.01,5,0.179,0.6,mut-98c72c,1784086472.9613838,True,
2026-07-17T19:40:04.268644+00:00,MSFT,high_volatility,124,False,0.0144,7,0.174,0.429,0.0199,0.0367,6,0.526,0.667,mut-ad0f70,1784230939.7517087,True,
2026-07-17T19:40:46.731251+00:00,NVDA,high_volatility,124,False,-0.0085,2,-0.736,0.5,0.01,0.0128,2,0.74,0.5,mut-361ee8,1784059084.653737,True,
2026-07-17T19:40:50.859405+00:00,GOOGL,high_volatility,124,False,0.0265,4,0.639,0.75,0.01,0.0293,3,1.297,0.667,mut-bd936b,1784086523.4267807,True,
2026-07-17T19:41:33.199174+00:00,AMZN,high_volatility,124,False,0.0,0,,,,0.0149,2,0.989,0.5,mut-c75244,1783887874.0052235,True,
2026-07-17T19:42:12.186758+00:00,META,high_volatility,124,False,-0.0255,8,-0.31,0.25,0.0394,0.0191,4,0.44,0.5,mut-c58e56,1784059191.2592885,True,
2026-07-17T19:42:49.916197+00:00,TSLA,high_volatility,124,False,0.0054,1,0.0,1.0,0.0,0.0236,4,0.569,0.75,mut-842635,1783887921.345828,True,
2026-07-17T19:42:53.861612+00:00,BRKB,ranging,124,False,0.0,0,,,,,,,,,,True,
2026-07-17T19:43:33.670278+00:00,LLY,high_volatility,124,False,0.0086,3,0.283,0.667,0.01,0.0193,6,0.272,0.5,mut-ada3e2,1783915238.5301852,True,
2026-07-17T19:43:37.684935+00:00,V,high_volatility,124,False,-0.0202,6,-0.352,0.333,0.0394,0.0266,6,0.391,0.667,imm-f3328c,1784191593.433811,True,
2026-07-17T19:43:41.821701+00:00,JPM,trending_up,124,False,0.0095,3,0.311,0.667,0.01,0.0199,4,0.47,0.5,mut-a4e17d,1784125329.1309984,True,
2026-07-18T03:13:55.976501+00:00,EURUSD,ranging,130,False,0.0161,2,1.151,1.0,0.0,0.0141,2,0.886,0.5,mut-fb54f1,1784229790.5111609,True,
2026-07-18T03:14:00.076697+00:00,GBPUSD,ranging,130,False,-0.0009,1,0.0,0.0,0.0,0.0082,2,0.373,0.5,mut-fb31af,1783566744.03113,True,
2026-07-18T03:14:04.123154+00:00,USDJPY,ranging,130,False,0.0403,3,5.71,1.0,0.0,0.0414,3,7.496,1.0,mut-8cb29d,1784316068.7344902,True,
2026-07-18T03:15:17.539391+00:00,AUDUSD,ranging,130,False,-0.0177,5,-0.367,0.2,0.0199,0.0149,2,0.982,0.5,mut-fa41af,1784230005.7182124,True,
2026-07-18T03:17:14.550009+00:00,USDCAD,ranging,130,False,0.0384,4,0.988,0.75,0.0,0.0424,4,1.321,0.75,mut-fd7afd,1784124334.4320092,True,
2026-07-18T03:18:33.879499+00:00,USDCHF,ranging,130,False,0.0121,3,0.387,0.667,0.01,0.0233,2,3.492,1.0,mut-0a5c1b,1784230013.7533252,True,
2026-07-18T03:19:45.462157+00:00,NZDUSD,ranging,130,False,-0.0052,3,-0.148,0.333,0.01,0.0136,2,0.824,0.5,mut-3fcd3d,1783999337.5030158,True,
2026-07-18T03:21:39.337553+00:00,EURGBP,trending_down,130,False,0.0211,2,2.36,1.0,0.0,0.0256,2,5.838,1.0,mut-353d75,1784172388.5259166,True,
2026-07-18T03:22:51.234464+00:00,EURJPY,ranging,130,False,0.0,0,,,,0.0032,1,0.0,1.0,mut-30033a,1784124488.987053,True,
2026-07-18T03:22:55.309158+00:00,GBPJPY,trending_up,130,False,0.0,0,,,,0.0184,2,1.577,1.0,mut-e74d02,1784316504.8768647,True,
2026-07-18T03:22:59.223043+00:00,XAUUSD,high_volatility,124,False,0.0491,6,0.789,0.667,0.01,0.051,6,0.841,0.833,mut-a393fc,1784230101.0177186,True,
2026-07-18T03:24:03.911925+00:00,USOIL,high_volatility,124,False,-0.0353,4,-4.688,0.0,0.0297,0.0203,2,2.087,1.0,mut-44fc90,1783821407.0754356,True,
2026-07-18T03:24:43.712247+00:00,BTCUSD,high_volatility,181,False,0.0454,4,1.691,0.75,0.0,0.0607,5,1.893,0.8,mut-785457,1783821498.0682824,True,
2026-07-18T03:25:24.575300+00:00,ETHUSD,high_volatility,181,False,0.0,0,,,,0.0338,5,0.629,0.6,imm-7ac82e,1784277230.6638775,True,
2026-07-18T03:26:04.119202+00:00,SOLUSD,high_volatility,181,False,-0.007,6,-0.102,0.333,0.0199,0.0328,6,0.474,0.667,mut-0ee72e,1784277273.123327,True,
2026-07-18T03:26:41.372967+00:00,XRPUSD,high_volatility,181,False,0.0017,6,0.026,0.5,0.0199,0.0297,6,0.441,0.667,adapti-cf3e36,1784172773.9428713,True,
2026-07-18T03:27:16.608948+00:00,BNBUSD,high_volatility,181,False,0.0055,3,0.182,0.667,0.01,0.0108,3,0.351,0.667,mut-35a5aa,1784297286.5005786,True,
2026-07-18T03:27:51.193508+00:00,ADAUSD,high_volatility,181,False,0.0,0,,,,0.0423,7,0.532,0.714,mut-f33301,1784230567.3072674,True,
2026-07-18T03:28:25.319834+00:00,SPX,ranging,124,False,-0.0315,4,-2.229,0.0,0.0297,,,,,,,True,
2026-07-18T03:29:01.282530+00:00,NASDAQ,trending_down,124,False,-0.0389,5,-1.87,0.2,0.0394,,,,,,,True,
2026-07-18T03:29:36.786084+00:00,DJI,trending_up,124,False,0.0059,3,0.194,0.667,0.01,0.0277,4,0.672,0.75,mut-624c36,1784211929.5001988,True,
2026-07-18T03:30:11.941625+00:00,RUT,ranging,124,False,0.0014,3,0.044,0.333,0.01,0.0199,4,0.464,0.5,imm-2023df,1783955249.1965785,True,
2026-07-18T03:30:58.558814+00:00,VIX,high_volatility,125,False,-0.0144,5,-0.297,0.4,0.0199,,,,,,,True,
2026-07-18T03:31:02.673853+00:00,FTSE,trending_up,126,False,-0.0148,2,-2.872,0.0,0.01,0.0101,3,0.325,0.667,mut-667c96,1784277550.617821,True,
2026-07-18T03:31:44.808940+00:00,DAX,ranging,127,False,0.0012,1,0.0,1.0,0.0,0.0064,3,0.206,0.667,mut-9657c6,1784212009.9277182,True,
2026-07-18T03:32:27.401467+00:00,CAC40,ranging,127,False,0.0128,2,0.746,0.5,0.0,0.0141,2,0.883,0.5,mut-d02f92,1783972710.5198343,True,
2026-07-18T03:32:31.596323+00:00,NIKKEI,high_volatility,123,False,0.0,0,,,,0.0244,3,0.828,0.667,mut-c1d5a1,1783914987.901319,True,
2026-07-18T03:33:11.031679+00:00,HSI,high_volatility,120,False,0.0186,4,0.426,0.5,0.01,0.0352,4,0.792,0.75,mut-744d4e,1783955409.693752,True,
2026-07-18T03:33:14.943559+00:00,SENSEX,trending_up,121,False,0.0,0,,,,,,,,,,True,
2026-07-18T03:33:18.850062+00:00,ASX200,ranging,126,False,-0.0204,3,-1.515,0.0,0.0199,,,,,,,True,
2026-07-18T03:33:22.900258+00:00,AAPL,high_volatility,124,False,-0.0552,7,-1.73,0.143,0.0585,0.01,5,0.179,0.6,mut-98c72c,1784086472.9613838,True,
2026-07-18T03:34:04.423415+00:00,MSFT,high_volatility,124,False,0.0338,6,0.492,0.667,0.01,0.0367,6,0.526,0.667,mut-ad0f70,1784230939.7517087,True,
2026-07-18T03:34:44.895814+00:00,NVDA,high_volatility,124,False,-0.0087,2,-0.763,0.5,0.01,0.0128,2,0.74,0.5,mut-361ee8,1784059084.653737,True,
2026-07-18T03:34:49.037852+00:00,GOOGL,high_volatility,124,False,0.0,0,,,,0.0293,3,1.297,0.667,mut-bd936b,1784086523.4267807,True,
2026-07-18T03:35:29.893597+00:00,AMZN,high_volatility,124,False,0.0115,5,0.203,0.6,0.0199,0.0149,2,0.989,0.5,mut-c75244,1783887874.0052235,True,
2026-07-18T03:36:08.835177+00:00,META,high_volatility,124,False,-0.0219,6,-0.384,0.333,0.025,0.0191,4,0.44,0.5,mut-c58e56,1784059191.2592885,True,
2026-07-18T03:36:12.809770+00:00,TSLA,high_volatility,124,False,-0.0068,1,0.0,0.0,0.0,0.0236,4,0.569,0.75,mut-842635,1783887921.345828,True,
2026-07-18T03:36:51.001527+00:00,BRKB,ranging,124,False,0.0,0,,,,0.0135,4,0.287,0.5,mut-041f22,1784345776.6689901,True,
2026-07-18T03:36:55.264152+00:00,LLY,high_volatility,124,True,0.038,5,0.743,0.8,0.01,0.038,5,0.743,0.8,imm-6cc38a,1784345815.0936089,True,
2026-07-18T03:37:33.061946+00:00,V,high_volatility,124,False,-0.01,1,0.0,0.0,0.01,0.0266,6,0.391,0.667,imm-f3328c,1784191593.433811,True,
2026-07-18T03:37:37.140250+00:00,JPM,trending_up,124,False,-0.0004,4,-0.011,0.5,0.0199,0.0199,4,0.47,0.5,mut-a4e17d,1784125329.1309984,True,
2026-07-18T08:03:47.017004+00:00,EURUSD,ranging,130,False,0.0161,2,1.151,1.0,0.0,0.0141,2,0.886,0.5,mut-fb54f1,1784229790.5111609,True,
2026-07-18T08:03:51.283819+00:00,GBPUSD,ranging,130,False,-0.0009,1,0.0,0.0,0.0,0.0082,2,0.373,0.5,mut-fb31af,1783566744.03113,True,
2026-07-18T08:03:55.519737+00:00,USDJPY,ranging,130,False,0.0403,3,5.71,1.0,0.0,0.0414,3,7.496,1.0,mut-8cb29d,1784316068.7344902,True,
2026-07-18T08:05:18.250784+00:00,AUDUSD,ranging,131,False,0.0159,2,1.129,1.0,0.0,0.0149,2,0.982,0.5,mut-fa41af,1784230005.7182124,True,
2026-07-18T08:05:22.433777+00:00,USDCAD,ranging,131,False,0.0031,2,0.133,0.5,0.01,0.0424,4,1.321,0.75,mut-fd7afd,1784124334.4320092,True,
2026-07-18T08:07:23.621711+00:00,USDCHF,ranging,130,False,0.0121,3,0.387,0.667,0.01,0.0233,2,3.492,1.0,mut-0a5c1b,1784230013.7533252,True,
2026-07-18T08:08:39.807859+00:00,NZDUSD,ranging,131,False,-0.0052,3,-0.148,0.333,0.01,0.0136,2,0.824,0.5,mut-3fcd3d,1783999337.5030158,True,
2026-07-18T08:08:43.977958+00:00,EURGBP,trending_down,131,False,0.0348,3,2.324,1.0,0.0,0.0256,2,5.838,1.0,mut-353d75,1784172388.5259166,True,
2026-07-18T08:09:55.316341+00:00,EURJPY,ranging,130,False,-0.0155,3,-0.759,0.333,0.0199,0.0032,1,0.0,1.0,mut-30033a,1784124488.987053,True,
2026-07-18T08:09:59.613928+00:00,GBPJPY,trending_up,130,False,0.0,0,,,,0.0184,2,1.577,1.0,mut-e74d02,1784316504.8768647,True,
2026-07-18T08:11:52.932479+00:00,XAUUSD,high_volatility,124,False,0.0496,6,0.803,0.667,0.01,0.051,6,0.841,0.833,mut-a393fc,1784230101.0177186,True,
2026-07-18T08:13:05.227784+00:00,USOIL,high_volatility,124,False,-0.036,4,-5.699,0.0,0.0297,0.0203,2,2.087,1.0,mut-44fc90,1783821407.0754356,True,
2026-07-18T08:14:09.756836+00:00,BTCUSD,high_volatility,182,False,0.0454,4,1.688,0.75,0.0,0.0607,5,1.893,0.8,mut-785457,1783821498.0682824,True,
2026-07-18T08:14:44.329963+00:00,ETHUSD,high_volatility,182,False,0.0204,7,0.245,0.571,0.0297,0.0338,5,0.629,0.6,imm-7ac82e,1784277230.6638775,True,
2026-07-18T08:15:24.678177+00:00,SOLUSD,high_volatility,182,False,0.0026,5,0.044,0.4,0.0199,0.0328,6,0.474,0.667,mut-0ee72e,1784277273.123327,True,
2026-07-18T08:16:05.459660+00:00,XRPUSD,high_volatility,182,False,0.0329,6,0.479,0.667,0.01,0.0329,6,0.479,0.667,imm-24688f,1784362529.3839197,True,
2026-07-18T08:16:45.550343+00:00,BNBUSD,high_volatility,182,False,0.0,0,,,,0.0108,3,0.351,0.667,mut-35a5aa,1784297286.5005786,True,
2026-07-18T08:17:26.180132+00:00,ADAUSD,high_volatility,182,False,0.0193,9,0.176,0.444,0.0297,0.0423,7,0.532,0.714,mut-f33301,1784230567.3072674,True,
2026-07-18T08:18:04.024535+00:00,SPX,ranging,124,False,-0.015,3,-0.713,0.333,0.0199,,,,,,,True,
2026-07-18T08:18:44.164131+00:00,NASDAQ,trending_down,124,False,-0.0389,5,-1.87,0.2,0.0394,,,,,,,True,
2026-07-18T08:18:48.376723+00:00,DJI,trending_up,124,False,-0.0199,3,-1.414,0.0,0.0199,0.0277,4,0.672,0.75,mut-624c36,1784211929.5001988,True,
2026-07-18T08:19:23.112877+00:00,RUT,ranging,124,False,0.0014,3,0.044,0.333,0.01,0.0199,4,0.464,0.5,imm-2023df,1783955249.1965785,True,
2026-07-18T08:19:27.313931+00:00,VIX,high_volatility,125,False,-0.0256,6,-0.467,0.167,0.025,,,,,,,True,
2026-07-18T08:20:04.678148+00:00,FTSE,trending_up,126,False,-0.0148,2,-2.872,0.0,0.01,0.0101,3,0.325,0.667,mut-667c96,1784277550.617821,True,
2026-07-18T08:20:45.655418+00:00,DAX,ranging,127,False,-0.009,2,-0.814,0.5,0.01,0.0064,3,0.206,0.667,mut-9657c6,1784212009.9277182,True,
2026-07-18T08:20:49.952540+00:00,CAC40,ranging,127,False,-0.0249,3,-3.547,0.0,0.0199,0.0141,2,0.883,0.5,mut-d02f92,1783972710.5198343,True,
2026-07-18T08:21:31.464882+00:00,NIKKEI,high_volatility,123,False,0.0,0,,,,0.0244,3,0.828,0.667,mut-c1d5a1,1783914987.901319,True,
2026-07-18T08:22:10.454635+00:00,HSI,high_volatility,120,False,0.0186,4,0.426,0.5,0.01,0.0352,4,0.792,0.75,mut-744d4e,1783955409.693752,True,
2026-07-18T08:22:14.599171+00:00,SENSEX,trending_up,121,False,-0.01,1,0.0,0.0,0.01,,,,,,,True,
2026-07-18T08:22:18.750045+00:00,ASX200,ranging,126,False,-0.0184,3,-1.139,0.333,0.0199,,,,,,,True,
2026-07-18T08:22:54.599019+00:00,AAPL,high_volatility,124,False,0.0095,5,0.169,0.4,0.01,0.01,5,0.179,0.6,mut-98c72c,1784086472.9613838,True,
2026-07-18T08:22:59.014493+00:00,MSFT,high_volatility,124,False,0.0338,6,0.492,0.667,0.01,0.0367,6,0.526,0.667,mut-ad0f70,1784230939.7517087,True,
2026-07-18T08:23:32.981398+00:00,NVDA,high_volatility,124,False,-0.0087,2,-0.763,0.5,0.01,0.0128,2,0.74,0.5,mut-361ee8,1784059084.653737,True,
2026-07-18T08:24:06.767426+00:00,GOOGL,high_volatility,124,False,0.0,0,,,,0.0293,3,1.297,0.667,mut-bd936b,1784086523.4267807,True,
2026-07-18T08:24:41.989618+00:00,AMZN,high_volatility,124,False,-0.0103,4,-0.248,0.25,0.0199,0.0149,2,0.989,0.5,mut-c75244,1783887874.0052235,True,
2026-07-18T08:25:19.712654+00:00,META,high_volatility,124,False,-0.0249,8,-0.302,0.25,0.0394,0.0191,4,0.44,0.5,mut-c58e56,1784059191.2592885,True,
2026-07-18T08:25:23.899226+00:00,TSLA,high_volatility,124,False,0.0068,1,0.0,1.0,0.0,0.0236,4,0.569,0.75,mut-842635,1783887921.345828,True,
2026-07-18T08:25:28.214182+00:00,BRKB,ranging,124,False,0.0,0,,,,0.0135,4,0.287,0.5,mut-041f22,1784345776.6689901,True,
2026-07-18T08:26:04.190712+00:00,LLY,high_volatility,124,True,0.0385,5,0.756,0.8,0.01,0.0385,5,0.756,0.8,mut-5648c7,1784363164.0287595,True,
2026-07-18T08:26:08.435505+00:00,V,high_volatility,124,False,0.0135,5,0.239,0.6,0.01,0.0266,6,0.391,0.667,imm-f3328c,1784191593.433811,True,
2026-07-18T08:26:12.756921+00:00,JPM,trending_up,124,False,-0.0004,4,-0.011,0.5,0.0199,0.0199,4,0.47,0.5,mut-a4e17d,1784125329.1309984,True,
2026-07-18T13:38:04.744797+00:00,EURUSD,ranging,130,False,0.0161,2,1.151,1.0,0.0,0.0141,2,0.886,0.5,mut-fb54f1,1784229790.5111609,True,
2026-07-18T13:38:09.005034+00:00,GBPUSD,ranging,130,False,-0.0009,1,0.0,0.0,0.0,0.0082,2,0.373,0.5,mut-fb31af,1783566744.03113,True,
2026-07-18T13:38:13.201307+00:00,USDJPY,ranging,130,False,0.0403,3,5.71,1.0,0.0,0.0414,3,7.496,1.0,mut-8cb29d,1784316068.7344902,True,
2026-07-18T13:40:07.660276+00:00,AUDUSD,ranging,131,False,0.0159,2,1.129,1.0,0.0,0.0149,2,0.982,0.5,mut-fa41af,1784230005.7182124,True,
2026-07-18T13:40:11.853834+00:00,USDCAD,ranging,131,False,0.0031,2,0.133,0.5,0.01,0.0424,4,1.321,0.75,mut-fd7afd,1784124334.4320092,True,
2026-07-18T13:42:07.513485+00:00,USDCHF,ranging,130,False,0.0121,3,0.387,0.667,0.01,0.0233,2,3.492,1.0,mut-0a5c1b,1784230013.7533252,True,
2026-07-18T13:42:11.640218+00:00,NZDUSD,ranging,131,False,-0.0052,3,-0.148,0.333,0.01,0.0136,2,0.824,0.5,mut-3fcd3d,1783999337.5030158,True,
2026-07-18T13:42:15.646977+00:00,EURGBP,trending_down,131,False,0.0109,3,0.352,0.667,0.01,0.0256,2,5.838,1.0,mut-353d75,1784172388.5259166,True,
2026-07-18T13:43:49.686484+00:00,EURJPY,ranging,130,False,-0.0059,1,0.0,0.0,0.0,0.0032,1,0.0,1.0,mut-30033a,1784124488.987053,True,
2026-07-18T13:45:35.066743+00:00,GBPJPY,trending_up,130,False,0.0181,2,1.511,1.0,0.0,0.0184,2,1.577,1.0,mut-e74d02,1784316504.8768647,True,
2026-07-18T13:47:29.414407+00:00,XAUUSD,high_volatility,124,False,0.0496,6,0.803,0.667,0.01,0.051,6,0.841,0.833,mut-a393fc,1784230101.0177186,True,
2026-07-18T13:49:21.030079+00:00,USOIL,high_volatility,124,False,-0.036,4,-5.699,0.0,0.0297,0.0203,2,2.087,1.0,mut-44fc90,1783821407.0754356,True,
2026-07-18T13:50:41.629016+00:00,BTCUSD,high_volatility,182,False,0.0,0,,,,0.0607,5,1.893,0.8,mut-785457,1783821498.0682824,True,
2026-07-18T13:51:23.815301+00:00,ETHUSD,high_volatility,182,False,0.0328,5,0.602,0.6,0.01,0.0338,5,0.629,0.6,imm-7ac82e,1784277230.6638775,True,
2026-07-18T13:52:05.781718+00:00,SOLUSD,high_volatility,182,False,-0.0011,6,-0.016,0.333,0.0297,0.0328,6,0.474,0.667,mut-0ee72e,1784277273.123327,True,
2026-07-18T13:52:44.205279+00:00,XRPUSD,high_volatility,182,False,0.0124,5,0.219,0.6,0.0199,0.0329,6,0.479,0.667,imm-24688f,1784362529.3839197,True,
2026-07-18T13:53:19.269216+00:00,BNBUSD,high_volatility,182,False,-0.0146,5,-0.304,0.4,0.0297,0.0108,3,0.351,0.667,mut-35a5aa,1784297286.5005786,True,
2026-07-18T13:53:53.728096+00:00,ADAUSD,high_volatility,182,False,0.0032,8,0.034,0.375,0.0394,0.0423,7,0.532,0.714,mut-f33301,1784230567.3072674,True,
2026-07-18T13:54:30.342776+00:00,SPX,ranging,124,False,-0.0433,5,-3.628,0.0,0.0394,,,,,,,True,
2026-07-18T13:55:04.416874+00:00,NASDAQ,trending_down,124,False,-0.0389,5,-1.87,0.2,0.0394,,,,,,,True,
2026-07-18T13:55:43.117699+00:00,DJI,trending_up,124,False,0.0059,3,0.194,0.667,0.01,0.0277,4,0.672,0.75,mut-624c36,1784211929.5001988,True,
2026-07-18T13:56:19.932273+00:00,RUT,ranging,124,False,0.0014,3,0.044,0.333,0.01,0.0199,4,0.464,0.5,imm-2023df,1783955249.1965785,True,
2026-07-18T13:56:24.151735+00:00,VIX,high_volatility,125,False,-0.0256,6,-0.467,0.167,0.025,,,,,,,True,
2026-07-18T13:56:28.434264+00:00,FTSE,trending_up,126,True,0.0103,3,0.33,0.667,0.01,0.0103,3,0.33,0.667,mut-1f332c,1784382988.2949674,True,
2026-07-18T13:57:03.955806+00:00,DAX,ranging,127,False,-0.009,2,-0.814,0.5,0.01,0.0064,3,0.206,0.667,mut-9657c6,1784212009.9277182,True,
2026-07-18T13:57:08.276919+00:00,CAC40,ranging,127,False,0.0128,2,0.746,0.5,0.0,0.0141,2,0.883,0.5,mut-d02f92,1783972710.5198343,True,
2026-07-18T13:57:43.425505+00:00,NIKKEI,high_volatility,123,False,0.0,0,,,,0.0244,3,0.828,0.667,mut-c1d5a1,1783914987.901319,True,
2026-07-18T13:58:19.021154+00:00,HSI,high_volatility,120,False,0.0186,4,0.426,0.5,0.01,0.0352,4,0.792,0.75,mut-744d4e,1783955409.693752,True,
2026-07-18T13:58:23.172231+00:00,SENSEX,trending_up,121,False,-0.004,2,-0.25,0.5,0.01,,,,,,,True,
2026-07-18T13:58:27.391023+00:00,ASX200,ranging,126,False,-0.0204,3,-1.515,0.0,0.0199,,,,,,,True,
2026-07-18T13:58:31.763639+00:00,AAPL,high_volatility,124,False,0.0,0,,,,0.01,5,0.179,0.6,mut-98c72c,1784086472.9613838,True,
2026-07-18T13:59:04.332780+00:00,MSFT,high_volatility,124,False,0.0352,6,0.509,0.667,0.01,0.0367,6,0.526,0.667,mut-ad0f70,1784230939.7517087,True,
2026-07-18T13:59:33.708917+00:00,NVDA,high_volatility,124,False,-0.0087,2,-0.763,0.5,0.01,0.0128,2,0.74,0.5,mut-361ee8,1784059084.653737,True,
2026-07-18T13:59:37.976149+00:00,GOOGL,high_volatility,124,False,0.0,0,,,,0.0293,3,1.297,0.667,mut-bd936b,1784086523.4267807,True,
2026-07-18T14:00:12.700283+00:00,AMZN,high_volatility,124,False,0.0243,4,0.583,0.75,0.01,0.0149,2,0.989,0.5,mut-c75244,1783887874.0052235,True,
2026-07-18T14:00:57.032607+00:00,META,high_volatility,124,False,-0.0151,5,-0.313,0.2,0.0199,0.0191,4,0.44,0.5,mut-c58e56,1784059191.2592885,True,
2026-07-18T14:01:38.653204+00:00,TSLA,high_volatility,124,False,0.0068,1,0.0,1.0,0.0,0.0236,4,0.569,0.75,mut-842635,1783887921.345828,True,
2026-07-18T14:02:19.846965+00:00,BRKB,ranging,124,False,-0.0072,2,-0.565,0.5,0.01,0.0135,4,0.287,0.5,mut-041f22,1784345776.6689901,True,
2026-07-18T14:03:00.545362+00:00,LLY,high_volatility,124,False,-0.0368,5,-1.477,0.2,0.0394,0.0385,5,0.756,0.8,mut-5648c7,1784363164.0287595,True,
2026-07-18T14:03:40.582532+00:00,V,high_volatility,124,False,0.0,0,,,,0.0266,6,0.391,0.667,imm-f3328c,1784191593.433811,True,
2026-07-18T14:03:44.917290+00:00,JPM,trending_up,124,False,-0.0004,4,-0.011,0.5,0.0199,0.0199,4,0.47,0.5,mut-a4e17d,1784125329.1309984,True,
2026-07-18T19:14:25.850986+00:00,EURUSD,ranging,130,False,0.0161,2,1.151,1.0,0.0,0.0141,2,0.886,0.5,mut-fb54f1,1784229790.5111609,True,
2026-07-18T19:14:29.886273+00:00,GBPUSD,ranging,131,False,-0.0009,1,0.0,0.0,0.0,0.0082,2,0.373,0.5,mut-fb31af,1783566744.03113,True,
2026-07-18T19:14:33.888941+00:00,USDJPY,ranging,130,False,0.0403,3,5.71,1.0,0.0,0.0414,3,7.496,1.0,mut-8cb29d,1784316068.7344902,True,
2026-07-18T19:15:53.891939+00:00,AUDUSD,ranging,131,False,0.0159,2,1.129,1.0,0.0,0.0149,2,0.982,0.5,mut-fa41af,1784230005.7182124,True,
2026-07-18T19:15:57.918713+00:00,USDCAD,ranging,131,False,0.0386,4,1.001,0.75,0.0,0.0424,4,1.321,0.75,mut-fd7afd,1784124334.4320092,True,
2026-07-18T19:17:50.270124+00:00,USDCHF,ranging,130,False,0.002,4,0.045,0.5,0.0199,0.0233,2,3.492,1.0,mut-0a5c1b,1784230013.7533252,True,
2026-07-18T19:17:54.203278+00:00,NZDUSD,ranging,131,False,-0.0052,3,-0.148,0.333,0.01,0.0136,2,0.824,0.5,mut-3fcd3d,1783999337.5030158,True,
2026-07-18T19:19:12.566015+00:00,EURGBP,trending_down,131,False,0.0211,2,2.36,1.0,0.0,0.0256,2,5.838,1.0,mut-353d75,1784172388.5259166,True,
2026-07-18T19:20:26.964944+00:00,EURJPY,ranging,130,False,-0.0155,3,-0.759,0.333,0.0199,0.0032,1,0.0,1.0,mut-30033a,1784124488.987053,True,
2026-07-18T19:22:14.379392+00:00,GBPJPY,trending_up,130,False,0.0,0,,,,0.0184,2,1.577,1.0,mut-e74d02,1784316504.8768647,True,
2026-07-18T19:23:23.858784+00:00,XAUUSD,high_volatility,124,False,0.0,0,,,,0.051,6,0.841,0.833,mut-a393fc,1784230101.0177186,True,
2026-07-18T19:24:31.206732+00:00,USOIL,high_volatility,124,False,0.0097,5,0.173,0.4,0.01,0.0203,2,2.087,1.0,mut-44fc90,1783821407.0754356,True,
2026-07-18T19:25:08.336419+00:00,BTCUSD,high_volatility,182,False,0.044,4,1.5,0.75,0.0,0.0607,5,1.893,0.8,mut-785457,1783821498.0682824,True,
2026-07-18T19:25:50.523764+00:00,ETHUSD,high_volatility,182,False,0.032,5,0.579,0.6,0.01,0.0338,5,0.629,0.6,imm-7ac82e,1784277230.6638775,True,
2026-07-18T19:26:28.346997+00:00,SOLUSD,high_volatility,182,False,0.0164,5,0.286,0.6,0.0199,0.0328,6,0.474,0.667,mut-0ee72e,1784277273.123327,True,
2026-07-18T19:27:03.975878+00:00,XRPUSD,high_volatility,182,False,0.0328,6,0.477,0.667,0.01,0.0329,6,0.479,0.667,imm-24688f,1784362529.3839197,True,
2026-07-18T19:27:40.817037+00:00,BNBUSD,high_volatility,182,False,0.0051,3,0.168,0.667,0.01,0.0108,3,0.351,0.667,mut-35a5aa,1784297286.5005786,True,
2026-07-18T19:28:14.669567+00:00,ADAUSD,high_volatility,182,False,0.0434,9,0.402,0.556,0.0199,0.0423,7,0.532,0.714,mut-f33301,1784230567.3072674,True,
2026-07-18T19:28:48.096558+00:00,SPX,ranging,124,False,-0.0433,5,-3.628,0.0,0.0394,,,,,,,True,
2026-07-18T19:29:22.111652+00:00,NASDAQ,trending_down,124,False,-0.0389,5,-1.87,0.2,0.0394,,,,,,,True,
2026-07-18T19:29:54.729842+00:00,DJI,trending_up,124,False,0.0059,3,0.194,0.667,0.01,0.0277,4,0.672,0.75,mut-624c36,1784211929.5001988,True,
2026-07-18T19:30:35.927534+00:00,RUT,ranging,124,False,0.0014,3,0.044,0.333,0.01,0.0199,4,0.464,0.5,imm-2023df,1783955249.1965785,True,
2026-07-18T19:31:16.748978+00:00,VIX,high_volatility,125,False,-0.0256,6,-0.467,0.167,0.025,,,,,,,True,
2026-07-18T19:31:56.638627+00:00,FTSE,trending_up,126,False,-0.0006,3,-0.017,0.333,0.01,0.0103,3,0.33,0.667,mut-1f332c,1784382988.2949674,True,
2026-07-18T19:32:36.393522+00:00,DAX,ranging,127,False,0.0012,1,0.0,1.0,0.0,0.0064,3,0.206,0.667,mut-9657c6,1784212009.9277182,True,
2026-07-18T19:32:40.530344+00:00,CAC40,ranging,127,False,0.0128,2,0.746,0.5,0.0,0.0141,2,0.883,0.5,mut-d02f92,1783972710.5198343,True,
2026-07-18T19:33:19.761812+00:00,NIKKEI,high_volatility,123,False,0.0,0,,,,0.0244,3,0.828,0.667,mut-c1d5a1,1783914987.901319,True,
2026-07-18T19:33:55.881943+00:00,HSI,high_volatility,120,False,0.0186,4,0.426,0.5,0.01,0.0352,4,0.792,0.75,mut-744d4e,1783955409.693752,True,
2026-07-18T19:34:34.253286+00:00,SENSEX,trending_up,121,False,-0.0158,2,-3.717,0.0,0.01,,,,,,,True,
2026-07-18T19:34:38.338574+00:00,ASX200,ranging,126,False,-0.0282,4,-1.434,0.25,0.0297,,,,,,,True,
2026-07-18T19:34:42.386636+00:00,AAPL,high_volatility,124,False,0.0,0,,,,0.01,5,0.179,0.6,mut-98c72c,1784086472.9613838,True,
2026-07-18T19:35:24.390326+00:00,MSFT,high_volatility,124,False,0.0338,6,0.492,0.667,0.01,0.0367,6,0.526,0.667,mut-ad0f70,1784230939.7517087,True,
2026-07-18T19:35:28.415452+00:00,NVDA,high_volatility,124,False,-0.0087,2,-0.763,0.5,0.01,0.0128,2,0.74,0.5,mut-361ee8,1784059084.653737,True,
2026-07-18T19:36:05.478192+00:00,GOOGL,high_volatility,124,False,0.0,0,,,,0.0293,3,1.297,0.667,mut-bd936b,1784086523.4267807,True,
2026-07-18T19:36:44.271910+00:00,AMZN,high_volatility,124,False,0.0115,5,0.203,0.6,0.0199,0.0149,2,0.989,0.5,mut-c75244,1783887874.0052235,True,
2026-07-18T19:36:48.579599+00:00,META,high_volatility,124,False,-0.0249,8,-0.302,0.25,0.0394,0.0191,4,0.44,0.5,mut-c58e56,1784059191.2592885,True,
2026-07-18T19:36:52.628536+00:00,TSLA,high_volatility,124,False,0.0068,1,0.0,1.0,0.0,0.0236,4,0.569,0.75,mut-842635,1783887921.345828,True,
2026-07-18T19:36:56.652237+00:00,BRKB,ranging,124,False,0.0,0,,,,0.0135,4,0.287,0.5,mut-041f22,1784345776.6689901,True,
2026-07-18T19:37:37.356596+00:00,LLY,high_volatility,124,False,0.0385,5,0.756,0.8,0.01,0.0385,5,0.756,0.8,mut-5648c7,1784363164.0287595,True,
2026-07-18T19:37:41.436004+00:00,V,high_volatility,124,False,0.0135,5,0.239,0.6,0.01,0.0266,6,0.391,0.667,imm-f3328c,1784191593.433811,True,
2026-07-18T19:37:45.493931+00:00,JPM,trending_up,124,False,-0.0004,4,-0.011,0.5,0.0199,0.0199,4,0.47,0.5,mut-a4e17d,1784125329.1309984,True,
2026-07-19T03:34:30.417543+00:00,EURUSD,ranging,130,False,0.0161,2,1.151,1.0,0.0,0.0141,2,0.886,0.5,mut-fb54f1,1784229790.5111609,True,
2026-07-19T03:34:34.284058+00:00,GBPUSD,ranging,131,False,-0.0009,1,0.0,0.0,0.0,0.0082,2,0.373,0.5,mut-fb31af,1783566744.03113,True,
2026-07-19T03:34:38.315215+00:00,USDJPY,ranging,130,False,0.0403,3,5.71,1.0,0.0,0.0414,3,7.496,1.0,mut-8cb29d,1784316068.7344902,True,
2026-07-19T03:35:54.363553+00:00,AUDUSD,ranging,131,False,-0.0126,5,-0.253,0.4,0.0199,0.0149,2,0.982,0.5,mut-fa41af,1784230005.7182124,True,
2026-07-19T03:37:42.176374+00:00,USDCAD,ranging,131,False,0.013,4,0.277,0.5,0.01,0.0424,4,1.321,0.75,mut-fd7afd,1784124334.4320092,True,
2026-07-19T03:39:02.284943+00:00,USDCHF,ranging,130,False,0.002,4,0.045,0.5,0.0199,0.0233,2,3.492,1.0,mut-0a5c1b,1784230013.7533252,True,
2026-07-19T03:40:16.894458+00:00,NZDUSD,ranging,131,False,-0.0052,3,-0.148,0.333,0.01,0.0136,2,0.824,0.5,mut-3fcd3d,1783999337.5030158,True,
2026-07-19T03:40:20.613170+00:00,EURGBP,trending_down,131,False,0.0211,2,2.36,1.0,0.0,0.0256,2,5.838,1.0,mut-353d75,1784172388.5259166,True,
2026-07-19T03:42:17.620364+00:00,EURJPY,ranging,130,False,-0.0155,3,-0.759,0.333,0.0199,0.0032,1,0.0,1.0,mut-30033a,1784124488.987053,True,
2026-07-19T03:43:30.670198+00:00,GBPJPY,trending_up,130,False,0.0,0,,,,0.0184,2,1.577,1.0,mut-e74d02,1784316504.8768647,True,
2026-07-19T03:44:40.130225+00:00,XAUUSD,high_volatility,124,False,0.0496,6,0.803,0.667,0.01,0.051,6,0.841,0.833,mut-a393fc,1784230101.0177186,True,
2026-07-19T03:45:17.290205+00:00,USOIL,high_volatility,124,False,-0.036,4,-5.699,0.0,0.0297,0.0203,2,2.087,1.0,mut-44fc90,1783821407.0754356,True,
2026-07-19T03:45:58.665696+00:00,BTCUSD,high_volatility,181,False,0.0437,4,1.471,0.75,0.0,0.0607,5,1.893,0.8,mut-785457,1783821498.0682824,True,
2026-07-19T03:46:38.614052+00:00,ETHUSD,high_volatility,181,False,0.0,0,,,,0.0338,5,0.629,0.6,imm-7ac82e,1784277230.6638775,True,
2026-07-19T03:46:42.690671+00:00,SOLUSD,high_volatility,181,False,0.0038,5,0.064,0.4,0.0199,0.0328,6,0.474,0.667,mut-0ee72e,1784277273.123327,True,
2026-07-19T03:47:21.941906+00:00,XRPUSD,high_volatility,181,False,0.0114,5,0.201,0.6,0.0199,0.0329,6,0.479,0.667,imm-24688f,1784362529.3839197,True,
2026-07-19T03:47:55.890509+00:00,BNBUSD,high_volatility,181,False,-0.0146,5,-0.303,0.4,0.0297,0.0108,3,0.351,0.667,mut-35a5aa,1784297286.5005786,True,
2026-07-19T03:48:33.356224+00:00,ADAUSD,high_volatility,181,False,0.0,0,,,,0.0423,7,0.532,0.714,mut-f33301,1784230567.3072674,True,
2026-07-19T03:49:10.211304+00:00,SPX,ranging,124,False,-0.015,3,-0.713,0.333,0.0199,,,,,,,True,
2026-07-19T03:49:51.699383+00:00,NASDAQ,trending_down,124,False,-0.0389,5,-1.87,0.2,0.0394,,,,,,,True,
2026-07-19T03:50:29.974573+00:00,DJI,trending_up,124,False,-0.0199,3,-1.414,0.0,0.0199,0.0277,4,0.672,0.75,mut-624c36,1784211929.5001988,True,
2026-07-19T03:51:07.302388+00:00,RUT,ranging,124,False,0.0014,3,0.044,0.333,0.01,0.0199,4,0.464,0.5,imm-2023df,1783955249.1965785,True,
2026-07-19T03:51:43.737704+00:00,VIX,high_volatility,125,False,-0.0256,6,-0.467,0.167,0.025,,,,,,,True,
2026-07-19T03:52:20.123364+00:00,FTSE,trending_up,126,False,-0.0247,3,-3.381,0.0,0.0199,0.0103,3,0.33,0.667,mut-1f332c,1784382988.2949674,True,
2026-07-19T03:52:23.897642+00:00,DAX,ranging,127,False,-0.009,2,-0.814,0.5,0.01,0.0064,3,0.206,0.667,mut-9657c6,1784212009.9277182,True,
2026-07-19T03:53:00.465715+00:00,CAC40,ranging,127,False,-0.007,2,-0.544,0.5,0.01,0.0141,2,0.883,0.5,mut-d02f92,1783972710.5198343,True,
2026-07-19T03:53:35.339291+00:00,NIKKEI,high_volatility,123,False,0.0,0,,,,0.0244,3,0.828,0.667,mut-c1d5a1,1783914987.901319,True,
2026-07-19T03:54:09.859436+00:00,HSI,high_volatility,120,False,0.0,0,,,,0.0352,4,0.792,0.75,mut-744d4e,1783955409.693752,True,
2026-07-19T03:54:42.525472+00:00,SENSEX,trending_up,121,False,-0.0163,2,-4.362,0.0,0.01,,,,,,,True,
2026-07-19T03:55:20.396411+00:00,ASX200,ranging,126,False,-0.0048,4,-0.118,0.5,0.01,,,,,,,True,
2026-07-19T03:55:57.470399+00:00,AAPL,high_volatility,124,False,-0.0583,7,-2.379,0.143,0.0585,0.01,5,0.179,0.6,mut-98c72c,1784086472.9613838,True,
2026-07-19T03:56:34.639419+00:00,MSFT,high_volatility,124,False,0.0145,4,0.315,0.5,0.01,0.0367,6,0.526,0.667,mut-ad0f70,1784230939.7517087,True,
2026-07-19T03:57:09.982432+00:00,NVDA,high_volatility,124,False,0.0,0,,,,0.0128,2,0.74,0.5,mut-361ee8,1784059084.653737,True,
2026-07-19T03:57:43.552384+00:00,GOOGL,high_volatility,124,False,0.0256,4,0.617,0.75,0.01,0.0293,3,1.297,0.667,mut-bd936b,1784086523.4267807,True,
2026-07-19T03:58:18.108916+00:00,AMZN,high_volatility,124,False,0.0079,5,0.138,0.4,0.0199,0.0149,2,0.989,0.5,mut-c75244,1783887874.0052235,True,
2026-07-19T03:58:21.942693+00:00,META,high_volatility,124,False,-0.0151,5,-0.313,0.2,0.0199,0.0191,4,0.44,0.5,mut-c58e56,1784059191.2592885,True,
2026-07-19T03:58:25.790973+00:00,TSLA,high_volatility,124,False,0.0,0,,,,0.0236,4,0.569,0.75,mut-842635,1783887921.345828,True,
2026-07-19T03:58:29.707466+00:00,BRKB,ranging,124,False,0.0,0,,,,0.0135,4,0.287,0.5,mut-041f22,1784345776.6689901,True,
2026-07-19T03:58:33.671106+00:00,LLY,high_volatility,124,False,0.0129,5,0.231,0.6,0.01,0.0385,5,0.756,0.8,mut-5648c7,1784363164.0287595,True,
2026-07-19T03:58:37.723825+00:00,V,high_volatility,124,False,0.0135,5,0.239,0.6,0.01,0.0266,6,0.391,0.667,imm-f3328c,1784191593.433811,True,
2026-07-19T03:58:41.673013+00:00,JPM,trending_up,124,False,-0.0004,4,-0.011,0.5,0.0199,0.0199,4,0.47,0.5,mut-a4e17d,1784125329.1309984,True,
2026-07-20T03:50:23.457889+00:00,EURUSD,ranging,130,False,0.0,0,,,,0.0141,2,0.886,0.5,mut-fb54f1,1784229790.5111609,True,
2026-07-20T03:52:06.861194+00:00,GBPUSD,ranging,130,False,-0.0027,1,0.0,0.0,0.0,0.0082,2,0.373,0.5,mut-fb31af,1783566744.03113,True,
2026-07-20T03:53:14.607277+00:00,USDJPY,ranging,130,False,0.0,0,,,,0.0414,3,7.496,1.0,mut-8cb29d,1784316068.7344902,True,
2026-07-20T03:54:20.823071+00:00,AUDUSD,ranging,130,False,0.0072,2,0.315,0.5,0.0,0.0149,2,0.982,0.5,mut-fa41af,1784230005.7182124,True,
2026-07-20T03:54:24.952920+00:00,USDCAD,ranging,130,False,0.0175,2,1.409,1.0,0.0,0.0424,4,1.321,0.75,mut-fd7afd,1784124334.4320092,True,
2026-07-20T03:56:11.360273+00:00,USDCHF,ranging,130,False,0.0023,4,0.053,0.5,0.0199,0.0233,2,3.492,1.0,mut-0a5c1b,1784230013.7533252,True,
2026-07-20T03:57:24.566038+00:00,NZDUSD,ranging,130,False,-0.0049,5,-0.088,0.4,0.0199,0.0136,2,0.824,0.5,mut-3fcd3d,1783999337.5030158,True,
2026-07-20T03:58:29.714350+00:00,EURGBP,trending_down,130,False,0.0215,2,2.517,1.0,0.0,0.0256,2,5.838,1.0,mut-353d75,1784172388.5259166,True,
2026-07-20T03:58:34.095108+00:00,EURJPY,ranging,130,True,0.0002,3,0.007,0.333,0.01,0.0002,3,0.007,0.333,mut-4773ac,1784519913.969875,True,
2026-07-20T03:59:10.326733+00:00,GBPJPY,trending_up,130,True,0.0184,2,1.582,1.0,0.0,0.0184,2,1.582,1.0,imm-b235c9,1784519950.1995144,True,
2026-07-20T03:59:14.415520+00:00,XAUUSD,high_volatility,125,False,0.0332,5,0.616,0.6,0.01,0.051,6,0.841,0.833,mut-a393fc,1784230101.0177186,True,
2026-07-20T03:59:18.524297+00:00,USOIL,high_volatility,125,False,-0.0233,6,-0.418,0.333,0.0297,0.0203,2,2.087,1.0,mut-44fc90,1783821407.0754356,True,
2026-07-20T03:59:52.966835+00:00,BTCUSD,high_volatility,181,False,0.0434,4,1.429,0.75,0.0,0.0607,5,1.893,0.8,mut-785457,1783821498.0682824,True,
2026-07-20T04:00:37.854621+00:00,ETHUSD,high_volatility,181,False,0.0,0,,,,0.0338,5,0.629,0.6,imm-7ac82e,1784277230.6638775,True,
2026-07-20T04:01:25.739510+00:00,SOLUSD,high_volatility,181,False,0.0147,5,0.258,0.6,0.0199,0.0328,6,0.474,0.667,mut-0ee72e,1784277273.123327,True,
2026-07-20T04:02:07.931214+00:00,XRPUSD,high_volatility,181,False,0.0108,5,0.191,0.6,0.0199,0.0329,6,0.479,0.667,imm-24688f,1784362529.3839197,True,
2026-07-20T04:02:50.600577+00:00,BNBUSD,high_volatility,181,False,-0.0147,5,-0.306,0.4,0.0297,0.0108,3,0.351,0.667,mut-35a5aa,1784297286.5005786,True,
2026-07-20T04:02:55.135759+00:00,ADAUSD,high_volatility,181,False,0.0138,7,0.166,0.429,0.0297,0.0423,7,0.532,0.714,mut-f33301,1784230567.3072674,True,
2026-07-20T04:03:36.914117+00:00,SPX,ranging,124,False,-0.0433,5,-3.628,0.0,0.0394,,,,,,,True,
2026-07-20T04:04:17.958242+00:00,NASDAQ,trending_down,124,False,-0.0389,5,-1.87,0.2,0.0394,,,,,,,True,
2026-07-20T04:04:59.148517+00:00,DJI,trending_up,124,False,-0.0199,3,-1.414,0.0,0.0199,0.0277,4,0.672,0.75,mut-624c36,1784211929.5001988,True,
2026-07-20T04:05:41.444563+00:00,RUT,ranging,124,False,0.0014,3,0.044,0.333,0.01,0.0199,4,0.464,0.5,imm-2023df,1783955249.1965785,True,
2026-07-20T04:05:45.508770+00:00,VIX,high_volatility,125,False,-0.0256,6,-0.467,0.167,0.025,,,,,,,True,
2026-07-20T04:06:26.677956+00:00,FTSE,trending_up,126,False,0.0103,3,0.33,0.667,0.01,0.0103,3,0.33,0.667,mut-1f332c,1784382988.2949674,True,
2026-07-20T04:07:07.754989+00:00,DAX,ranging,127,False,-0.009,2,-0.814,0.5,0.01,0.0064,3,0.206,0.667,mut-9657c6,1784212009.9277182,True,
2026-07-20T04:07:47.910149+00:00,CAC40,ranging,127,False,0.0128,2,0.746,0.5,0.0,0.0141,2,0.883,0.5,mut-d02f92,1783972710.5198343,True,
2026-07-20T04:07:52.321521+00:00,NIKKEI,high_volatility,123,False,0.0,0,,,,0.0244,3,0.828,0.667,mut-c1d5a1,1783914987.901319,True,
2026-07-20T04:08:33.300348+00:00,HSI,high_volatility,120,False,0.0296,4,0.708,0.75,0.01,0.0352,4,0.792,0.75,mut-744d4e,1783955409.693752,True,
2026-07-20T04:08:37.729323+00:00,SENSEX,ranging,121,False,-0.0109,2,-1.194,0.0,0.01,0.001,3,0.03,0.333,mut-dddd39,1784038554.1117454,True,
2026-07-20T04:08:41.925173+00:00,ASX200,ranging,126,False,-0.0289,4,-1.56,0.25,0.0297,,,,,,,True,
2026-07-20T04:09:22.966913+00:00,AAPL,high_volatility,124,False,-0.0234,7,-0.318,0.286,0.049,0.01,5,0.179,0.6,mut-98c72c,1784086472.9613838,True,
2026-07-20T04:10:05.278013+00:00,MSFT,high_volatility,124,False,0.0165,7,0.201,0.571,0.0199,0.0367,6,0.526,0.667,mut-ad0f70,1784230939.7517087,True,
2026-07-20T04:10:48.831154+00:00,NVDA,high_volatility,124,False,-0.0087,2,-0.763,0.5,0.01,0.0128,2,0.74,0.5,mut-361ee8,1784059084.653737,True,
2026-07-20T04:10:53.133288+00:00,GOOGL,high_volatility,124,False,0.0,0,,,,0.0293,3,1.297,0.667,mut-bd936b,1784086523.4267807,True,
2026-07-20T04:11:34.369409+00:00,AMZN,high_volatility,124,False,0.0243,4,0.583,0.75,0.01,0.0149,2,0.989,0.5,mut-c75244,1783887874.0052235,True,
2026-07-20T04:12:15.664064+00:00,META,high_volatility,124,False,-0.025,6,-0.454,0.167,0.025,0.0191,4,0.44,0.5,mut-c58e56,1784059191.2592885,True,
2026-07-20T04:12:19.891982+00:00,TSLA,high_volatility,124,False,0.0068,1,0.0,1.0,0.0,0.0236,4,0.569,0.75,mut-842635,1783887921.345828,True,
2026-07-20T04:13:01.061929+00:00,BRKB,ranging,124,False,0.0,0,,,,0.0135,4,0.287,0.5,mut-041f22,1784345776.6689901,True,
2026-07-20T04:13:37.711055+00:00,LLY,high_volatility,124,False,0.0129,5,0.231,0.6,0.01,0.0385,5,0.756,0.8,mut-5648c7,1784363164.0287595,True,
2026-07-20T04:13:42.003028+00:00,V,high_volatility,124,False,0.0,0,,,,0.0266,6,0.391,0.667,imm-f3328c,1784191593.433811,True,
2026-07-20T04:13:46.294384+00:00,JPM,trending_up,124,False,0.0116,3,0.374,0.667,0.01,0.0199,4,0.47,0.5,mut-a4e17d,1784125329.1309984,True,
2026-07-20T10:56:35.845980+00:00,EURUSD,ranging,130,False,0.0143,2,0.91,0.5,0.0,0.0143,2,0.91,0.5,mut-99bdb7,1784544922.3203692,True,
2026-07-20T10:56:39.831168+00:00,GBPUSD,ranging,130,False,-0.0032,1,0.0,0.0,0.0,0.0082,2,0.373,0.5,mut-fb31af,1783566744.03113,True,
2026-07-20T10:56:43.755586+00:00,USDJPY,ranging,130,False,0.0,0,,,,0.0414,3,7.496,1.0,mut-8cb29d,1784316068.7344902,True,
2026-07-20T10:57:51.638701+00:00,AUDUSD,ranging,130,False,0.0059,2,0.243,0.5,0.0,0.0149,2,0.982,0.5,mut-fa41af,1784230005.7182124,True,
2026-07-20T10:57:55.582228+00:00,USDCAD,ranging,130,False,0.016,2,1.144,1.0,0.0,0.0424,4,1.321,0.75,mut-fd7afd,1784124334.4320092,True,
2026-07-20T10:57:59.537092+00:00,USDCHF,ranging,130,False,0.0028,4,0.064,0.5,0.0199,0.0233,2,3.492,1.0,mut-0a5c1b,1784230013.7533252,True,
2026-07-20T10:59:31.479153+00:00,NZDUSD,ranging,130,False,-0.0054,5,-0.099,0.4,0.0199,0.0136,2,0.824,0.5,mut-3fcd3d,1783999337.5030158,True,
2026-07-20T10:59:35.582191+00:00,EURGBP,trending_down,130,False,0.0232,2,3.433,1.0,0.0,0.0256,2,5.838,1.0,mut-353d75,1784172388.5259166,True,
2026-07-20T10:59:39.453835+00:00,EURJPY,ranging,130,False,-0.0031,3,-0.091,0.333,0.01,0.0002,3,0.007,0.333,mut-4773ac,1784519913.969875,True,
2026-07-20T11:01:02.173281+00:00,GBPJPY,trending_up,130,False,0.019,2,1.729,1.0,0.0,0.019,2,1.729,1.0,mut-621228,1784545183.36772,True,
2026-07-20T11:01:06.135192+00:00,XAUUSD,high_volatility,125,False,0.0334,5,0.622,0.6,0.01,0.051,6,0.841,0.833,mut-a393fc,1784230101.0177186,True,
2026-07-20T11:02:35.080818+00:00,USOIL,high_volatility,125,False,-0.0261,6,-0.48,0.167,0.0297,0.0203,2,2.087,1.0,mut-44fc90,1783821407.0754356,True,
2026-07-20T11:03:26.630689+00:00,BTCUSD,high_volatility,182,False,0.0,0,,,,0.0607,5,1.893,0.8,mut-785457,1783821498.0682824,True,
2026-07-20T11:04:10.644053+00:00,ETHUSD,high_volatility,182,False,0.0069,6,0.098,0.5,0.0297,0.0338,5,0.629,0.6,imm-7ac82e,1784277230.6638775,True,
2026-07-20T11:05:07.988051+00:00,SOLUSD,high_volatility,182,False,0.0043,5,0.073,0.4,0.0199,0.0328,6,0.474,0.667,mut-0ee72e,1784277273.123327,True,
2026-07-20T11:05:46.818008+00:00,XRPUSD,high_volatility,182,False,0.0116,5,0.204,0.6,0.0199,0.0329,6,0.479,0.667,imm-24688f,1784362529.3839197,True,
2026-07-20T11:06:30.926083+00:00,BNBUSD,high_volatility,182,True,0.0208,4,0.496,0.75,0.01,0.0208,4,0.496,0.75,imm-df1d0e,1784545590.795341,True,
2026-07-20T11:07:07.652347+00:00,ADAUSD,high_volatility,182,False,0.0156,7,0.189,0.571,0.0199,0.0423,7,0.532,0.714,mut-f33301,1784230567.3072674,True,
2026-07-20T11:07:44.449388+00:00,SPX,ranging,124,False,-0.0433,5,-3.628,0.0,0.0394,,,,,,,True,
2026-07-20T11:08:21.272887+00:00,NASDAQ,trending_down,124,False,-0.0389,5,-1.87,0.2,0.0394,,,,,,,True,
2026-07-20T11:08:58.776423+00:00,DJI,trending_up,124,False,-0.0199,3,-1.414,0.0,0.0199,0.0277,4,0.672,0.75,mut-624c36,1784211929.5001988,True,
2026-07-20T11:09:34.233278+00:00,RUT,ranging,124,False,-0.0184,3,-1.134,0.333,0.0199,0.0199,4,0.464,0.5,imm-2023df,1783955249.1965785,True,
2026-07-20T11:09:38.102754+00:00,VIX,high_volatility,126,False,-0.0248,6,-0.45,0.333,0.025,,,,,,,True,
2026-07-20T11:09:42.163886+00:00,FTSE,trending_up,126,False,-0.0126,2,-1.706,0.0,0.01,0.0103,3,0.33,0.667,mut-1f332c,1784382988.2949674,True,
2026-07-20T11:10:24.262729+00:00,DAX,ranging,127,False,-0.0093,2,-0.869,0.5,0.01,0.0064,3,0.206,0.667,mut-9657c6,1784212009.9277182,True,
2026-07-20T11:11:04.991085+00:00,CAC40,ranging,127,False,-0.0076,2,-0.614,0.5,0.01,0.0141,2,0.883,0.5,mut-d02f92,1783972710.5198343,True,
2026-07-20T11:11:44.016915+00:00,NIKKEI,high_volatility,123,False,0.0,0,,,,0.0244,3,0.828,0.667,mut-c1d5a1,1783914987.901319,True,
2026-07-20T11:12:21.003662+00:00,HSI,high_volatility,120,False,0.0304,4,0.724,0.75,0.01,0.0352,4,0.792,0.75,mut-744d4e,1783955409.693752,True,
2026-07-20T11:12:24.874549+00:00,SENSEX,ranging,121,False,-0.0297,3,-121.863,0.0,0.0297,0.001,3,0.03,0.333,mut-dddd39,1784038554.1117454,True,
2026-07-20T11:12:28.998248+00:00,ASX200,ranging,126,False,-0.0299,4,-1.779,0.0,0.0297,,,,,,,True,
2026-07-20T11:13:02.890758+00:00,AAPL,high_volatility,124,False,0.0095,5,0.169,0.4,0.01,0.01,5,0.179,0.6,mut-98c72c,1784086472.9613838,True,
2026-07-20T11:13:07.191544+00:00,MSFT,high_volatility,124,False,0.0352,6,0.509,0.667,0.01,0.0367,6,0.526,0.667,mut-ad0f70,1784230939.7517087,True,
2026-07-20T11:13:41.651680+00:00,NVDA,high_volatility,124,False,0.0,0,,,,0.0128,2,0.74,0.5,mut-361ee8,1784059084.653737,True,
2026-07-20T11:13:45.677907+00:00,GOOGL,high_volatility,124,False,0.0,0,,,,0.0293,3,1.297,0.667,mut-bd936b,1784086523.4267807,True,
2026-07-20T11:14:21.801292+00:00,AMZN,high_volatility,124,False,0.0,0,,,,0.0149,2,0.989,0.5,mut-c75244,1783887874.0052235,True,
2026-07-20T11:14:25.908094+00:00,META,high_volatility,124,False,0.0,0,,,,0.0191,4,0.44,0.5,mut-c58e56,1784059191.2592885,True,
2026-07-20T11:14:29.879212+00:00,TSLA,high_volatility,124,False,-0.0068,1,0.0,0.0,0.0,0.0236,4,0.569,0.75,mut-842635,1783887921.345828,True,
2026-07-20T11:14:33.988034+00:00,BRKB,ranging,124,False,0.0,0,,,,0.0135,4,0.287,0.5,mut-041f22,1784345776.6689901,True,
2026-07-20T11:14:38.105797+00:00,LLY,high_volatility,124,False,0.038,5,0.743,0.8,0.01,0.0385,5,0.756,0.8,mut-5648c7,1784363164.0287595,True,
2026-07-20T11:15:16.180026+00:00,V,high_volatility,124,False,0.0001,4,0.002,0.5,0.0199,0.0266,6,0.391,0.667,imm-f3328c,1784191593.433811,True,
2026-07-20T11:15:20.243721+00:00,JPM,trending_up,124,False,-0.0004,4,-0.011,0.5,0.0199,0.0199,4,0.47,0.5,mut-a4e17d,1784125329.1309984,True,
2026-07-20T18:09:16.137331+00:00,EURUSD,ranging,130,False,0.0157,2,1.096,1.0,0.0,0.0143,2,0.91,0.5,mut-99bdb7,1784544922.3203692,True,
2026-07-20T18:09:20.605460+00:00,GBPUSD,ranging,130,False,-0.0016,1,0.0,0.0,0.0,0.0082,2,0.373,0.5,mut-fb31af,1783566744.03113,True,
2026-07-20T18:11:04.562753+00:00,USDJPY,ranging,130,False,0.0414,3,7.496,1.0,0.0,0.0414,3,7.496,1.0,mut-8cb29d,1784316068.7344902,True,
2026-07-20T18:11:08.596175+00:00,AUDUSD,ranging,130,False,0.0061,2,0.255,0.5,0.0,0.0149,2,0.982,0.5,mut-fa41af,1784230005.7182124,True,
2026-07-20T18:11:12.640416+00:00,USDCAD,ranging,130,False,0.0133,2,0.793,0.5,0.0,0.0424,4,1.321,0.75,mut-fd7afd,1784124334.4320092,True,
2026-07-20T18:12:56.949768+00:00,USDCHF,ranging,130,False,-0.0146,2,-2.711,0.0,0.01,0.0233,2,3.492,1.0,mut-0a5c1b,1784230013.7533252,True,
2026-07-20T18:13:01.160266+00:00,NZDUSD,ranging,130,False,-0.0062,5,-0.115,0.4,0.0199,0.0136,2,0.824,0.5,mut-3fcd3d,1783999337.5030158,True,
2026-07-20T18:13:05.361726+00:00,EURGBP,trending_down,130,False,0.0217,2,2.632,1.0,0.0,0.0256,2,5.838,1.0,mut-353d75,1784172388.5259166,True,
2026-07-20T18:13:09.440060+00:00,EURJPY,ranging,130,False,-0.002,3,-0.059,0.333,0.01,0.0002,3,0.007,0.333,mut-4773ac,1784519913.969875,True,
2026-07-20T18:14:22.715137+00:00,GBPJPY,trending_up,130,False,0.0171,2,1.33,1.0,0.0,0.019,2,1.729,1.0,mut-621228,1784545183.36772,True,
2026-07-20T18:15:42.184739+00:00,XAUUSD,high_volatility,125,False,0.0342,5,0.644,0.6,0.01,0.051,6,0.841,0.833,mut-a393fc,1784230101.0177186,True,
2026-07-20T18:16:31.649931+00:00,USOIL,high_volatility,125,False,-0.0258,6,-0.474,0.167,0.0297,0.0203,2,2.087,1.0,mut-44fc90,1783821407.0754356,True,
2026-07-20T18:17:20.726106+00:00,BTCUSD,high_volatility,182,False,0.0259,3,0.942,0.667,0.0,0.0607,5,1.893,0.8,mut-785457,1783821498.0682824,True,
2026-07-20T18:18:10.455366+00:00,ETHUSD,high_volatility,182,False,0.0101,6,0.14,0.5,0.0297,0.0338,5,0.629,0.6,imm-7ac82e,1784277230.6638775,True,
2026-07-20T18:19:00.113355+00:00,SOLUSD,high_volatility,182,False,0.0127,5,0.225,0.6,0.0199,0.0328,6,0.474,0.667,mut-0ee72e,1784277273.123327,True,
2026-07-20T18:19:40.137417+00:00,XRPUSD,high_volatility,182,False,0.0088,5,0.155,0.4,0.0199,0.0329,6,0.479,0.667,imm-24688f,1784362529.3839197,True,
2026-07-20T18:20:17.585410+00:00,BNBUSD,high_volatility,182,False,0.0196,4,0.461,0.5,0.01,0.0208,4,0.496,0.75,imm-df1d0e,1784545590.795341,True,
2026-07-20T18:20:22.226209+00:00,ADAUSD,high_volatility,182,False,-0.0023,6,-0.034,0.333,0.0297,0.0423,7,0.532,0.714,mut-f33301,1784230567.3072674,True,
2026-07-20T18:21:04.014543+00:00,SPX,ranging,125,False,-0.0441,5,-4.266,0.0,0.0394,,,,,,,True,
2026-07-20T18:21:43.544691+00:00,NASDAQ,trending_down,125,False,-0.0401,5,-2.176,0.0,0.0394,,,,,,,True,
2026-07-20T18:22:23.305132+00:00,DJI,ranging,125,True,0.0074,3,0.244,0.667,0.01,0.0074,3,0.244,0.667,mut-494a62,1784571743.1673515,True,
2026-07-20T18:23:02.968391+00:00,RUT,ranging,125,False,0.0045,3,0.145,0.333,0.01,0.0199,4,0.464,0.5,imm-2023df,1783955249.1965785,True,
2026-07-20T18:23:07.064592+00:00,VIX,high_volatility,126,False,-0.0183,5,-0.384,0.2,0.0199,,,,,,,True,
2026-07-20T18:23:42.199391+00:00,FTSE,ranging,126,False,-0.0116,2,-1.367,0.0,0.01,0.0038,3,0.122,0.333,mut-13c6ca,1783887611.8882253,True,
2026-07-20T18:24:18.109727+00:00,DAX,ranging,127,False,-0.0092,2,-0.855,0.5,0.01,0.0064,3,0.206,0.667,mut-9657c6,1784212009.9277182,True,
2026-07-20T18:24:53.107921+00:00,CAC40,ranging,127,False,-0.025,3,-3.612,0.0,0.0199,0.0141,2,0.883,0.5,mut-d02f92,1783972710.5198343,True,
2026-07-20T18:25:34.253356+00:00,NIKKEI,high_volatility,123,False,0.0,0,,,,0.0244,3,0.828,0.667,mut-c1d5a1,1783914987.901319,True,
2026-07-20T18:26:10.704324+00:00,HSI,high_volatility,119,False,0.0186,4,0.426,0.5,0.01,0.0352,4,0.792,0.75,mut-744d4e,1783955409.693752,True,
2026-07-20T18:26:14.868991+00:00,SENSEX,ranging,121,False,-0.01,1,0.0,0.0,0.01,0.001,3,0.03,0.333,mut-dddd39,1784038554.1117454,True,
2026-07-20T18:26:19.139750+00:00,ASX200,ranging,125,False,-0.0282,4,-1.434,0.25,0.0297,,,,,,,True,
2026-07-20T18:26:53.572153+00:00,AAPL,high_volatility,125,False,0.0,0,,,,0.01,5,0.179,0.6,mut-98c72c,1784086472.9613838,True,
2026-07-20T18:26:57.972018+00:00,MSFT,high_volatility,125,False,0.0102,6,0.144,0.5,0.0199,0.0367,6,0.526,0.667,mut-ad0f70,1784230939.7517087,True,
2026-07-20T18:27:34.525274+00:00,NVDA,high_volatility,125,False,0.0097,3,0.314,0.667,0.01,0.0128,2,0.74,0.5,mut-361ee8,1784059084.653737,True,
2026-07-20T18:28:10.014286+00:00,GOOGL,high_volatility,125,False,0.0,0,,,,0.0293,3,1.297,0.667,mut-bd936b,1784086523.4267807,True,
2026-07-20T18:28:43.911982+00:00,AMZN,high_volatility,125,False,-0.0006,6,-0.009,0.333,0.0199,0.0149,2,0.989,0.5,mut-c75244,1783887874.0052235,True,
2026-07-20T18:29:21.819047+00:00,META,high_volatility,125,False,-0.0155,5,-0.323,0.2,0.0199,0.0191,4,0.44,0.5,mut-c58e56,1784059191.2592885,True,
2026-07-20T18:29:26.024840+00:00,TSLA,high_volatility,125,False,0.0073,1,0.0,1.0,0.0,0.0236,4,0.569,0.75,mut-842635,1783887921.345828,True,
2026-07-20T18:29:30.150302+00:00,BRKB,ranging,125,False,-0.01,1,0.0,0.0,0.01,0.0135,4,0.287,0.5,mut-041f22,1784345776.6689901,True,
2026-07-20T18:30:04.192854+00:00,LLY,high_volatility,125,False,0.0058,3,0.188,0.667,0.01,0.0385,5,0.756,0.8,mut-5648c7,1784363164.0287595,True,
2026-07-20T18:30:08.428269+00:00,V,high_volatility,125,False,-0.0095,5,-0.184,0.4,0.0199,0.0266,6,0.391,0.667,imm-f3328c,1784191593.433811,True,
2026-07-20T18:30:12.713219+00:00,JPM,trending_up,125,False,-0.0016,4,-0.038,0.5,0.0199,0.0199,4,0.47,0.5,mut-a4e17d,1784125329.1309984,True,
2026-07-21T10:28:29.521330+00:00,EURUSD,ranging,130,False,0.0149,2,0.985,0.5,0.0,0.0149,2,0.985,0.5,mut-7fee8d,1784629659.177647,True,
2026-07-21T10:28:33.764902+00:00,GBPUSD,ranging,130,False,0.0002,1,0.0,1.0,0.0,0.0082,2,0.373,0.5,mut-fb31af,1783566744.03113,True,
2026-07-21T10:28:45.177397+00:00,USDJPY,ranging,130,False,0.0436,3,18.115,1.0,0.0,0.0436,3,18.115,1.0,mut-84bada,1784629717.863137,True,
2026-07-21T10:28:56.245310+00:00,AUDUSD,ranging,130,False,0.0115,2,0.623,0.5,0.0,0.0149,2,0.982,0.5,mut-fa41af,1784230005.7182124,True,
2026-07-21T10:29:06.777214+00:00,USDCAD,ranging,130,False,0.0133,2,0.794,0.5,0.0,0.0424,4,1.321,0.75,mut-fd7afd,1784124334.4320092,True,
2026-07-21T10:29:16.223956+00:00,USDCHF,ranging,130,False,0.0045,3,0.145,0.333,0.01,0.0233,2,3.492,1.0,mut-0a5c1b,1784230013.7533252,True,
2026-07-21T10:29:25.397090+00:00,NZDUSD,ranging,130,False,-0.0046,5,-0.082,0.4,0.0199,0.0136,2,0.824,0.5,mut-3fcd3d,1783999337.5030158,True,
2026-07-21T10:29:34.682052+00:00,EURGBP,trending_down,130,False,0.0172,2,1.342,1.0,0.0,0.0256,2,5.838,1.0,mut-353d75,1784172388.5259166,True,
2026-07-21T10:29:38.674974+00:00,EURJPY,ranging,130,False,-0.0102,4,-0.25,0.25,0.01,0.0002,3,0.007,0.333,mut-4773ac,1784519913.969875,True,
2026-07-21T10:29:42.847402+00:00,GBPJPY,trending_up,130,False,0.0003,2,0.016,0.5,0.01,0.019,2,1.729,1.0,mut-621228,1784545183.36772,True,
2026-07-21T10:29:52.015418+00:00,XAUUSD,high_volatility,125,False,0.0058,5,0.1,0.4,0.0199,0.051,6,0.841,0.833,mut-a393fc,1784230101.0177186,True,
2026-07-21T10:30:04.193446+00:00,USOIL,high_volatility,125,False,0.0208,4,0.487,0.75,0.01,0.0203,2,2.087,1.0,mut-44fc90,1783821407.0754356,True,
2026-07-21T10:30:14.496560+00:00,BTCUSD,high_volatility,182,False,0.0243,3,0.816,0.667,0.0,0.0607,5,1.893,0.8,mut-785457,1783821498.0682824,True,
2026-07-21T10:31:11.155179+00:00,ETHUSD,high_volatility,182,False,0.0116,6,0.159,0.5,0.0297,0.0338,5,0.629,0.6,imm-7ac82e,1784277230.6638775,True,
2026-07-21T10:31:15.576121+00:00,SOLUSD,high_volatility,182,False,0.0126,5,0.222,0.6,0.0199,0.0328,6,0.474,0.667,mut-0ee72e,1784277273.123327,True,
2026-07-21T10:32:12.959817+00:00,XRPUSD,high_volatility,182,False,0.0279,6,0.407,0.667,0.01,0.0329,6,0.479,0.667,imm-24688f,1784362529.3839197,True,
2026-07-21T10:32:23.399895+00:00,BNBUSD,high_volatility,182,False,-0.0404,5,-2.282,0.0,0.0394,0.0208,4,0.496,0.75,imm-df1d0e,1784545590.795341,True,
2026-07-21T10:32:33.508944+00:00,ADAUSD,high_volatility,182,False,0.0182,6,0.248,0.5,0.0199,0.0423,7,0.532,0.714,mut-f33301,1784230567.3072674,True,
2026-07-21T10:32:44.464100+00:00,SPX,ranging,124,False,-0.0427,5,-3.246,0.0,0.0394,,,,,,,True,
2026-07-21T10:32:53.697791+00:00,NASDAQ,trending_down,124,False,-0.0388,5,-1.848,0.2,0.0394,,,,,,,True,
2026-07-21T10:32:57.826295+00:00,DJI,ranging,124,False,-0.021,3,-1.691,0.0,0.0199,0.0074,3,0.244,0.667,mut-494a62,1784571743.1673515,True,
2026-07-21T10:33:06.977837+00:00,RUT,ranging,124,False,0.003,3,0.095,0.333,0.01,0.0199,4,0.464,0.5,imm-2023df,1783955249.1965785,True,
2026-07-21T10:33:11.084246+00:00,VIX,high_volatility,126,False,-0.0236,6,-0.422,0.333,0.025,,,,,,,True,
2026-07-21T10:33:15.312754+00:00,FTSE,ranging,126,False,-0.0131,2,-1.886,0.0,0.01,0.0038,3,0.122,0.333,mut-13c6ca,1783887611.8882253,True,
2026-07-21T10:33:19.412461+00:00,DAX,ranging,127,False,-0.0189,3,-1.227,0.333,0.0199,0.0064,3,0.206,0.667,mut-9657c6,1784212009.9277182,True,
2026-07-21T10:33:23.729057+00:00,CAC40,ranging,127,True,0.0141,2,0.89,0.5,0.0,0.0141,2,0.89,0.5,mut-b9b556,1784630003.5888314,True,
2026-07-21T10:33:32.855752+00:00,NIKKEI,high_volatility,122,False,-0.0012,3,-0.035,0.333,0.01,0.0244,3,0.828,0.667,mut-c1d5a1,1783914987.901319,True,
2026-07-21T10:33:42.125531+00:00,HSI,high_volatility,120,False,0.0248,4,0.596,0.75,0.01,0.0352,4,0.792,0.75,mut-744d4e,1783955409.693752,True,
2026-07-21T10:33:51.124769+00:00,SENSEX,trending_up,121,False,-0.0185,3,-1.146,0.333,0.0199,,,,,,,True,
2026-07-21T10:33:55.265754+00:00,ASX200,ranging,126,False,-0.0141,2,-2.39,0.0,0.01,,,,,,,True,
2026-07-21T10:33:59.699244+00:00,AAPL,high_volatility,124,False,-0.0156,5,-0.322,0.2,0.0199,0.01,5,0.179,0.6,mut-98c72c,1784086472.9613838,True,
2026-07-21T10:34:09.171262+00:00,MSFT,high_volatility,124,False,0.0105,6,0.148,0.5,0.0199,0.0367,6,0.526,0.667,mut-ad0f70,1784230939.7517087,True,
2026-07-21T10:35:10.243871+00:00,NVDA,high_volatility,124,False,-0.007,2,-0.541,0.5,0.01,0.0128,2,0.74,0.5,mut-361ee8,1784059084.653737,True,
2026-07-21T10:35:19.644373+00:00,GOOGL,high_volatility,124,False,0.0172,2,1.351,1.0,0.0,0.0293,3,1.297,0.667,mut-bd936b,1784086523.4267807,True,
2026-07-21T10:35:28.865268+00:00,AMZN,high_volatility,124,False,-0.0004,5,-0.006,0.4,0.0199,0.0149,2,0.989,0.5,mut-c75244,1783887874.0052235,True,
2026-07-21T10:35:33.105315+00:00,META,high_volatility,124,False,-0.0151,5,-0.313,0.4,0.0199,0.0191,4,0.44,0.5,mut-c58e56,1784059191.2592885,True,
2026-07-21T10:35:42.202225+00:00,TSLA,high_volatility,124,False,0.0081,1,0.0,1.0,0.0,0.0236,4,0.569,0.75,mut-842635,1783887921.345828,True,
2026-07-21T10:35:46.234837+00:00,BRKB,ranging,124,False,-0.01,2,-1.0,0.0,0.01,0.0135,4,0.287,0.5,mut-041f22,1784345776.6689901,True,
2026-07-21T10:35:55.620029+00:00,LLY,high_volatility,124,False,0.0242,6,0.349,0.5,0.01,0.0385,5,0.756,0.8,mut-5648c7,1784363164.0287595,True,
2026-07-21T10:36:04.860441+00:00,V,high_volatility,124,False,-0.01,1,0.0,0.0,0.01,0.0266,6,0.391,0.667,imm-f3328c,1784191593.433811,True,
2026-07-21T10:36:09.086128+00:00,JPM,trending_up,124,False,-0.0118,5,-0.24,0.4,0.0297,0.0199,4,0.47,0.5,mut-a4e17d,1784125329.1309984,True,
2026-07-21T17:24:22.780939+00:00,EURUSD,ranging,130,False,0.0162,2,1.172,1.0,0.0,0.0149,2,0.985,0.5,mut-7fee8d,1784629659.177647,True,
2026-07-21T17:25:44.495160+00:00,GBPUSD,ranging,130,False,0.0021,1,0.0,1.0,0.0,0.0082,2,0.373,0.5,mut-fb31af,1783566744.03113,True,
2026-07-21T17:25:55.601918+00:00,USDJPY,ranging,130,False,0.0,0,,,,0.0436,3,18.115,1.0,mut-84bada,1784629717.863137,True,
2026-07-21T17:26:06.908553+00:00,AUDUSD,ranging,130,False,0.0136,2,0.826,0.5,0.0,0.0149,2,0.982,0.5,mut-fa41af,1784230005.7182124,True,
2026-07-21T17:26:11.251135+00:00,USDCAD,ranging,130,False,0.0058,1,0.0,1.0,0.0,0.0424,4,1.321,0.75,mut-fd7afd,1784124334.4320092,True,
2026-07-21T17:26:21.572199+00:00,USDCHF,ranging,130,False,0.0072,3,0.237,0.667,0.01,0.0233,2,3.492,1.0,mut-0a5c1b,1784230013.7533252,True,
2026-07-21T17:26:25.589311+00:00,NZDUSD,ranging,130,False,-0.0164,5,-0.338,0.2,0.0199,0.0136,2,0.824,0.5,mut-3fcd3d,1783999337.5030158,True,
2026-07-21T17:26:34.595848+00:00,EURGBP,trending_down,130,False,0.0152,2,1.026,1.0,0.0,0.0256,2,5.838,1.0,mut-353d75,1784172388.5259166,True,
2026-07-21T17:26:38.608353+00:00,EURJPY,ranging,130,False,-0.0048,3,-0.136,0.333,0.01,0.0002,3,0.007,0.333,mut-4773ac,1784519913.969875,True,
2026-07-21T17:26:42.564586+00:00,GBPJPY,trending_up,130,False,-0.0005,2,-0.027,0.5,0.01,0.019,2,1.729,1.0,mut-621228,1784545183.36772,True,
2026-07-21T17:26:51.362259+00:00,XAUUSD,high_volatility,125,False,0.0057,5,0.098,0.4,0.0199,0.051,6,0.841,0.833,mut-a393fc,1784230101.0177186,True,
2026-07-21T17:27:00.233733+00:00,USOIL,high_volatility,125,False,0.0,0,,,,0.0203,2,2.087,1.0,mut-44fc90,1783821407.0754356,True,
2026-07-21T17:27:10.083593+00:00,BTCUSD,high_volatility,182,False,0.0241,3,0.802,0.667,0.0,0.0607,5,1.893,0.8,mut-785457,1783821498.0682824,True,
2026-07-21T17:27:20.164314+00:00,ETHUSD,high_volatility,182,False,0.0106,6,0.146,0.5,0.0297,0.0338,5,0.629,0.6,imm-7ac82e,1784277230.6638775,True,
2026-07-21T17:27:24.571632+00:00,SOLUSD,high_volatility,182,False,0.0147,5,0.258,0.6,0.0199,0.0328,6,0.474,0.667,mut-0ee72e,1784277273.123327,True,
2026-07-21T17:28:05.484618+00:00,XRPUSD,high_volatility,182,False,0.0052,5,0.089,0.4,0.0199,0.0329,6,0.479,0.667,imm-24688f,1784362529.3839197,True,
2026-07-21T17:28:19.166075+00:00,BNBUSD,high_volatility,182,False,0.0197,4,0.465,0.5,0.01,0.0208,4,0.496,0.75,imm-df1d0e,1784545590.795341,True,
2026-07-21T17:28:29.186893+00:00,ADAUSD,high_volatility,182,False,-0.0009,8,-0.01,0.375,0.0394,0.0423,7,0.532,0.714,mut-f33301,1784230567.3072674,True,
2026-07-21T17:28:38.017157+00:00,SPX,ranging,125,False,-0.0358,4,-5.417,0.0,0.0297,,,,,,,True,
2026-07-21T17:28:47.013202+00:00,NASDAQ,ranging,125,False,-0.0318,4,-2.368,0.0,0.0297,0.0177,11,0.132,0.455,mut-d84022,1783650806.8484473,True,
2026-07-21T17:28:51.135580+00:00,DJI,trending_up,125,False,0.0,0,,,,0.0277,4,0.672,0.75,mut-624c36,1784211929.5001988,True,
2026-07-21T17:29:00.168197+00:00,RUT,ranging,125,False,-0.0266,4,-1.184,0.25,0.0297,0.0199,4,0.464,0.5,imm-2023df,1783955249.1965785,True,
2026-07-21T17:29:08.955384+00:00,VIX,high_volatility,126,False,-0.0227,6,-0.404,0.333,0.025,,,,,,,True,
2026-07-21T17:29:13.159266+00:00,FTSE,trending_up,126,False,-0.0338,4,-3.379,0.0,0.0297,0.0103,3,0.33,0.667,mut-1f332c,1784382988.2949674,True,
2026-07-21T17:29:17.214691+00:00,DAX,trending_up,127,False,-0.0182,3,-1.099,0.333,0.0199,,,,,,,True,
2026-07-21T17:29:26.403683+00:00,CAC40,ranging,127,False,-0.0165,2,-4.653,0.0,0.01,0.0141,2,0.89,0.5,mut-b9b556,1784630003.5888314,True,
2026-07-21T17:29:35.338963+00:00,NIKKEI,high_volatility,121,False,0.0097,5,0.172,0.4,0.01,0.0244,3,0.828,0.667,mut-c1d5a1,1783914987.901319,True,
2026-07-21T17:29:44.305281+00:00,HSI,high_volatility,119,False,0.0304,4,0.724,0.75,0.01,0.0352,4,0.792,0.75,mut-744d4e,1783955409.693752,True,
2026-07-21T17:29:48.229141+00:00,SENSEX,trending_up,121,False,-0.0124,2,-1.623,0.0,0.01,,,,,,,True,
2026-07-21T17:29:52.287582+00:00,ASX200,ranging,125,False,-0.0187,3,-1.19,0.333,0.0199,,,,,,,True,
2026-07-21T17:30:01.438191+00:00,AAPL,high_volatility,125,False,-0.0379,7,-0.63,0.143,0.0394,0.01,5,0.179,0.6,mut-98c72c,1784086472.9613838,True,
2026-07-21T17:30:05.675269+00:00,MSFT,high_volatility,125,False,0.035,6,0.506,0.667,0.01,0.0367,6,0.526,0.667,mut-ad0f70,1784230939.7517087,True,
2026-07-21T17:30:09.810976+00:00,NVDA,high_volatility,125,False,0.0084,3,0.273,0.667,0.01,0.0128,2,0.74,0.5,mut-361ee8,1784059084.653737,True,
2026-07-21T17:31:21.545324+00:00,GOOGL,high_volatility,125,False,0.0,0,,,,0.0293,3,1.297,0.667,mut-bd936b,1784086523.4267807,True,
2026-07-21T17:33:00.584430+00:00,AMZN,high_volatility,125,False,-0.0161,5,-0.33,0.2,0.0297,0.0149,2,0.989,0.5,mut-c75244,1783887874.0052235,True,
2026-07-21T17:33:04.872952+00:00,META,high_volatility,125,False,-0.0151,5,-0.313,0.4,0.0199,0.0191,4,0.44,0.5,mut-c58e56,1784059191.2592885,True,
2026-07-21T17:33:08.932111+00:00,TSLA,high_volatility,125,False,0.009,1,0.0,1.0,0.0,0.0236,4,0.569,0.75,mut-842635,1783887921.345828,True,
2026-07-21T17:33:13.060395+00:00,BRKB,ranging,125,False,-0.0199,2,-199.0,0.0,0.0199,0.0135,4,0.287,0.5,mut-041f22,1784345776.6689901,True,
2026-07-21T17:33:25.541333+00:00,LLY,high_volatility,125,False,0.0253,6,0.367,0.667,0.01,0.0385,5,0.756,0.8,mut-5648c7,1784363164.0287595,True,
2026-07-21T17:33:34.779545+00:00,V,high_volatility,125,False,-0.0315,7,-0.491,0.286,0.049,0.0266,6,0.391,0.667,imm-f3328c,1784191593.433811,True,
2026-07-21T17:33:38.928790+00:00,JPM,trending_up,125,False,-0.01,1,0.0,0.0,0.01,0.0199,4,0.47,0.5,mut-a4e17d,1784125329.1309984,True,
2026-07-22T02:52:47.512184+00:00,EURUSD,ranging,130,False,0.0164,2,1.204,1.0,0.0,0.0149,2,0.985,0.5,mut-7fee8d,1784629659.177647,True,
2026-07-22T02:52:52.244453+00:00,GBPUSD,ranging,130,False,0.0021,1,0.0,1.0,0.0,0.0082,2,0.373,0.5,mut-fb31af,1783566744.03113,True,
2026-07-22T02:52:56.105972+00:00,USDJPY,ranging,130,False,0.0,0,,,,0.0436,3,18.115,1.0,mut-84bada,1784629717.863137,True,
2026-07-22T02:53:00.888005+00:00,AUDUSD,ranging,130,False,0.0138,2,0.849,0.5,0.0,0.0149,2,0.982,0.5,mut-fa41af,1784230005.7182124,True,
2026-07-22T02:53:05.646573+00:00,USDCAD,ranging,130,False,0.0091,2,0.434,0.5,0.0,0.0424,4,1.321,0.75,mut-fd7afd,1784124334.4320092,True,
2026-07-22T02:53:10.416638+00:00,USDCHF,ranging,130,False,0.0279,2,13.535,1.0,0.0,0.0279,2,13.535,1.0,mut-c6a210,1784688789.4692347,True,
2026-07-22T02:53:15.166866+00:00,NZDUSD,ranging,130,False,-0.0081,5,-0.154,0.4,0.0199,0.0136,2,0.824,0.5,mut-3fcd3d,1783999337.5030158,True,
2026-07-22T02:53:20.240567+00:00,EURGBP,trending_down,130,False,0.0182,2,1.538,1.0,0.0,0.0256,2,5.838,1.0,mut-353d75,1784172388.5259166,True,
2026-07-22T02:53:24.931045+00:00,EURJPY,ranging,130,False,-0.0112,4,-0.271,0.25,0.01,0.0002,3,0.007,0.333,mut-4773ac,1784519913.969875,True,
2026-07-22T02:53:28.944984+00:00,GBPJPY,trending_up,130,False,-0.01,1,0.0,0.0,0.01,0.019,2,1.729,1.0,mut-621228,1784545183.36772,True,
2026-07-22T02:53:33.756854+00:00,XAUUSD,high_volatility,125,False,0.0284,5,0.485,0.6,0.01,0.051,6,0.841,0.833,mut-a393fc,1784230101.0177186,True,
2026-07-22T02:53:38.503880+00:00,USOIL,high_volatility,125,False,-0.0042,3,-0.12,0.333,0.01,0.0203,2,2.087,1.0,mut-44fc90,1783821407.0754356,True,
2026-07-22T02:53:44.484020+00:00,BTCUSD,high_volatility,181,False,0.0245,3,0.83,0.667,0.0,0.0607,5,1.893,0.8,mut-785457,1783821498.0682824,True,
2026-07-22T02:53:50.263929+00:00,ETHUSD,high_volatility,181,False,0.0108,6,0.149,0.5,0.0297,0.0338,5,0.629,0.6,imm-7ac82e,1784277230.6638775,True,
2026-07-22T02:53:54.913190+00:00,SOLUSD,high_volatility,181,False,0.0,0,,,,0.0328,6,0.474,0.667,mut-0ee72e,1784277273.123327,True,
2026-07-22T02:54:00.534513+00:00,XRPUSD,high_volatility,181,False,0.0062,5,0.106,0.4,0.0199,0.0329,6,0.479,0.667,imm-24688f,1784362529.3839197,True,
2026-07-22T02:54:06.337284+00:00,BNBUSD,high_volatility,181,False,0.0199,4,0.469,0.5,0.01,0.0208,4,0.496,0.75,imm-df1d0e,1784545590.795341,True,
2026-07-22T02:54:12.114108+00:00,ADAUSD,high_volatility,181,False,0.0231,9,0.211,0.556,0.0297,0.0423,7,0.532,0.714,mut-f33301,1784230567.3072674,True,
2026-07-22T02:54:16.724006+00:00,SPX,ranging,124,False,-0.0176,3,-1.017,0.333,0.0199,,,,,,,True,
2026-07-22T02:54:21.663463+00:00,NASDAQ,ranging,124,False,-0.0183,3,-1.114,0.333,0.0199,0.0177,11,0.132,0.455,mut-d84022,1783650806.8484473,True,
2026-07-22T02:54:26.453291+00:00,DJI,trending_up,124,False,-0.0031,4,-0.076,0.5,0.0199,0.0277,4,0.672,0.75,mut-624c36,1784211929.5001988,True,
2026-07-22T02:54:31.231480+00:00,RUT,ranging,124,False,-0.0261,4,-1.12,0.25,0.0297,0.0187,2,1.663,1.0,mut-71c912,1784688870.3744597,True,
2026-07-22T02:54:35.216122+00:00,VIX,high_volatility,126,False,-0.0227,6,-0.403,0.333,0.025,,,,,,,True,
2026-07-22T02:54:39.174285+00:00,FTSE,trending_up,126,False,-0.014,3,-0.627,0.333,0.0199,0.0103,3,0.33,0.667,mut-1f332c,1784382988.2949674,True,
2026-07-22T02:54:43.107544+00:00,DAX,trending_up,127,False,-0.0118,2,-1.425,0.0,0.01,,,,,,,True,
2026-07-22T02:54:47.284324+00:00,CAC40,ranging,127,False,-0.0082,2,-0.698,0.5,0.01,0.0141,2,0.89,0.5,mut-b9b556,1784630003.5888314,True,
2026-07-22T02:54:52.013623+00:00,NIKKEI,high_volatility,122,False,0.0,0,,,,0.0244,3,0.828,0.667,mut-c1d5a1,1783914987.901319,True,
2026-07-22T02:54:55.969015+00:00,HSI,high_volatility,120,False,-0.0028,4,-0.067,0.5,0.0199,0.0352,4,0.792,0.75,mut-744d4e,1783955409.693752,True,
2026-07-22T02:54:59.891247+00:00,SENSEX,trending_up,121,False,-0.0124,2,-1.623,0.0,0.01,,,,,,,True,
2026-07-22T02:55:04.741785+00:00,ASX200,ranging,126,False,-0.021,3,-1.685,0.0,0.0199,,,,,,,True,
2026-07-22T02:55:08.759100+00:00,AAPL,high_volatility,124,False,-0.0376,7,-0.623,0.143,0.0394,0.01,5,0.179,0.6,mut-98c72c,1784086472.9613838,True,
2026-07-22T02:55:12.915143+00:00,MSFT,high_volatility,124,False,0.0,0,,,,0.0367,6,0.526,0.667,mut-ad0f70,1784230939.7517087,True,
2026-07-22T02:55:17.823036+00:00,NVDA,high_volatility,124,False,0.0021,3,0.065,0.333,0.01,0.0128,2,0.74,0.5,mut-361ee8,1784059084.653737,True,
2026-07-22T02:55:22.671117+00:00,GOOGL,high_volatility,124,False,0.0197,2,1.916,1.0,0.0,0.0293,3,1.297,0.667,mut-bd936b,1784086523.4267807,True,
2026-07-22T02:55:27.539686+00:00,AMZN,high_volatility,124,False,-0.0167,5,-0.345,0.2,0.0199,0.0149,2,0.989,0.5,mut-c75244,1783887874.0052235,True,
2026-07-22T02:55:31.701456+00:00,META,high_volatility,124,False,-0.0148,5,-0.305,0.4,0.0199,0.0191,4,0.44,0.5,mut-c58e56,1784059191.2592885,True,
2026-07-22T02:55:35.634199+00:00,TSLA,high_volatility,124,False,0.0092,1,0.0,1.0,0.0,0.0236,4,0.569,0.75,mut-842635,1783887921.345828,True,
2026-07-22T02:55:39.557463+00:00,BRKB,ranging,124,False,-0.0071,2,-0.553,0.5,0.01,0.0135,4,0.287,0.5,mut-041f22,1784345776.6689901,True,
2026-07-22T02:55:43.720227+00:00,LLY,high_volatility,124,False,0.0221,6,0.314,0.5,0.01,0.0385,5,0.756,0.8,mut-5648c7,1784363164.0287595,True,
2026-07-22T02:55:47.912115+00:00,V,high_volatility,124,False,-0.013,5,-0.265,0.4,0.0199,0.0266,6,0.391,0.667,imm-f3328c,1784191593.433811,True,
2026-07-22T02:55:52.097595+00:00,JPM,trending_up,124,True,0.0379,3,3.577,1.0,0.0,0.0379,3,3.577,1.0,mut-cc27c4,1784688951.9463158,True,
2026-07-22T10:28:27.311977+00:00,EURUSD,ranging,130,False,0.0164,2,1.204,1.0,0.0,0.0149,2,0.985,0.5,mut-7fee8d,1784629659.177647,True,
2026-07-22T10:28:31.948786+00:00,GBPUSD,ranging,130,False,-0.0081,4,-0.196,0.25,0.0199,0.0082,2,0.373,0.5,mut-fb31af,1783566744.03113,True,
2026-07-22T10:28:35.827850+00:00,USDJPY,ranging,130,False,0.0,0,,,,0.0436,3,18.115,1.0,mut-84bada,1784629717.863137,True,
2026-07-22T10:28:40.388663+00:00,AUDUSD,ranging,130,False,0.0148,2,0.969,0.5,0.0,0.0149,2,0.982,0.5,mut-fa41af,1784230005.7182124,True,
2026-07-22T10:28:44.805226+00:00,USDCAD,ranging,130,False,0.0306,3,1.463,1.0,0.0,0.0424,4,1.321,0.75,mut-fd7afd,1784124334.4320092,True,
2026-07-22T10:28:49.378853+00:00,USDCHF,ranging,130,False,0.0279,2,13.138,1.0,0.0,0.0279,2,13.535,1.0,mut-c6a210,1784688789.4692347,True,
2026-07-22T10:28:53.912685+00:00,NZDUSD,ranging,130,False,0.0,0,,,,0.0136,2,0.824,0.5,mut-3fcd3d,1783999337.5030158,True,
2026-07-22T10:28:57.774704+00:00,EURGBP,trending_down,130,False,0.0168,2,1.278,1.0,0.0,0.0256,2,5.838,1.0,mut-353d75,1784172388.5259166,True,
2026-07-22T10:29:02.313139+00:00,EURJPY,ranging,130,False,-0.0069,1,0.0,0.0,0.0,0.0002,3,0.007,0.333,mut-4773ac,1784519913.969875,True,
2026-07-22T10:29:06.533269+00:00,GBPJPY,trending_up,130,False,0.0,0,,,,0.019,2,1.729,1.0,mut-621228,1784545183.36772,True,
2026-07-22T10:29:10.974123+00:00,XAUUSD,high_volatility,125,False,0.0287,5,0.494,0.6,0.01,0.051,6,0.841,0.833,mut-a393fc,1784230101.0177186,True,
2026-07-22T10:29:15.589294+00:00,USOIL,high_volatility,125,False,0.0084,2,0.389,0.5,0.0,0.0203,2,2.087,1.0,mut-44fc90,1783821407.0754356,True,
2026-07-22T10:29:20.961836+00:00,BTCUSD,high_volatility,182,False,0.0253,3,0.892,0.667,0.0,0.0607,5,1.893,0.8,mut-785457,1783821498.0682824,True,
2026-07-22T10:29:26.507320+00:00,ETHUSD,high_volatility,182,False,0.0129,4,0.271,0.5,0.01,0.0338,5,0.629,0.6,imm-7ac82e,1784277230.6638775,True,
2026-07-22T10:29:31.222886+00:00,SOLUSD,high_volatility,182,False,0.0,0,,,,0.0328,6,0.474,0.667,mut-0ee72e,1784277273.123327,True,
2026-07-22T10:29:36.605814+00:00,XRPUSD,high_volatility,182,False,-0.0081,4,-0.197,0.25,0.0199,0.0329,6,0.479,0.667,imm-24688f,1784362529.3839197,True,
2026-07-22T10:29:42.210241+00:00,BNBUSD,high_volatility,182,False,0.0,0,,,,0.0208,4,0.496,0.75,imm-df1d0e,1784545590.795341,True,
2026-07-22T10:29:47.572389+00:00,ADAUSD,high_volatility,182,False,0.0485,9,0.454,0.667,0.0199,0.0423,7,0.532,0.714,mut-f33301,1784230567.3072674,True,
2026-07-22T10:29:52.374167+00:00,SPX,ranging,124,False,-0.0358,4,-5.469,0.0,0.0297,,,,,,,True,
2026-07-22T10:29:57.446201+00:00,NASDAQ,ranging,124,False,-0.0317,4,-2.327,0.0,0.0297,0.0177,11,0.132,0.455,mut-d84022,1783650806.8484473,True,
2026-07-22T10:30:01.471531+00:00,DJI,trending_up,124,False,-0.001,4,-0.025,0.5,0.0199,0.0277,4,0.672,0.75,mut-624c36,1784211929.5001988,True,
2026-07-22T10:30:05.610309+00:00,RUT,ranging,124,False,-0.0212,3,-1.728,0.0,0.0199,0.0187,2,1.663,1.0,mut-71c912,1784688870.3744597,True,
2026-07-22T10:30:09.613607+00:00,VIX,high_volatility,126,False,-0.0234,6,-0.419,0.333,0.025,,,,,,,True,
2026-07-22T10:30:13.555779+00:00,FTSE,trending_up,126,False,-0.0092,3,-0.315,0.333,0.0199,0.0103,3,0.33,0.667,mut-1f332c,1784382988.2949674,True,
2026-07-22T10:30:17.528961+00:00,DAX,ranging,127,False,-0.0011,1,0.0,0.0,0.0,0.0064,3,0.206,0.667,mut-9657c6,1784212009.9277182,True,
2026-07-22T10:30:21.627915+00:00,CAC40,ranging,127,False,-0.0297,3,-121.863,0.0,0.0297,0.0141,2,0.89,0.5,mut-b9b556,1784630003.5888314,True,
2026-07-22T10:30:25.512040+00:00,NIKKEI,high_volatility,122,False,-0.0008,3,-0.025,0.333,0.01,0.0244,3,0.828,0.667,mut-c1d5a1,1783914987.901319,True,
2026-07-22T10:30:29.454782+00:00,HSI,high_volatility,120,False,-0.003,4,-0.072,0.5,0.0199,0.0352,4,0.792,0.75,mut-744d4e,1783955409.693752,True,
2026-07-22T10:30:33.348080+00:00,SENSEX,ranging,121,False,-0.0199,3,-1.414,0.0,0.0199,0.001,3,0.03,0.333,mut-dddd39,1784038554.1117454,True,
2026-07-22T10:30:37.281682+00:00,ASX200,ranging,126,False,-0.0216,3,-1.845,0.0,0.0199,,,,,,,True,
2026-07-22T10:30:41.340751+00:00,AAPL,high_volatility,124,False,-0.0376,7,-0.623,0.143,0.0394,0.01,5,0.179,0.6,mut-98c72c,1784086472.9613838,True,
2026-07-22T10:30:45.471242+00:00,MSFT,high_volatility,124,False,0.0,0,,,,0.0367,6,0.526,0.667,mut-ad0f70,1784230939.7517087,True,
2026-07-22T10:30:50.082729+00:00,NVDA,high_volatility,124,False,0.0,0,,,,0.0128,2,0.74,0.5,mut-361ee8,1784059084.653737,True,
2026-07-22T10:30:54.793191+00:00,GOOGL,high_volatility,124,False,0.0,0,,,,0.0293,3,1.297,0.667,mut-bd936b,1784086523.4267807,True,
2026-07-22T10:30:59.464333+00:00,AMZN,high_volatility,124,False,-0.0167,5,-0.345,0.2,0.0199,0.0149,2,0.989,0.5,mut-c75244,1783887874.0052235,True,
2026-07-22T10:31:03.627302+00:00,META,high_volatility,124,False,-0.0253,8,-0.307,0.25,0.0394,0.0191,4,0.44,0.5,mut-c58e56,1784059191.2592885,True,
2026-07-22T10:31:08.081665+00:00,TSLA,high_volatility,124,False,0.0092,1,0.0,1.0,0.0,0.0236,4,0.569,0.75,mut-842635,1783887921.345828,True,
2026-07-22T10:31:11.908871+00:00,BRKB,ranging,124,False,-0.0089,2,-0.795,0.5,0.01,0.0135,4,0.287,0.5,mut-041f22,1784345776.6689901,True,
2026-07-22T10:31:16.560148+00:00,LLY,high_volatility,124,False,0.0277,6,0.406,0.667,0.01,0.0385,5,0.756,0.8,mut-5648c7,1784363164.0287595,True,
2026-07-22T10:31:20.785556+00:00,V,high_volatility,124,False,-0.013,5,-0.265,0.4,0.0199,0.0266,6,0.391,0.667,imm-f3328c,1784191593.433811,True,
2026-07-22T10:31:25.383498+00:00,JPM,trending_up,124,False,-0.01,1,0.0,0.0,0.01,0.0379,3,3.577,1.0,mut-cc27c4,1784688951.9463158,True,
2026-07-22T17:23:43.420321+00:00,EURUSD,ranging,130,False,0.0159,2,1.126,1.0,0.0,0.0149,2,0.985,0.5,mut-7fee8d,1784629659.177647,True,
2026-07-22T17:23:48.365518+00:00,GBPUSD,ranging,130,False,0.0,0,,,,0.0082,2,0.373,0.5,mut-fb31af,1783566744.03113,True,
2026-07-22T17:23:52.414435+00:00,USDJPY,ranging,130,False,0.0,0,,,,0.0436,3,18.115,1.0,mut-84bada,1784629717.863137,True,
2026-07-22T17:23:57.368599+00:00,AUDUSD,ranging,130,False,0.0147,2,0.963,0.5,0.0,0.0149,2,0.982,0.5,mut-fa41af,1784230005.7182124,True,
2026-07-22T17:24:02.205562+00:00,USDCAD,ranging,130,False,0.0294,3,1.299,0.667,0.0,0.0424,4,1.321,0.75,mut-fd7afd,1784124334.4320092,True,
2026-07-22T17:24:07.094426+00:00,USDCHF,ranging,130,False,0.0293,2,44.593,1.0,0.0,0.0293,2,44.593,1.0,imm-4fc33a,1784741046.2585468,True,
2026-07-22T17:24:11.714226+00:00,NZDUSD,ranging,130,False,-0.0052,3,-0.146,0.333,0.0199,0.0136,2,0.824,0.5,mut-3fcd3d,1783999337.5030158,True,
2026-07-22T17:24:16.908223+00:00,EURGBP,trending_down,130,False,0.0163,2,1.185,1.0,0.0,0.0256,2,5.838,1.0,mut-353d75,1784172388.5259166,True,
2026-07-22T17:24:20.983037+00:00,EURJPY,ranging,130,False,-0.0018,3,-0.056,0.333,0.01,0.0002,3,0.007,0.333,mut-4773ac,1784519913.969875,True,
2026-07-22T17:24:25.171675+00:00,GBPJPY,trending_up,130,False,-0.0006,2,-0.031,0.5,0.01,0.019,2,1.729,1.0,mut-621228,1784545183.36772,True,
2026-07-22T17:24:30.074015+00:00,XAUUSD,high_volatility,125,False,0.0274,5,0.459,0.6,0.01,0.051,6,0.841,0.833,mut-a393fc,1784230101.0177186,True,
2026-07-22T17:24:35.158525+00:00,USOIL,high_volatility,125,False,0.0092,2,0.44,0.5,0.0,0.0203,2,2.087,1.0,mut-44fc90,1783821407.0754356,True,
2026-07-22T17:24:41.258075+00:00,BTCUSD,high_volatility,182,False,0.0251,3,0.879,0.667,0.0,0.0607,5,1.893,0.8,mut-785457,1783821498.0682824,True,
2026-07-22T17:24:47.202918+00:00,ETHUSD,high_volatility,182,False,0.0124,4,0.256,0.5,0.01,0.0338,5,0.629,0.6,imm-7ac82e,1784277230.6638775,True,
2026-07-22T17:24:53.681790+00:00,SOLUSD,high_volatility,182,False,0.0,0,,,,0.0328,6,0.474,0.667,mut-0ee72e,1784277273.123327,True,
2026-07-22T17:24:59.714812+00:00,XRPUSD,high_volatility,182,False,-0.0093,4,-0.225,0.25,0.0199,0.0329,6,0.479,0.667,imm-24688f,1784362529.3839197,True,
2026-07-22T17:25:05.834994+00:00,BNBUSD,high_volatility,182,False,0.0199,4,0.469,0.5,0.01,0.0208,4,0.496,0.75,imm-df1d0e,1784545590.795341,True,
2026-07-22T17:25:12.030224+00:00,ADAUSD,high_volatility,182,False,0.0248,9,0.227,0.556,0.0297,0.0423,7,0.532,0.714,mut-f33301,1784230567.3072674,True,
2026-07-22T17:25:17.012569+00:00,SPX,ranging,125,False,-0.0111,3,-0.42,0.333,0.0199,,,,,,,True,
2026-07-22T17:25:22.070676+00:00,NASDAQ,ranging,125,False,-0.0179,3,-1.061,0.333,0.0199,0.0177,11,0.132,0.455,mut-d84022,1783650806.8484473,True,
2026-07-22T17:25:26.207466+00:00,DJI,ranging,125,False,-0.0053,2,-0.363,0.5,0.01,0.0074,3,0.244,0.667,mut-494a62,1784571743.1673515,True,
2026-07-22T17:25:31.180143+00:00,RUT,ranging,125,False,0.012,2,0.667,0.5,0.0,0.0187,2,1.663,1.0,mut-71c912,1784688870.3744597,True,
2026-07-22T17:25:35.398467+00:00,VIX,high_volatility,126,False,-0.0222,6,-0.391,0.333,0.025,,,,,,,True,
2026-07-22T17:25:40.114654+00:00,FTSE,trending_up,126,False,-0.0052,4,-0.129,0.25,0.0199,0.0103,3,0.33,0.667,mut-1f332c,1784382988.2949674,True,
2026-07-22T17:25:45.062576+00:00,DAX,ranging,127,False,-0.0006,1,0.0,0.0,0.0,0.0064,3,0.206,0.667,mut-9657c6,1784212009.9277182,True,
2026-07-22T17:25:50.413486+00:00,CAC40,ranging,127,False,-0.0118,2,-1.444,0.0,0.01,0.0141,2,0.89,0.5,mut-b9b556,1784630003.5888314,True,
2026-07-22T17:25:55.305148+00:00,NIKKEI,high_volatility,121,False,-0.0012,3,-0.035,0.333,0.01,0.0244,3,0.828,0.667,mut-c1d5a1,1783914987.901319,True,
2026-07-22T17:26:00.170181+00:00,HSI,high_volatility,119,False,0.0,0,,,,0.0352,4,0.792,0.75,mut-744d4e,1783955409.693752,True,
2026-07-22T17:26:04.307975+00:00,SENSEX,ranging,121,False,-0.0255,4,-1.039,0.25,0.0297,0.001,3,0.03,0.333,mut-dddd39,1784038554.1117454,True,
2026-07-22T17:26:08.507909+00:00,ASX200,ranging,125,False,-0.0183,3,-1.114,0.333,0.0199,,,,,,,True,
2026-07-22T17:26:12.876535+00:00,AAPL,high_volatility,125,False,0.0,0,,,,0.01,5,0.179,0.6,mut-98c72c,1784086472.9613838,True,
2026-07-22T17:26:17.258815+00:00,MSFT,high_volatility,125,False,0.0,0,,,,0.0367,6,0.526,0.667,mut-ad0f70,1784230939.7517087,True,
2026-07-22T17:26:22.309791+00:00,NVDA,high_volatility,125,False,0.0029,3,0.091,0.333,0.01,0.0128,2,0.74,0.5,mut-361ee8,1784059084.653737,True,
2026-07-22T17:26:27.655716+00:00,GOOGL,high_volatility,125,False,0.0,0,,,,0.0293,3,1.297,0.667,mut-bd936b,1784086523.4267807,True,
2026-07-22T17:26:32.729983+00:00,AMZN,high_volatility,125,False,-0.0129,4,-0.308,0.25,0.01,0.0149,2,0.989,0.5,mut-c75244,1783887874.0052235,True,
2026-07-22T17:26:37.120659+00:00,META,high_volatility,125,False,-0.0133,4,-0.319,0.25,0.0199,0.0191,4,0.44,0.5,mut-c58e56,1784059191.2592885,True,
2026-07-22T17:26:42.000354+00:00,TSLA,high_volatility,125,False,0.0111,1,0.0,1.0,0.0,0.0236,4,0.569,0.75,mut-842635,1783887921.345828,True,
2026-07-22T17:26:46.264678+00:00,BRKB,ranging,125,False,-0.01,2,-1.0,0.0,0.01,0.0135,4,0.287,0.5,mut-041f22,1784345776.6689901,True,
2026-07-22T17:26:51.771588+00:00,LLY,high_volatility,125,False,0.026,6,0.378,0.667,0.01,0.0385,5,0.756,0.8,mut-5648c7,1784363164.0287595,True,
2026-07-22T17:26:56.003380+00:00,V,high_volatility,125,False,-0.0026,4,-0.064,0.5,0.0199,0.0266,6,0.391,0.667,imm-f3328c,1784191593.433811,True,
2026-07-22T17:27:00.291069+00:00,JPM,trending_up,125,False,-0.01,1,0.0,0.0,0.01,0.0379,3,3.577,1.0,mut-cc27c4,1784688951.9463158,True,
2026-07-23T03:13:42.147173+00:00,EURUSD,ranging,130,False,0.0174,2,1.386,1.0,0.0,0.0149,2,0.985,0.5,mut-7fee8d,1784629659.177647,True,
2026-07-23T03:13:46.763977+00:00,GBPUSD,ranging,130,False,-0.018,3,-1.074,0.333,0.0199,0.0082,2,0.373,0.5,mut-fb31af,1783566744.03113,True,
2026-07-23T03:13:50.712426+00:00,USDJPY,ranging,130,False,0.042,4,1.28,0.75,0.0,0.0436,3,18.115,1.0,mut-84bada,1784629717.863137,True,
2026-07-23T03:13:55.449828+00:00,AUDUSD,ranging,130,False,-0.0093,2,-0.863,0.5,0.01,0.0149,2,0.982,0.5,mut-fa41af,1784230005.7182124,True,
2026-07-23T03:13:59.327345+00:00,USDCAD,ranging,130,False,0.0085,1,0.0,1.0,0.0,0.0424,4,1.321,0.75,mut-fd7afd,1784124334.4320092,True,
2026-07-23T03:14:03.943294+00:00,USDCHF,ranging,130,False,0.0,0,,,,0.0293,2,44.593,1.0,imm-4fc33a,1784741046.2585468,True,
2026-07-23T03:14:07.865828+00:00,NZDUSD,ranging,130,False,-0.043,5,-3.447,0.0,0.0394,0.0136,2,0.824,0.5,mut-3fcd3d,1783999337.5030158,True,
2026-07-23T03:14:12.449401+00:00,EURGBP,ranging,130,False,0.0132,2,0.787,0.5,0.0,0.0132,2,0.787,0.5,mut-af7704,1784776451.632401,True,
2026-07-23T03:14:16.381362+00:00,EURJPY,ranging,130,False,-0.0126,4,-0.301,0.25,0.01,0.0002,3,0.007,0.333,mut-4773ac,1784519913.969875,True,
2026-07-23T03:14:20.367368+00:00,GBPJPY,trending_up,130,False,0.0,0,,,,0.019,2,1.729,1.0,mut-621228,1784545183.36772,True,
2026-07-23T03:14:24.998072+00:00,XAUUSD,high_volatility,125,False,0.0284,5,0.486,0.6,0.01,0.051,6,0.841,0.833,mut-a393fc,1784230101.0177186,True,
2026-07-23T03:14:29.846821+00:00,USOIL,high_volatility,125,False,0.0075,2,0.335,0.5,0.0,0.0203,2,2.087,1.0,mut-44fc90,1783821407.0754356,True,
2026-07-23T03:14:35.577824+00:00,BTCUSD,high_volatility,181,False,0.0261,3,0.955,0.667,0.0,0.0607,5,1.893,0.8,mut-785457,1783821498.0682824,True,
2026-07-23T03:14:41.393768+00:00,ETHUSD,high_volatility,181,False,0.0,0,,,,0.0338,5,0.629,0.6,imm-7ac82e,1784277230.6638775,True,
2026-07-23T03:14:45.755325+00:00,SOLUSD,high_volatility,181,False,0.0136,5,0.239,0.6,0.0199,0.0328,6,0.474,0.667,mut-0ee72e,1784277273.123327,True,
2026-07-23T03:14:51.501634+00:00,XRPUSD,high_volatility,181,False,0.0,0,,,,0.0329,6,0.479,0.667,imm-24688f,1784362529.3839197,True,
2026-07-23T03:14:57.220669+00:00,BNBUSD,high_volatility,181,False,-0.0147,5,-0.306,0.4,0.0297,0.0208,4,0.496,0.75,imm-df1d0e,1784545590.795341,True,
2026-07-23T03:15:02.849711+00:00,ADAUSD,high_volatility,181,False,0.0229,9,0.21,0.556,0.0297,0.0423,7,0.532,0.714,mut-f33301,1784230567.3072674,True,
2026-07-23T03:15:06.760262+00:00,SPX,ranging,124,False,-0.0222,4,-0.735,0.25,0.0297,,,,,,,True,
2026-07-23T03:15:11.373474+00:00,NASDAQ,ranging,124,False,-0.0305,4,-1.947,0.0,0.0297,0.0177,11,0.132,0.455,mut-d84022,1783650806.8484473,True,
2026-07-23T03:15:15.902221+00:00,DJI,ranging,124,False,-0.0032,4,-0.078,0.5,0.0199,0.0074,3,0.244,0.667,mut-494a62,1784571743.1673515,True,
2026-07-23T03:15:20.509167+00:00,RUT,ranging,124,False,0.0,0,,,,0.0187,2,1.663,1.0,mut-71c912,1784688870.3744597,True,
2026-07-23T03:15:25.170455+00:00,VIX,high_volatility,126,False,-0.0142,5,-0.291,0.4,0.0199,,,,,,,True,
2026-07-23T03:15:29.132123+00:00,FTSE,trending_up,126,False,-0.0199,2,-199.0,0.0,0.0199,0.0103,3,0.33,0.667,mut-1f332c,1784382988.2949674,True,
2026-07-23T03:15:33.019908+00:00,DAX,ranging,127,False,-0.014,2,-2.318,0.0,0.01,0.0064,3,0.206,0.667,mut-9657c6,1784212009.9277182,True,
2026-07-23T03:15:37.953026+00:00,CAC40,ranging,127,False,-0.0297,3,-121.863,0.0,0.0297,0.0141,2,0.89,0.5,mut-b9b556,1784630003.5888314,True,
2026-07-23T03:15:42.624662+00:00,NIKKEI,high_volatility,122,False,-0.0017,3,-0.052,0.333,0.01,0.0244,3,0.828,0.667,mut-c1d5a1,1783914987.901319,True,
2026-07-23T03:15:46.492111+00:00,HSI,high_volatility,120,False,0.0,0,,,,0.0352,4,0.792,0.75,mut-744d4e,1783955409.693752,True,
2026-07-23T03:15:50.351341+00:00,SENSEX,ranging,121,False,-0.012,2,-1.491,0.0,0.01,0.001,3,0.03,0.333,mut-dddd39,1784038554.1117454,True,
2026-07-23T03:15:54.423550+00:00,ASX200,trending_up,126,False,-0.0245,3,-3.209,0.0,0.0199,,,,,,,True,
2026-07-23T03:15:58.475394+00:00,AAPL,high_volatility,124,False,0.0,0,,,,0.01,5,0.179,0.6,mut-98c72c,1784086472.9613838,True,
2026-07-23T03:16:03.259809+00:00,MSFT,high_volatility,124,False,0.0069,6,0.1,0.5,0.0199,0.0367,6,0.526,0.667,mut-ad0f70,1784230939.7517087,True,
2026-07-23T03:16:07.970950+00:00,NVDA,high_volatility,124,False,0.0057,3,0.184,0.667,0.01,0.0128,2,0.74,0.5,mut-361ee8,1784059084.653737,True,
2026-07-23T03:16:12.892784+00:00,GOOGL,high_volatility,124,False,0.0229,2,3.208,1.0,0.0,0.0229,2,3.208,1.0,mut-bf5889,1784776571.9995205,True,
2026-07-23T03:16:17.622898+00:00,AMZN,high_volatility,124,False,-0.0118,4,-0.285,0.25,0.01,0.0149,2,0.989,0.5,mut-c75244,1783887874.0052235,True,
2026-07-23T03:16:21.820506+00:00,META,high_volatility,124,False,0.0,0,,,,0.0191,4,0.44,0.5,mut-c58e56,1784059191.2592885,True,
2026-07-23T03:16:26.614881+00:00,TSLA,high_volatility,124,False,0.012,1,0.0,1.0,0.0,0.0236,4,0.569,0.75,mut-842635,1783887921.345828,True,
2026-07-23T03:16:30.444455+00:00,BRKB,ranging,124,False,-0.0199,2,-199.0,0.0,0.0199,0.0135,4,0.287,0.5,mut-041f22,1784345776.6689901,True,
2026-07-23T03:16:35.210596+00:00,LLY,high_volatility,124,False,0.0236,6,0.339,0.5,0.01,0.0385,5,0.756,0.8,mut-5648c7,1784363164.0287595,True,
2026-07-23T03:16:39.222959+00:00,V,high_volatility,124,False,-0.0052,3,-0.146,0.333,0.0199,0.0266,6,0.391,0.667,imm-f3328c,1784191593.433811,True,
2026-07-23T03:16:43.339770+00:00,JPM,trending_up,124,True,0.0398,3,5.096,1.0,0.0,0.0398,3,5.096,1.0,mut-44cc85,1784776603.1924407,True,
2026-07-23T10:26:03.338642+00:00,EURUSD,ranging,130,False,0.0188,2,1.678,1.0,0.0,0.0149,2,0.985,0.5,mut-7fee8d,1784629659.177647,True,
2026-07-23T10:26:08.086994+00:00,GBPUSD,ranging,130,False,-0.017,3,-0.932,0.333,0.0199,0.0082,2,0.373,0.5,mut-fb31af,1783566744.03113,True,
2026-07-23T10:26:11.943516+00:00,USDJPY,ranging,130,False,0.0402,4,1.12,0.75,0.0,0.0436,3,18.115,1.0,mut-84bada,1784629717.863137,True,
2026-07-23T10:26:16.603415+00:00,AUDUSD,ranging,130,False,-0.0078,2,-0.637,0.5,0.01,0.0149,2,0.982,0.5,mut-fa41af,1784230005.7182124,True,
2026-07-23T10:26:20.731202+00:00,USDCAD,ranging,130,False,-0.002,2,-0.114,0.5,0.01,0.0424,4,1.321,0.75,mut-fd7afd,1784124334.4320092,True,
2026-07-23T10:26:25.410496+00:00,USDCHF,ranging,130,False,0.0352,3,2.443,1.0,0.0,0.0293,2,44.593,1.0,imm-4fc33a,1784741046.2585468,True,
2026-07-23T10:26:30.089297+00:00,NZDUSD,ranging,130,False,0.0048,3,0.158,0.333,0.01,0.0136,2,0.824,0.5,mut-3fcd3d,1783999337.5030158,True,
2026-07-23T10:26:34.778738+00:00,EURGBP,ranging,130,True,0.0136,2,0.827,0.5,0.0,0.0136,2,0.827,0.5,mut-517a58,1784802394.653592,True,
2026-07-23T10:26:39.546339+00:00,EURJPY,ranging,130,False,-0.01,1,0.0,0.0,0.01,0.0002,3,0.007,0.333,mut-4773ac,1784519913.969875,True,
2026-07-23T10:26:43.546628+00:00,GBPJPY,trending_up,130,True,0.0195,2,1.87,1.0,0.0,0.0195,2,1.87,1.0,mut-df2b7a,1784802403.4198413,True,
2026-07-23T10:26:48.170532+00:00,XAUUSD,high_volatility,125,False,0.0301,5,0.532,0.6,0.01,0.051,6,0.841,0.833,mut-a393fc,1784230101.0177186,True,
2026-07-23T10:26:52.819651+00:00,USOIL,high_volatility,125,False,0.0057,2,0.235,0.5,0.0,0.0203,2,2.087,1.0,mut-44fc90,1783821407.0754356,True,
2026-07-23T10:26:58.686646+00:00,BTCUSD,high_volatility,182,False,0.0412,4,1.203,0.75,0.0,0.0607,5,1.893,0.8,mut-785457,1783821498.0682824,True,
2026-07-23T10:27:04.579503+00:00,ETHUSD,high_volatility,182,False,0.0,0,,,,0.0338,5,0.629,0.6,imm-7ac82e,1784277230.6638775,True,
2026-07-23T10:27:10.236824+00:00,SOLUSD,high_volatility,182,False,0.0134,5,0.235,0.6,0.0199,0.0328,6,0.474,0.667,mut-0ee72e,1784277273.123327,True,
2026-07-23T10:27:16.350300+00:00,XRPUSD,high_volatility,182,False,0.0069,5,0.121,0.4,0.0199,0.0329,6,0.479,0.667,imm-24688f,1784362529.3839197,True,
2026-07-23T10:27:22.269255+00:00,BNBUSD,high_volatility,182,False,-0.0147,5,-0.306,0.4,0.0297,0.0208,4,0.496,0.75,imm-df1d0e,1784545590.795341,True,
2026-07-23T10:27:28.106311+00:00,ADAUSD,high_volatility,182,False,0.0046,8,0.049,0.5,0.0394,0.0423,7,0.532,0.714,mut-f33301,1784230567.3072674,True,
2026-07-23T10:27:32.836299+00:00,SPX,ranging,124,False,-0.0222,4,-0.735,0.25,0.0297,,,,,,,True,
2026-07-23T10:27:37.580006+00:00,NASDAQ,ranging,124,False,-0.017,3,-0.93,0.333,0.0199,0.0177,11,0.132,0.455,mut-d84022,1783650806.8484473,True,
2026-07-23T10:27:41.474580+00:00,DJI,ranging,124,False,0.0,0,,,,0.0074,3,0.244,0.667,mut-494a62,1784571743.1673515,True,
2026-07-23T10:27:46.082568+00:00,RUT,ranging,124,False,-0.0087,2,-0.764,0.5,0.01,0.0187,2,1.663,1.0,mut-71c912,1784688870.3744597,True,
2026-07-23T10:27:50.697744+00:00,VIX,high_volatility,126,False,-0.0239,6,-0.429,0.333,0.025,,,,,,,True,
2026-07-23T10:27:55.463131+00:00,FTSE,trending_up,126,False,-0.0199,2,-199.0,0.0,0.0199,0.0103,3,0.33,0.667,mut-1f332c,1784382988.2949674,True,
2026-07-23T10:28:00.174871+00:00,DAX,trending_up,127,False,-0.0112,2,-1.267,0.0,0.01,,,,,,,True,
2026-07-23T10:28:04.430784+00:00,CAC40,ranging,127,False,-0.014,3,-0.627,0.333,0.0199,0.0141,2,0.89,0.5,mut-b9b556,1784630003.5888314,True,
2026-07-23T10:28:09.117959+00:00,NIKKEI,high_volatility,122,False,-0.0017,3,-0.052,0.333,0.01,0.0244,3,0.828,0.667,mut-c1d5a1,1783914987.901319,True,
2026-07-23T10:28:13.019216+00:00,HSI,high_volatility,120,False,0.0076,5,0.132,0.4,0.0199,0.0352,4,0.792,0.75,mut-744d4e,1783955409.693752,True,
2026-07-23T10:28:16.970604+00:00,SENSEX,ranging,121,False,-0.0177,3,-1.027,0.333,0.0199,0.001,3,0.03,0.333,mut-dddd39,1784038554.1117454,True,
2026-07-23T10:28:21.949441+00:00,ASX200,ranging,126,False,0.0,0,,,,,,,,,,True,
2026-07-23T10:28:26.859482+00:00,AAPL,high_volatility,124,False,0.0,0,,,,0.01,5,0.179,0.6,mut-98c72c,1784086472.9613838,True,
2026-07-23T10:28:31.661409+00:00,MSFT,high_volatility,124,False,0.0,0,,,,0.0367,6,0.526,0.667,mut-ad0f70,1784230939.7517087,True,
2026-07-23T10:28:36.587475+00:00,NVDA,high_volatility,124,False,0.004,3,0.129,0.333,0.01,0.0128,2,0.74,0.5,mut-361ee8,1784059084.653737,True,
2026-07-23T10:28:41.592538+00:00,GOOGL,high_volatility,124,False,0.0229,2,3.208,1.0,0.0,0.0229,2,3.208,1.0,mut-bf5889,1784776571.9995205,True,
2026-07-23T10:28:46.395539+00:00,AMZN,high_volatility,124,False,-0.0118,4,-0.283,0.25,0.0199,0.0149,2,0.989,0.5,mut-c75244,1783887874.0052235,True,
2026-07-23T10:28:50.525019+00:00,META,high_volatility,124,False,0.0,0,,,,0.0191,4,0.44,0.5,mut-c58e56,1784059191.2592885,True,
2026-07-23T10:28:55.273119+00:00,TSLA,high_volatility,124,False,0.012,1,0.0,1.0,0.0,0.0236,4,0.569,0.75,mut-842635,1783887921.345828,True,
2026-07-23T10:28:59.235360+00:00,BRKB,ranging,124,False,-0.0087,2,-0.765,0.5,0.01,0.0135,4,0.287,0.5,mut-041f22,1784345776.6689901,True,
2026-07-23T10:29:04.249437+00:00,LLY,high_volatility,124,False,0.0,0,,,,0.0385,5,0.756,0.8,mut-5648c7,1784363164.0287595,True,
2026-07-23T10:29:08.410209+00:00,V,high_volatility,124,False,-0.0042,4,-0.103,0.5,0.0199,0.0266,6,0.391,0.667,imm-f3328c,1784191593.433811,True,
2026-07-23T10:29:13.144673+00:00,JPM,trending_up,124,False,-0.01,1,0.0,0.0,0.01,0.0398,3,5.096,1.0,mut-44cc85,1784776603.1924407,True,
2026-07-23T17:25:28.656743+00:00,EURUSD,ranging,130,False,0.0214,2,2.499,1.0,0.0,0.0214,2,2.499,1.0,mut-9ac3c3,1784827527.8572602,True,
2026-07-23T17:25:33.515972+00:00,GBPUSD,ranging,130,False,-0.0139,3,-0.613,0.333,0.0199,0.0082,2,0.373,0.5,mut-fb31af,1783566744.03113,True,
2026-07-23T17:25:37.619301+00:00,USDJPY,trending_up,130,False,0.0376,4,0.934,0.75,0.0,0.0401,3,5.465,1.0,mut-fe93e0,1784017385.3134413,True,
2026-07-23T17:25:42.710663+00:00,AUDUSD,ranging,130,False,-0.005,4,-0.122,0.5,0.01,0.0149,2,0.982,0.5,mut-fa41af,1784230005.7182124,True,
2026-07-23T17:25:46.955177+00:00,USDCAD,ranging,130,False,0.0115,2,0.62,0.5,0.0,0.0424,4,1.321,0.75,mut-fd7afd,1784124334.4320092,True,
2026-07-23T17:25:51.851512+00:00,USDCHF,ranging,130,False,0.0156,3,0.478,0.667,0.01,0.0293,2,44.593,1.0,imm-4fc33a,1784741046.2585468,True,
2026-07-23T17:25:55.976911+00:00,NZDUSD,ranging,130,False,0.0063,3,0.206,0.667,0.01,0.0136,2,0.824,0.5,mut-3fcd3d,1783999337.5030158,True,
2026-07-23T17:26:00.860681+00:00,EURGBP,ranging,130,False,0.0125,2,0.715,0.5,0.0,0.0136,2,0.827,0.5,mut-517a58,1784802394.653592,True,
2026-07-23T17:26:04.932606+00:00,EURJPY,ranging,130,False,-0.01,1,0.0,0.0,0.01,0.0002,3,0.007,0.333,mut-4773ac,1784519913.969875,True,
2026-07-23T17:26:09.915440+00:00,GBPJPY,trending_up,130,False,0.0,0,,,,0.0195,2,1.87,1.0,mut-df2b7a,1784802403.4198413,True,
2026-07-23T17:26:14.688036+00:00,XAUUSD,high_volatility,125,False,0.0322,5,0.59,0.6,0.01,0.051,6,0.841,0.833,mut-a393fc,1784230101.0177186,True,
2026-07-23T17:26:19.755065+00:00,USOIL,high_volatility,125,False,0.0049,3,0.156,0.333,0.01,0.0203,2,2.087,1.0,mut-44fc90,1783821407.0754356,True,
2026-07-23T17:26:25.732700+00:00,BTCUSD,high_volatility,182,False,0.0434,4,1.432,0.75,0.0,0.0607,5,1.893,0.8,mut-785457,1783821498.0682824,True,
2026-07-23T17:26:31.698622+00:00,ETHUSD,high_volatility,182,False,0.0149,4,0.323,0.5,0.01,0.0338,5,0.629,0.6,imm-7ac82e,1784277230.6638775,True,
2026-07-23T17:26:36.322110+00:00,SOLUSD,high_volatility,182,False,0.0154,5,0.269,0.6,0.0199,0.0328,6,0.474,0.667,mut-0ee72e,1784277273.123327,True,
2026-07-23T17:26:42.604799+00:00,XRPUSD,high_volatility,182,False,0.0098,5,0.173,0.6,0.0199,0.0329,6,0.479,0.667,imm-24688f,1784362529.3839197,True,
2026-07-23T17:26:48.614071+00:00,BNBUSD,high_volatility,182,False,-0.0143,5,-0.297,0.4,0.0297,0.0208,4,0.496,0.75,imm-df1d0e,1784545590.795341,True,
2026-07-23T17:26:54.722415+00:00,ADAUSD,high_volatility,182,False,0.038,7,0.464,0.571,0.01,0.0423,7,0.532,0.714,mut-f33301,1784230567.3072674,True,
2026-07-23T17:26:58.846394+00:00,SPX,ranging,125,False,-0.0128,3,-0.533,0.333,0.0199,,,,,,,True,
2026-07-23T17:27:03.655353+00:00,NASDAQ,ranging,125,False,-0.0264,4,-1.159,0.25,0.0297,0.0177,11,0.132,0.455,mut-d84022,1783650806.8484473,True,
2026-07-23T17:27:08.669872+00:00,DJI,ranging,125,True,0.017,2,1.3,1.0,0.0,0.017,2,1.3,1.0,mut-28bf02,1784827628.5364316,True,
2026-07-23T17:27:13.526945+00:00,RUT,ranging,125,False,0.0,0,,,,0.0187,2,1.663,1.0,mut-71c912,1784688870.3744597,True,
2026-07-23T17:27:18.452007+00:00,VIX,high_volatility,126,False,-0.0267,6,-0.491,0.167,0.025,,,,,,,True,
2026-07-23T17:27:22.885645+00:00,FTSE,trending_up,126,False,-0.0084,4,-0.209,0.25,0.0199,0.0103,3,0.33,0.667,mut-1f332c,1784382988.2949674,True,
2026-07-23T17:27:27.018889+00:00,DAX,ranging,127,False,-0.0079,2,-0.657,0.5,0.01,0.0064,3,0.206,0.667,mut-9657c6,1784212009.9277182,True,
2026-07-23T17:27:31.309001+00:00,CAC40,ranging,127,False,0.0046,1,0.0,1.0,0.0,0.0141,2,0.89,0.5,mut-b9b556,1784630003.5888314,True,
2026-07-23T17:27:36.135018+00:00,NIKKEI,high_volatility,121,False,-0.0202,3,-1.479,0.0,0.0199,0.0244,3,0.828,0.667,mut-c1d5a1,1783914987.901319,True,
2026-07-23T17:27:40.297201+00:00,HSI,high_volatility,119,False,0.0097,4,0.192,0.5,0.0199,0.0352,4,0.792,0.75,mut-744d4e,1783955409.693752,True,
2026-07-23T17:27:44.439836+00:00,SENSEX,ranging,121,False,-0.0,4,-0.0,0.5,0.0199,0.001,3,0.03,0.333,mut-dddd39,1784038554.1117454,True,
2026-07-23T17:27:48.529391+00:00,ASX200,ranging,125,False,-0.0236,3,-2.651,0.0,0.0199,,,,,,,True,
2026-07-23T17:27:53.014411+00:00,AAPL,high_volatility,125,False,0.0,0,,,,0.01,5,0.179,0.6,mut-98c72c,1784086472.9613838,True,
2026-07-23T17:27:58.142252+00:00,MSFT,high_volatility,125,False,-0.0047,7,-0.06,0.429,0.025,0.0367,6,0.526,0.667,mut-ad0f70,1784230939.7517087,True,
2026-07-23T17:28:03.243534+00:00,NVDA,high_volatility,125,False,0.0027,1,0.0,1.0,0.0,0.0128,2,0.74,0.5,mut-361ee8,1784059084.653737,True,
2026-07-23T17:28:08.421470+00:00,GOOGL,high_volatility,125,False,0.0,0,,,,0.0229,2,3.208,1.0,mut-bf5889,1784776571.9995205,True,
2026-07-23T17:28:13.531888+00:00,AMZN,high_volatility,125,False,-0.0086,4,-0.21,0.25,0.01,0.0149,2,0.989,0.5,mut-c75244,1783887874.0052235,True,
2026-07-23T17:28:17.898567+00:00,META,high_volatility,125,False,-0.0004,6,-0.006,0.333,0.01,0.0191,4,0.44,0.5,mut-c58e56,1784059191.2592885,True,
2026-07-23T17:28:22.157711+00:00,TSLA,high_volatility,125,False,0.0,0,,,,0.0236,4,0.569,0.75,mut-842635,1783887921.345828,True,
2026-07-23T17:28:26.322363+00:00,BRKB,ranging,125,False,-0.0084,2,-0.721,0.5,0.01,0.0135,4,0.287,0.5,mut-041f22,1784345776.6689901,True,
2026-07-23T17:28:31.070423+00:00,LLY,high_volatility,125,False,0.0,0,,,,0.0385,5,0.756,0.8,mut-5648c7,1784363164.0287595,True,
2026-07-23T17:28:35.405886+00:00,V,high_volatility,125,False,0.0095,5,0.168,0.4,0.0199,0.0266,6,0.391,0.667,imm-f3328c,1784191593.433811,True,
2026-07-23T17:28:39.599491+00:00,JPM,trending_up,125,False,-0.01,1,0.0,0.0,0.01,0.0398,3,5.096,1.0,mut-44cc85,1784776603.1924407,True,
2026-07-24T02:53:08.724058+00:00,EURUSD,ranging,130,False,0.0,0,,,,0.0214,2,2.499,1.0,mut-9ac3c3,1784827527.8572602,True,
2026-07-24T02:53:12.907877+00:00,GBPUSD,ranging,130,False,-0.0052,3,-0.146,0.333,0.0199,0.0082,2,0.373,0.5,mut-fb31af,1783566744.03113,True,
2026-07-24T02:53:16.622083+00:00,USDJPY,trending_up,130,False,0.0175,5,0.31,0.6,0.0199,0.0401,3,5.465,1.0,mut-fe93e0,1784017385.3134413,True,
2026-07-24T02:53:20.825677+00:00,AUDUSD,ranging,130,False,-0.0185,5,-0.385,0.2,0.0199,0.0149,2,0.982,0.5,mut-fa41af,1784230005.7182124,True,
2026-07-24T02:53:25.281963+00:00,USDCAD,ranging,130,False,0.0283,3,1.179,0.667,0.0,0.0424,4,1.321,0.75,mut-fd7afd,1784124334.4320092,True,
2026-07-24T02:53:29.626677+00:00,USDCHF,ranging,130,False,0.0226,4,0.547,0.75,0.01,0.0293,2,44.593,1.0,imm-4fc33a,1784741046.2585468,True,
2026-07-24T02:53:33.879377+00:00,NZDUSD,ranging,130,False,-0.0006,4,-0.014,0.5,0.01,0.0136,2,0.824,0.5,mut-3fcd3d,1783999337.5030158,True,
2026-07-24T02:53:37.961909+00:00,EURGBP,ranging,130,False,0.0114,2,0.614,0.5,0.0,0.0136,2,0.827,0.5,mut-517a58,1784802394.653592,True,
2026-07-24T02:53:41.737839+00:00,EURJPY,ranging,130,False,-0.0032,3,-0.093,0.333,0.01,0.0002,3,0.007,0.333,mut-4773ac,1784519913.969875,True,
2026-07-24T02:53:45.535411+00:00,GBPJPY,trending_up,130,False,-0.0066,2,-0.491,0.5,0.01,0.0195,2,1.87,1.0,mut-df2b7a,1784802403.4198413,True,
2026-07-24T02:53:49.684553+00:00,XAUUSD,high_volatility,125,False,0.0326,5,0.6,0.6,0.01,0.051,6,0.841,0.833,mut-a393fc,1784230101.0177186,True,
2026-07-24T02:53:53.896040+00:00,USOIL,high_volatility,125,False,0.0049,3,0.156,0.333,0.01,0.0203,2,2.087,1.0,mut-44fc90,1783821407.0754356,True,
2026-07-24T02:53:58.898654+00:00,BTCUSD,high_volatility,181,False,0.0,0,,,,0.0607,5,1.893,0.8,mut-785457,1783821498.0682824,True,
2026-07-24T02:54:03.602258+00:00,ETHUSD,high_volatility,181,False,0.0,0,,,,0.0338,5,0.629,0.6,imm-7ac82e,1784277230.6638775,True,
2026-07-24T02:54:08.242640+00:00,SOLUSD,high_volatility,181,False,0.0032,5,0.054,0.4,0.0199,0.0328,6,0.474,0.667,mut-0ee72e,1784277273.123327,True,
2026-07-24T02:54:12.983195+00:00,XRPUSD,high_volatility,181,False,0.0103,5,0.181,0.6,0.0199,0.0329,6,0.479,0.667,imm-24688f,1784362529.3839197,True,
2026-07-24T02:54:18.007048+00:00,BNBUSD,high_volatility,181,False,0.0,0,,,,0.0208,4,0.496,0.75,imm-df1d0e,1784545590.795341,True,
2026-07-24T02:54:22.703337+00:00,ADAUSD,high_volatility,181,False,0.0,0,,,,0.0423,7,0.532,0.714,mut-f33301,1784230567.3072674,True,
2026-07-24T02:54:26.948495+00:00,SPX,ranging,124,False,-0.015,3,-0.71,0.333,0.0199,0.004,1,0.0,1.0,mut-a5176c,1784861666.493881,True,
2026-07-24T02:54:31.144047+00:00,NASDAQ,ranging,124,False,-0.0261,4,-1.111,0.25,0.0297,0.0177,11,0.132,0.455,mut-d84022,1783650806.8484473,True,
2026-07-24T02:54:34.965244+00:00,DJI,ranging,124,False,-0.0066,4,-0.165,0.25,0.0199,0.017,2,1.3,1.0,mut-28bf02,1784827628.5364316,True,
2026-07-24T02:54:39.133541+00:00,RUT,ranging,124,False,-0.0121,2,-1.518,0.0,0.01,0.0187,2,1.663,1.0,mut-71c912,1784688870.3744597,True,
2026-07-24T02:54:43.285385+00:00,VIX,high_volatility,126,False,-0.0255,6,-0.464,0.167,0.025,,,,,,,True,
2026-07-24T02:54:47.557814+00:00,FTSE,trending_up,126,False,-0.0084,4,-0.209,0.25,0.0199,0.0103,3,0.33,0.667,mut-1f332c,1784382988.2949674,True,
2026-07-24T02:54:51.632402+00:00,DAX,ranging,127,False,-0.0079,2,-0.657,0.5,0.01,0.0064,3,0.206,0.667,mut-9657c6,1784212009.9277182,True,
2026-07-24T02:54:55.519932+00:00,CAC40,ranging,127,False,-0.0051,2,-0.346,0.5,0.01,0.0141,2,0.89,0.5,mut-b9b556,1784630003.5888314,True,
2026-07-24T02:54:59.221426+00:00,NIKKEI,high_volatility,122,False,-0.0622,7,-4.173,0.0,0.0585,0.0244,3,0.828,0.667,mut-c1d5a1,1783914987.901319,True,
2026-07-24T02:55:03.411748+00:00,HSI,high_volatility,120,False,-0.0499,6,-2.509,0.0,0.049,0.0352,4,0.792,0.75,mut-744d4e,1783955409.693752,True,
2026-07-24T02:55:07.186685+00:00,SENSEX,ranging,121,False,-0.01,1,0.0,0.0,0.01,0.001,3,0.03,0.333,mut-dddd39,1784038554.1117454,True,
2026-07-24T02:55:11.061976+00:00,ASX200,ranging,126,False,-0.0076,2,-0.614,0.5,0.01,,,,,,,True,
2026-07-24T02:55:15.381609+00:00,AAPL,high_volatility,124,False,0.0,0,,,,0.01,5,0.179,0.6,mut-98c72c,1784086472.9613838,True,
2026-07-24T02:55:19.255858+00:00,MSFT,high_volatility,124,False,0.0028,6,0.042,0.5,0.0199,0.0367,6,0.526,0.667,mut-ad0f70,1784230939.7517087,True,
2026-07-24T02:55:23.089987+00:00,NVDA,high_volatility,124,False,0.0,0,,,,0.0128,2,0.74,0.5,mut-361ee8,1784059084.653737,True,
2026-07-24T02:55:27.718959+00:00,GOOGL,high_volatility,124,False,0.0302,3,1.414,0.667,0.0,0.0229,2,3.208,1.0,mut-bf5889,1784776571.9995205,True,
2026-07-24T02:55:31.955978+00:00,AMZN,high_volatility,124,False,-0.025,6,-0.45,0.167,0.0297,0.023,2,3.268,1.0,mut-5e6f33,1784861731.4768267,True,
2026-07-24T02:55:36.179394+00:00,META,high_volatility,124,False,0.0,0,,,,0.0191,4,0.44,0.5,mut-c58e56,1784059191.2592885,True,
2026-07-24T02:55:40.456067+00:00,TSLA,high_volatility,124,False,-0.0151,5,-0.316,0.2,0.0297,0.0236,4,0.569,0.75,mut-842635,1783887921.345828,True,
2026-07-24T02:55:44.655438+00:00,BRKB,ranging,124,False,-0.01,2,-0.991,0.5,0.01,0.0135,4,0.287,0.5,mut-041f22,1784345776.6689901,True,
2026-07-24T02:55:48.647961+00:00,LLY,high_volatility,124,False,0.0158,4,0.348,0.5,0.01,0.0385,5,0.756,0.8,mut-5648c7,1784363164.0287595,True,
2026-07-24T02:55:52.577887+00:00,V,high_volatility,124,False,-0.0351,7,-0.568,0.143,0.049,0.0266,6,0.391,0.667,imm-f3328c,1784191593.433811,True,
2026-07-24T02:55:56.475211+00:00,JPM,high_volatility,124,False,-0.007,3,-0.216,0.333,0.0199,,,,,,,True,
2026-07-24T10:21:58.552323+00:00,EURUSD,ranging,130,False,0.0038,3,0.125,0.333,0.01,0.0214,2,2.499,1.0,mut-9ac3c3,1784827527.8572602,True,
2026-07-24T10:22:03.177561+00:00,GBPUSD,ranging,130,False,0.005,1,0.0,1.0,0.0,0.0082,2,0.373,0.5,mut-fb31af,1783566744.03113,True,
2026-07-24T10:22:07.928298+00:00,USDJPY,trending_up,130,False,0.0,0,,,,0.0401,3,5.465,1.0,mut-fe93e0,1784017385.3134413,True,
2026-07-24T10:22:12.560906+00:00,AUDUSD,ranging,130,False,-0.0138,5,-0.28,0.4,0.0199,0.0149,2,0.982,0.5,mut-fa41af,1784230005.7182124,True,
2026-07-24T10:22:17.170273+00:00,USDCAD,ranging,130,False,0.0282,3,1.163,0.667,0.0,0.0424,4,1.321,0.75,mut-fd7afd,1784124334.4320092,True,
2026-07-24T10:22:21.831095+00:00,USDCHF,ranging,130,False,0.0221,4,0.532,0.75,0.01,0.0293,2,44.593,1.0,imm-4fc33a,1784741046.2585468,True,
2026-07-24T10:22:26.506347+00:00,NZDUSD,ranging,130,False,-0.0456,5,-6.281,0.0,0.0394,0.0136,2,0.824,0.5,mut-3fcd3d,1783999337.5030158,True,
2026-07-24T10:22:30.357708+00:00,EURGBP,ranging,130,False,0.011,2,0.575,0.5,0.0,0.0136,2,0.827,0.5,mut-517a58,1784802394.653592,True,
2026-07-24T10:22:34.171832+00:00,EURJPY,ranging,130,False,-0.0035,3,-0.102,0.333,0.01,0.0002,3,0.007,0.333,mut-4773ac,1784519913.969875,True,
2026-07-24T10:22:38.144454+00:00,GBPJPY,trending_up,130,False,-0.0008,2,-0.044,0.5,0.01,0.0195,2,1.87,1.0,mut-df2b7a,1784802403.4198413,True,
2026-07-24T10:22:42.707576+00:00,XAUUSD,high_volatility,125,False,0.0317,5,0.576,0.6,0.01,0.023,2,3.283,1.0,mut-aef8ad,1784888561.9697459,True,
2026-07-24T10:22:47.469420+00:00,USOIL,high_volatility,125,False,0.0087,3,0.282,0.667,0.01,0.0203,2,2.087,1.0,mut-44fc90,1783821407.0754356,True,
2026-07-24T10:22:53.840064+00:00,BTCUSD,high_volatility,182,False,0.0,0,,,,0.0607,5,1.893,0.8,mut-785457,1783821498.0682824,True,
2026-07-24T10:22:59.452444+00:00,ETHUSD,high_volatility,182,False,0.0079,6,0.112,0.5,0.0297,0.0338,5,0.629,0.6,imm-7ac82e,1784277230.6638775,True,
2026-07-24T10:23:05.116411+00:00,SOLUSD,high_volatility,182,False,0.0161,5,0.281,0.6,0.0199,0.0328,6,0.474,0.667,mut-0ee72e,1784277273.123327,True,
2026-07-24T10:23:10.846635+00:00,XRPUSD,high_volatility,182,False,0.0102,5,0.18,0.6,0.0199,0.0329,6,0.479,0.667,imm-24688f,1784362529.3839197,True,
2026-07-24T10:23:15.519508+00:00,BNBUSD,high_volatility,182,False,0.0,0,,,,0.0208,4,0.496,0.75,imm-df1d0e,1784545590.795341,True,
2026-07-24T10:23:21.154174+00:00,ADAUSD,high_volatility,182,False,0.0402,7,0.499,0.571,0.01,0.0423,7,0.532,0.714,mut-f33301,1784230567.3072674,True,
2026-07-24T10:23:25.699448+00:00,SPX,ranging,124,False,-0.015,3,-0.71,0.333,0.0199,0.004,1,0.0,1.0,mut-a5176c,1784861666.493881,True,
2026-07-24T10:23:30.510458+00:00,NASDAQ,ranging,124,False,-0.0261,4,-1.111,0.25,0.0297,0.0177,11,0.132,0.455,mut-d84022,1783650806.8484473,True,
2026-07-24T10:23:34.563896+00:00,DJI,ranging,124,False,0.0,0,,,,0.017,2,1.3,1.0,mut-28bf02,1784827628.5364316,True,
2026-07-24T10:23:38.570297+00:00,RUT,ranging,124,False,0.0,0,,,,0.0187,2,1.663,1.0,mut-71c912,1784688870.3744597,True,
2026-07-24T10:23:43.314114+00:00,VIX,high_volatility,126,False,-0.0096,5,-0.187,0.4,0.0199,,,,,,,True,
2026-07-24T10:23:48.006994+00:00,FTSE,trending_up,126,False,-0.0065,4,-0.162,0.25,0.0199,0.0103,3,0.33,0.667,mut-1f332c,1784382988.2949674,True,
2026-07-24T10:23:52.021243+00:00,DAX,trending_up,127,False,0.0,0,,,,,,,,,,True,
2026-07-24T10:23:56.038281+00:00,CAC40,ranging,127,False,-0.0314,4,-2.222,0.0,0.0297,0.0141,2,0.89,0.5,mut-b9b556,1784630003.5888314,True,
2026-07-24T10:23:59.940531+00:00,NIKKEI,high_volatility,122,False,0.0,0,,,,0.0244,3,0.828,0.667,mut-c1d5a1,1783914987.901319,True,
2026-07-24T10:24:04.594729+00:00,HSI,high_volatility,120,False,0.008,6,0.115,0.5,0.0199,0.0352,4,0.792,0.75,mut-744d4e,1783955409.693752,True,
2026-07-24T10:24:08.495899+00:00,SENSEX,ranging,121,False,-0.0327,4,-2.743,0.0,0.0297,0.001,3,0.03,0.333,mut-dddd39,1784038554.1117454,True,
2026-07-24T10:24:12.452402+00:00,ASX200,ranging,126,False,-0.0173,3,-0.973,0.333,0.0199,,,,,,,True,
2026-07-24T10:24:17.239800+00:00,AAPL,high_volatility,124,False,-0.0113,4,-0.273,0.25,0.01,0.01,5,0.179,0.6,mut-98c72c,1784086472.9613838,True,
2026-07-24T10:24:22.010510+00:00,MSFT,high_volatility,124,False,0.0032,6,0.048,0.5,0.0199,0.0367,6,0.526,0.667,mut-ad0f70,1784230939.7517087,True,
2026-07-24T10:24:25.939630+00:00,NVDA,high_volatility,124,False,0.0035,1,0.0,1.0,0.0,0.0128,2,0.74,0.5,mut-361ee8,1784059084.653737,True,
2026-07-24T10:24:30.773429+00:00,GOOGL,high_volatility,124,False,0.0302,3,1.414,0.667,0.0,0.0229,2,3.208,1.0,mut-bf5889,1784776571.9995205,True,
2026-07-24T10:24:35.478100+00:00,AMZN,high_volatility,124,False,0.023,2,3.268,1.0,0.0,0.023,2,3.268,1.0,mut-5e6f33,1784861731.4768267,True,
2026-07-24T10:24:39.498080+00:00,META,high_volatility,124,False,-0.0004,6,-0.006,0.333,0.01,0.0191,4,0.44,0.5,mut-c58e56,1784059191.2592885,True,
2026-07-24T10:24:44.192905+00:00,TSLA,high_volatility,124,False,0.0097,5,0.173,0.4,0.0199,0.0236,4,0.569,0.75,mut-842635,1783887921.345828,True,
2026-07-24T10:24:48.101374+00:00,BRKB,ranging,124,False,-0.0072,2,-0.56,0.5,0.01,0.0135,4,0.287,0.5,mut-041f22,1784345776.6689901,True,
2026-07-24T10:24:52.967389+00:00,LLY,high_volatility,124,False,0.0158,4,0.348,0.5,0.01,0.0385,5,0.756,0.8,mut-5648c7,1784363164.0287595,True,
2026-07-24T10:24:57.037994+00:00,V,high_volatility,124,False,-0.0351,7,-0.568,0.143,0.049,0.0266,6,0.391,0.667,imm-f3328c,1784191593.433811,True,
2026-07-24T10:25:01.175299+00:00,JPM,high_volatility,124,False,0.0,0,,,,,,,,,,True,
2026-07-24T17:40:41.184228+00:00,EURUSD,ranging,130,False,0.0,0,,,,0.0214,2,2.499,1.0,mut-9ac3c3,1784827527.8572602,True,
2026-07-24T17:40:45.421244+00:00,GBPUSD,ranging,130,False,-0.0052,3,-0.146,0.333,0.0199,0.0082,2,0.373,0.5,mut-fb31af,1783566744.03113,True,
2026-07-24T17:40:49.554675+00:00,USDJPY,trending_up,130,False,0.0179,5,0.317,0.6,0.0199,0.0401,3,5.465,1.0,mut-fe93e0,1784017385.3134413,True,
2026-07-24T17:40:54.535835+00:00,AUDUSD,ranging,130,False,-0.0173,5,-0.359,0.2,0.0199,0.0149,2,0.982,0.5,mut-fa41af,1784230005.7182124,True,
2026-07-24T17:40:59.390280+00:00,USDCAD,ranging,130,False,0.0298,3,1.359,0.667,0.0,0.0424,4,1.321,0.75,mut-fd7afd,1784124334.4320092,True,
2026-07-24T17:41:04.492696+00:00,USDCHF,trending_up,130,False,0.0238,4,0.58,0.75,0.01,0.0451,3,108.416,1.0,mut-4ad71b,1783971987.3191102,True,
2026-07-24T17:41:08.625746+00:00,NZDUSD,ranging,130,False,-0.0453,5,-5.725,0.0,0.0394,0.0136,2,0.824,0.5,mut-3fcd3d,1783999337.5030158,True,
2026-07-24T17:41:13.518404+00:00,EURGBP,trending_down,130,False,0.014,2,0.872,0.5,0.0,0.0256,2,5.838,1.0,mut-353d75,1784172388.5259166,True,
2026-07-24T17:41:17.633687+00:00,EURJPY,ranging,130,False,-0.0052,3,-0.148,0.333,0.01,0.0002,3,0.007,0.333,mut-4773ac,1784519913.969875,True,
2026-07-24T17:41:22.615631+00:00,GBPJPY,trending_up,130,False,0.019,2,1.74,1.0,0.0,0.0195,2,1.87,1.0,mut-df2b7a,1784802403.4198413,True,
2026-07-24T17:41:27.327495+00:00,XAUUSD,high_volatility,125,False,0.0312,5,0.561,0.6,0.01,0.023,2,3.283,1.0,mut-aef8ad,1784888561.9697459,True,
2026-07-24T17:41:32.312348+00:00,USOIL,high_volatility,125,False,0.0077,3,0.251,0.667,0.01,0.0203,2,2.087,1.0,mut-44fc90,1783821407.0754356,True,
2026-07-24T17:41:37.297896+00:00,BTCUSD,high_volatility,182,False,0.0,0,,,,0.0607,5,1.893,0.8,mut-785457,1783821498.0682824,True,
2026-07-24T17:41:43.371455+00:00,ETHUSD,high_volatility,182,False,0.0056,6,0.081,0.5,0.0297,0.0338,5,0.629,0.6,imm-7ac82e,1784277230.6638775,True,
2026-07-24T17:41:49.459749+00:00,SOLUSD,high_volatility,182,False,0.0179,5,0.309,0.6,0.0199,0.0328,6,0.474,0.667,mut-0ee72e,1784277273.123327,True,
2026-07-24T17:41:55.453653+00:00,XRPUSD,high_volatility,182,False,0.0119,5,0.21,0.6,0.0199,0.033,6,0.48,0.667,mut-22f7c7,1784914914.0935924,True,
2026-07-24T17:42:01.945820+00:00,BNBUSD,high_volatility,182,False,0.0,0,,,,0.0208,4,0.496,0.75,imm-df1d0e,1784545590.795341,True,
2026-07-24T17:42:08.048632+00:00,ADAUSD,high_volatility,182,False,0.0184,9,0.167,0.444,0.0297,0.0423,7,0.532,0.714,mut-f33301,1784230567.3072674,True,
2026-07-24T17:42:13.090824+00:00,SPX,trending_up,125,False,-0.0183,3,-1.122,0.333,0.0199,0.0169,3,0.508,0.667,mut-208619,1784211853.1336818,True,
2026-07-24T17:42:18.204964+00:00,NASDAQ,ranging,125,False,-0.0258,4,-1.08,0.25,0.0297,0.0177,11,0.132,0.455,mut-d84022,1783650806.8484473,True,
2026-07-24T17:42:22.491170+00:00,DJI,ranging,125,False,0.0,0,,,,0.017,2,1.3,1.0,mut-28bf02,1784827628.5364316,True,
2026-07-24T17:42:27.379598+00:00,RUT,ranging,125,False,-0.0143,2,-2.531,0.0,0.01,0.0187,2,1.663,1.0,mut-71c912,1784688870.3744597,True,
2026-07-24T17:42:31.463271+00:00,VIX,high_volatility,126,False,-0.0243,6,-0.438,0.333,0.025,,,,,,,True,
2026-07-24T17:42:35.600380+00:00,FTSE,trending_up,126,False,-0.0044,4,-0.109,0.5,0.0199,0.0103,3,0.33,0.667,mut-1f332c,1784382988.2949674,True,
2026-07-24T17:42:39.987080+00:00,DAX,trending_up,127,True,0.0009,1,0.0,1.0,0.0,0.0009,1,0.0,1.0,mut-fe507e,1784914959.8482764,True,
2026-07-24T17:42:44.352178+00:00,CAC40,ranging,127,False,-0.0161,3,-0.824,0.333,0.0199,0.0141,2,0.89,0.5,mut-b9b556,1784630003.5888314,True,
2026-07-24T17:42:49.335607+00:00,NIKKEI,high_volatility,121,False,-0.0194,3,-1.316,0.333,0.0199,0.0244,3,0.828,0.667,mut-c1d5a1,1783914987.901319,True,
2026-07-24T17:42:54.183672+00:00,HSI,high_volatility,119,False,-0.0031,4,-0.075,0.5,0.0199,0.0352,4,0.792,0.75,mut-744d4e,1783955409.693752,True,
2026-07-24T17:42:58.256451+00:00,SENSEX,ranging,121,False,-0.0159,2,-3.929,0.0,0.01,0.001,3,0.03,0.333,mut-dddd39,1784038554.1117454,True,
2026-07-24T17:43:02.363801+00:00,ASX200,ranging,125,False,-0.0244,3,-3.133,0.0,0.0199,,,,,,,True,
2026-07-24T17:43:06.648052+00:00,AAPL,high_volatility,125,False,-0.0054,4,-0.133,0.25,0.0199,0.01,5,0.179,0.6,mut-98c72c,1784086472.9613838,True,
2026-07-24T17:43:11.046366+00:00,MSFT,high_volatility,125,False,0.0043,6,0.063,0.5,0.0199,0.0367,6,0.526,0.667,mut-ad0f70,1784230939.7517087,True,
2026-07-24T17:43:15.241606+00:00,NVDA,high_volatility,125,False,0.0026,1,0.0,1.0,0.0,0.0128,2,0.74,0.5,mut-361ee8,1784059084.653737,True,
2026-07-24T17:43:20.419757+00:00,GOOGL,high_volatility,125,False,-0.0162,5,-0.334,0.2,0.0199,0.0229,2,3.208,1.0,mut-bf5889,1784776571.9995205,True,
2026-07-24T17:43:25.415119+00:00,AMZN,high_volatility,125,False,-0.0243,6,-0.435,0.333,0.0297,0.0245,2,4.501,1.0,mut-8c38fd,1784915004.4988966,True,
2026-07-24T17:43:30.493875+00:00,META,high_volatility,125,False,0.0005,6,0.008,0.5,0.01,0.0191,4,0.44,0.5,mut-c58e56,1784059191.2592885,True,
2026-07-24T17:43:34.770492+00:00,TSLA,high_volatility,125,False,0.0,0,,,,0.0236,4,0.569,0.75,mut-842635,1783887921.345828,True,
2026-07-24T17:43:39.641071+00:00,BRKB,ranging,125,False,-0.0264,4,-1.15,0.25,0.0297,0.0135,4,0.287,0.5,mut-041f22,1784345776.6689901,True,
2026-07-24T17:43:44.865665+00:00,LLY,high_volatility,125,False,-0.0058,6,-0.085,0.333,0.0199,0.0385,5,0.756,0.8,mut-5648c7,1784363164.0287595,True,
2026-07-24T17:43:49.269770+00:00,V,trending_up,125,False,-0.0341,7,-0.547,0.286,0.049,,,,,,,True,
2026-07-24T17:43:53.696846+00:00,JPM,high_volatility,125,False,0.0,0,,,,,,,,,,True,
2026-07-25T02:52:38.128011+00:00,EURUSD,ranging,130,False,0.0305,3,1.459,1.0,0.0,0.0214,2,2.499,1.0,mut-9ac3c3,1784827527.8572602,True,
2026-07-25T02:52:42.259136+00:00,GBPUSD,ranging,130,False,-0.0018,4,-0.043,0.5,0.0199,0.0082,2,0.373,0.5,mut-fb31af,1783566744.03113,True,
2026-07-25T02:52:46.500631+00:00,USDJPY,trending_up,130,False,0.0177,5,0.313,0.6,0.0199,0.0401,3,5.465,1.0,mut-fe93e0,1784017385.3134413,True,
2026-07-25T02:52:51.323441+00:00,AUDUSD,ranging,130,False,-0.0178,5,-0.37,0.2,0.0199,0.0149,2,0.982,0.5,mut-fa41af,1784230005.7182124,True,
2026-07-25T02:52:55.774909+00:00,USDCAD,ranging,130,False,0.0295,3,1.323,0.667,0.0,0.0424,4,1.321,0.75,mut-fd7afd,1784124334.4320092,True,
2026-07-25T02:53:00.318493+00:00,USDCHF,trending_up,131,False,0.0232,4,0.564,0.75,0.01,0.0451,3,108.416,1.0,mut-4ad71b,1783971987.3191102,True,
2026-07-25T02:53:04.532453+00:00,NZDUSD,ranging,131,False,-0.0017,4,-0.041,0.5,0.01,0.0136,2,0.824,0.5,mut-3fcd3d,1783999337.5030158,True,
2026-07-25T02:53:08.643220+00:00,EURGBP,ranging,131,False,0.014,2,0.87,0.5,0.0,0.014,2,0.87,0.5,mut-595dbe,1784947988.1791809,True,
2026-07-25T02:53:12.588478+00:00,EURJPY,ranging,130,False,-0.0052,3,-0.148,0.333,0.01,0.0002,3,0.007,0.333,mut-4773ac,1784519913.969875,True,
2026-07-25T02:53:16.481917+00:00,GBPJPY,trending_up,130,False,-0.0,2,-0.002,0.5,0.01,0.0195,2,1.87,1.0,mut-df2b7a,1784802403.4198413,True,
2026-07-25T02:53:20.797770+00:00,XAUUSD,high_volatility,125,False,0.0,0,,,,0.023,2,3.283,1.0,mut-aef8ad,1784888561.9697459,True,
2026-07-25T02:53:24.613480+00:00,USOIL,high_volatility,125,False,0.01,3,0.323,0.667,0.01,0.0203,2,2.087,1.0,mut-44fc90,1783821407.0754356,True,
2026-07-25T02:53:29.090451+00:00,BTCUSD,high_volatility,181,False,0.0,0,,,,0.0607,5,1.893,0.8,mut-785457,1783821498.0682824,True,
2026-07-25T02:53:33.890684+00:00,ETHUSD,high_volatility,181,False,0.0,0,,,,0.0338,5,0.629,0.6,imm-7ac82e,1784277230.6638775,True,
2026-07-25T02:53:38.828228+00:00,SOLUSD,high_volatility,181,False,-0.0085,6,-0.122,0.333,0.0199,0.0328,6,0.474,0.667,mut-0ee72e,1784277273.123327,True,
2026-07-25T02:53:43.668179+00:00,XRPUSD,high_volatility,181,False,0.0327,6,0.476,0.667,0.01,0.033,6,0.48,0.667,mut-22f7c7,1784914914.0935924,True,
2026-07-25T02:53:48.144818+00:00,BNBUSD,high_volatility,181,False,0.0165,5,0.291,0.6,0.01,0.0208,4,0.496,0.75,imm-df1d0e,1784545590.795341,True,
2026-07-25T02:53:53.090427+00:00,ADAUSD,high_volatility,181,False,0.0181,9,0.165,0.444,0.0297,0.0423,7,0.532,0.714,mut-f33301,1784230567.3072674,True,
2026-07-25T02:53:57.241921+00:00,SPX,ranging,125,False,-0.0127,3,-0.521,0.333,0.0199,0.004,1,0.0,1.0,mut-a5176c,1784861666.493881,True,
2026-07-25T02:54:01.672814+00:00,NASDAQ,trending_down,125,False,0.0,0,,,,,,,,,,True,
2026-07-25T02:54:05.401182+00:00,DJI,ranging,125,False,0.0,0,,,,0.017,2,1.3,1.0,mut-28bf02,1784827628.5364316,True,
2026-07-25T02:54:09.707810+00:00,RUT,ranging,125,False,0.0,0,,,,0.0187,2,1.663,1.0,mut-71c912,1784688870.3744597,True,
2026-07-25T02:54:13.947575+00:00,VIX,high_volatility,126,False,-0.0099,5,-0.194,0.4,0.0199,,,,,,,True,
2026-07-25T02:54:17.747879+00:00,FTSE,trending_up,126,False,-0.0199,2,-199.0,0.0,0.0199,0.0103,3,0.33,0.667,mut-1f332c,1784382988.2949674,True,
2026-07-25T02:54:21.556311+00:00,DAX,trending_up,127,False,-0.0001,1,0.0,0.0,0.0,0.0009,1,0.0,1.0,mut-fe507e,1784914959.8482764,True,
2026-07-25T02:54:26.067396+00:00,CAC40,ranging,127,False,-0.0335,4,-3.141,0.0,0.0297,0.0141,2,0.89,0.5,mut-b9b556,1784630003.5888314,True,
2026-07-25T02:54:30.115154+00:00,NIKKEI,high_volatility,122,False,0.0049,3,0.158,0.333,0.01,0.0244,3,0.828,0.667,mut-c1d5a1,1783914987.901319,True,
2026-07-25T02:54:34.435375+00:00,HSI,high_volatility,120,False,0.0,0,,,,0.0352,4,0.792,0.75,mut-744d4e,1783955409.693752,True,
2026-07-25T02:54:38.215549+00:00,SENSEX,ranging,121,False,-0.0041,2,-0.255,0.5,0.01,0.001,3,0.03,0.333,mut-dddd39,1784038554.1117454,True,
2026-07-25T02:54:41.966700+00:00,ASX200,ranging,126,False,-0.0173,3,-0.973,0.333,0.0199,,,,,,,True,
2026-07-25T02:54:46.431796+00:00,AAPL,high_volatility,125,False,-0.0021,4,-0.051,0.5,0.0199,0.01,5,0.179,0.6,mut-98c72c,1784086472.9613838,True,
2026-07-25T02:54:50.282764+00:00,MSFT,high_volatility,125,False,0.0033,6,0.049,0.5,0.0199,0.0367,6,0.526,0.667,mut-ad0f70,1784230939.7517087,True,
2026-07-25T02:54:54.876717+00:00,NVDA,high_volatility,125,False,0.0,0,,,,0.0128,2,0.74,0.5,mut-361ee8,1784059084.653737,True,
2026-07-25T02:54:59.385889+00:00,GOOGL,high_volatility,125,False,0.0088,5,0.153,0.4,0.0199,0.0229,2,3.208,1.0,mut-bf5889,1784776571.9995205,True,
2026-07-25T02:55:03.646202+00:00,AMZN,high_volatility,125,True,0.025,2,5.016,1.0,0.0,0.025,2,5.016,1.0,imm-5ecbb6,1784948103.51404,True,
2026-07-25T02:55:07.811556+00:00,META,high_volatility,125,False,0.0,0,,,,0.0191,4,0.44,0.5,mut-c58e56,1784059191.2592885,True,
2026-07-25T02:55:12.095271+00:00,TSLA,high_volatility,125,False,-0.023,6,-0.416,0.333,0.0394,0.0236,4,0.569,0.75,mut-842635,1783887921.345828,True,
2026-07-25T02:55:15.754492+00:00,BRKB,ranging,125,False,-0.0104,2,-1.09,0.0,0.01,0.0135,4,0.287,0.5,mut-041f22,1784345776.6689901,True,
2026-07-25T02:55:19.631432+00:00,LLY,high_volatility,125,False,0.0263,4,0.64,0.75,0.01,0.0385,5,0.756,0.8,mut-5648c7,1784363164.0287595,True,
2026-07-25T02:55:23.947009+00:00,V,trending_up,125,True,0.0342,5,0.649,0.6,0.01,0.0342,5,0.649,0.6,mut-5ca8b9,1784948123.8449824,True,
2026-07-25T02:55:27.975229+00:00,JPM,high_volatility,125,True,0.0242,4,0.59,0.75,0.01,0.0242,4,0.59,0.75,mut-122f52,1784948127.7995868,True,
2026-07-25T09:51:34.593624+00:00,EURUSD,ranging,130,False,0.0,0,,,,0.0214,2,2.499,1.0,mut-9ac3c3,1784827527.8572602,True,
2026-07-25T09:51:38.668560+00:00,GBPUSD,ranging,130,False,-0.0052,3,-0.146,0.333,0.0199,0.0082,2,0.373,0.5,mut-fb31af,1783566744.03113,True,
2026-07-25T09:51:42.679776+00:00,USDJPY,trending_up,130,False,0.0177,5,0.313,0.6,0.0199,0.0401,3,5.465,1.0,mut-fe93e0,1784017385.3134413,True,
2026-07-25T09:51:47.538363+00:00,AUDUSD,ranging,131,False,-0.0178,5,-0.37,0.2,0.0199,0.0149,2,0.982,0.5,mut-fa41af,1784230005.7182124,True,
2026-07-25T09:51:52.288163+00:00,USDCAD,ranging,131,False,0.0295,3,1.323,0.667,0.0,0.0424,4,1.321,0.75,mut-fd7afd,1784124334.4320092,True,
2026-07-25T09:51:57.344317+00:00,USDCHF,trending_up,131,False,0.0232,4,0.564,0.75,0.01,0.0451,3,108.416,1.0,mut-4ad71b,1783971987.3191102,True,
2026-07-25T09:52:02.147208+00:00,NZDUSD,ranging,131,False,-0.0456,5,-6.22,0.0,0.0394,0.0136,2,0.824,0.5,mut-3fcd3d,1783999337.5030158,True,
2026-07-25T09:52:06.796028+00:00,EURGBP,ranging,131,False,0.0142,2,0.904,0.5,0.0,0.0142,2,0.904,0.5,mut-ae92f3,1784973126.068164,True,
2026-07-25T09:52:10.746779+00:00,EURJPY,ranging,130,False,-0.0052,3,-0.148,0.333,0.01,0.0002,3,0.007,0.333,mut-4773ac,1784519913.969875,True,
2026-07-25T09:52:14.939819+00:00,GBPJPY,trending_up,130,False,-0.0058,2,-0.405,0.5,0.01,0.0195,2,1.87,1.0,mut-df2b7a,1784802403.4198413,True,
2026-07-25T09:52:19.648684+00:00,XAUUSD,high_volatility,125,False,0.0314,5,0.567,0.6,0.01,0.023,2,3.283,1.0,mut-aef8ad,1784888561.9697459,True,
2026-07-25T09:52:24.522389+00:00,USOIL,high_volatility,125,False,0.0084,3,0.271,0.667,0.01,0.0203,2,2.087,1.0,mut-44fc90,1783821407.0754356,True,
2026-07-25T09:52:29.377037+00:00,BTCUSD,high_volatility,182,False,0.0,0,,,,0.0607,5,1.893,0.8,mut-785457,1783821498.0682824,True,
2026-07-25T09:52:35.201317+00:00,ETHUSD,high_volatility,182,False,0.0062,6,0.089,0.5,0.0297,0.0338,5,0.629,0.6,imm-7ac82e,1784277230.6638775,True,
2026-07-25T09:52:41.013314+00:00,SOLUSD,high_volatility,182,False,0.0179,5,0.31,0.6,0.0199,0.0328,6,0.474,0.667,mut-0ee72e,1784277273.123327,True,
2026-07-25T09:52:46.808719+00:00,XRPUSD,high_volatility,182,False,0.012,5,0.212,0.6,0.0199,0.033,6,0.48,0.667,mut-22f7c7,1784914914.0935924,True,
2026-07-25T09:52:52.920532+00:00,BNBUSD,high_volatility,182,False,0.006,3,0.196,0.667,0.01,0.0211,4,0.503,0.75,mut-fe3620,1784973171.5335977,True,
2026-07-25T09:52:58.795263+00:00,ADAUSD,high_volatility,182,False,0.0295,8,0.307,0.5,0.0199,0.0423,7,0.532,0.714,mut-f33301,1784230567.3072674,True,
2026-07-25T09:53:02.821278+00:00,SPX,ranging,125,False,-0.0083,2,-0.705,0.5,0.01,0.004,1,0.0,1.0,mut-a5176c,1784861666.493881,True,
2026-07-25T09:53:07.922781+00:00,NASDAQ,trending_down,125,False,-0.0247,4,-0.961,0.25,0.0297,,,,,,,True,
2026-07-25T09:53:12.169439+00:00,DJI,ranging,125,False,0.0,0,,,,0.017,2,1.3,1.0,mut-28bf02,1784827628.5364316,True,
2026-07-25T09:53:16.325057+00:00,RUT,ranging,125,False,0.0,0,,,,0.0187,2,1.663,1.0,mut-71c912,1784688870.3744597,True,
2026-07-25T09:53:20.380736+00:00,VIX,high_volatility,126,False,0.0,0,,,,,,,,,,True,
2026-07-25T09:53:24.572774+00:00,FTSE,trending_up,126,False,-0.0044,4,-0.109,0.5,0.0199,0.0103,3,0.33,0.667,mut-1f332c,1784382988.2949674,True,
2026-07-25T09:53:29.655781+00:00,DAX,trending_up,127,False,0.0,0,,,,0.0009,1,0.0,1.0,mut-fe507e,1784914959.8482764,True,
2026-07-25T09:53:34.745242+00:00,CAC40,ranging,127,False,-0.0335,4,-3.141,0.0,0.0297,0.0141,2,0.89,0.5,mut-b9b556,1784630003.5888314,True,
2026-07-25T09:53:39.608036+00:00,NIKKEI,high_volatility,122,False,0.0035,3,0.112,0.333,0.01,0.0244,3,0.828,0.667,mut-c1d5a1,1783914987.901319,True,
2026-07-25T09:53:43.633239+00:00,HSI,high_volatility,120,False,0.0,0,,,,0.0352,4,0.792,0.75,mut-744d4e,1783955409.693752,True,
2026-07-25T09:53:48.228991+00:00,SENSEX,ranging,121,False,-0.0159,2,-3.929,0.0,0.01,0.001,3,0.03,0.333,mut-dddd39,1784038554.1117454,True,
2026-07-25T09:53:52.397554+00:00,ASX200,ranging,126,False,-0.0074,2,-0.582,0.5,0.01,,,,,,,True,
2026-07-25T09:53:57.415888+00:00,AAPL,high_volatility,125,False,0.0,0,,,,0.01,5,0.179,0.6,mut-98c72c,1784086472.9613838,True,
2026-07-25T09:54:01.736776+00:00,MSFT,high_volatility,125,False,0.0,0,,,,0.0367,6,0.526,0.667,mut-ad0f70,1784230939.7517087,True,
2026-07-25T09:54:06.788470+00:00,NVDA,high_volatility,125,False,0.0044,1,0.0,1.0,0.0,0.0128,2,0.74,0.5,mut-361ee8,1784059084.653737,True,
2026-07-25T09:54:11.957230+00:00,GOOGL,high_volatility,125,False,-0.0161,5,-0.332,0.2,0.0199,0.0229,2,3.208,1.0,mut-bf5889,1784776571.9995205,True,
2026-07-25T09:54:16.893309+00:00,AMZN,high_volatility,125,False,0.025,2,5.016,1.0,0.0,0.025,2,5.016,1.0,imm-5ecbb6,1784948103.51404,True,
2026-07-25T09:54:21.969248+00:00,META,high_volatility,125,False,0.0035,4,0.079,0.5,0.01,0.0191,4,0.44,0.5,mut-c58e56,1784059191.2592885,True,
2026-07-25T09:54:26.827827+00:00,TSLA,high_volatility,125,False,-0.023,6,-0.416,0.333,0.0394,0.0236,4,0.569,0.75,mut-842635,1783887921.345828,True,
2026-07-25T09:54:31.711673+00:00,BRKB,ranging,125,False,-0.0129,2,-1.828,0.0,0.01,0.0135,4,0.287,0.5,mut-041f22,1784345776.6689901,True,
2026-07-25T09:54:36.992251+00:00,LLY,high_volatility,125,False,0.0,0,,,,0.0385,5,0.756,0.8,mut-5648c7,1784363164.0287595,True,
2026-07-25T09:54:41.971389+00:00,V,trending_up,125,False,0.0131,5,0.233,0.6,0.0199,0.0342,5,0.649,0.6,mut-5ca8b9,1784948123.8449824,True,
2026-07-25T09:54:46.850164+00:00,JPM,high_volatility,125,False,0.0242,4,0.59,0.75,0.01,0.0242,4,0.59,0.75,mut-122f52,1784948127.7995868,True,
2026-07-25T17:01:59.507675+00:00,EURUSD,ranging,130,False,0.0052,3,0.169,0.667,0.01,0.0214,2,2.499,1.0,mut-9ac3c3,1784827527.8572602,True,
2026-07-25T17:02:04.281146+00:00,GBPUSD,ranging,130,False,-0.0261,3,-4.901,0.0,0.0199,0.0082,2,0.373,0.5,mut-fb31af,1783566744.03113,True,
2026-07-25T17:02:09.149229+00:00,USDJPY,trending_up,130,False,0.0,0,,,,0.0401,3,5.465,1.0,mut-fe93e0,1784017385.3134413,True,
2026-07-25T17:02:13.913377+00:00,AUDUSD,ranging,131,False,-0.0178,5,-0.37,0.2,0.0199,0.0149,2,0.982,0.5,mut-fa41af,1784230005.7182124,True,
2026-07-25T17:02:18.610045+00:00,USDCAD,ranging,131,False,0.0295,3,1.323,0.667,0.0,0.0424,4,1.321,0.75,mut-fd7afd,1784124334.4320092,True,
2026-07-25T17:02:23.764240+00:00,USDCHF,trending_up,131,False,0.0232,4,0.564,0.75,0.01,0.0451,3,108.416,1.0,mut-4ad71b,1783971987.3191102,True,
2026-07-25T17:02:28.449293+00:00,NZDUSD,ranging,131,False,-0.0456,5,-6.22,0.0,0.0394,0.0136,2,0.824,0.5,mut-3fcd3d,1783999337.5030158,True,
2026-07-25T17:02:33.156172+00:00,EURGBP,ranging,131,False,0.0142,2,0.904,0.5,0.0,0.0142,2,0.904,0.5,mut-ae92f3,1784973126.068164,True,
2026-07-25T17:02:37.062573+00:00,EURJPY,ranging,130,False,-0.0052,3,-0.148,0.333,0.01,0.0002,3,0.007,0.333,mut-4773ac,1784519913.969875,True,
2026-07-25T17:02:41.089233+00:00,GBPJPY,trending_up,130,False,-0.0058,2,-0.405,0.5,0.01,0.0195,2,1.87,1.0,mut-df2b7a,1784802403.4198413,True,
2026-07-25T17:02:45.825194+00:00,XAUUSD,high_volatility,125,False,0.0314,5,0.567,0.6,0.01,0.023,2,3.283,1.0,mut-aef8ad,1784888561.9697459,True,
2026-07-25T17:02:50.707021+00:00,USOIL,high_volatility,125,False,0.0,0,,,,0.0203,2,2.087,1.0,mut-44fc90,1783821407.0754356,True,
2026-07-25T17:02:57.506803+00:00,BTCUSD,high_volatility,182,False,0.0,0,,,,0.0607,5,1.893,0.8,mut-785457,1783821498.0682824,True,
2026-07-25T17:03:03.386852+00:00,ETHUSD,high_volatility,182,False,0.0068,6,0.098,0.5,0.0297,0.0338,5,0.629,0.6,imm-7ac82e,1784277230.6638775,True,
2026-07-25T17:03:09.361618+00:00,SOLUSD,high_volatility,182,False,0.0,0,,,,0.0328,6,0.474,0.667,mut-0ee72e,1784277273.123327,True,
2026-07-25T17:03:15.302155+00:00,XRPUSD,high_volatility,182,False,0.0314,6,0.459,0.667,0.01,0.033,6,0.48,0.667,mut-22f7c7,1784914914.0935924,True,
2026-07-25T17:03:21.381590+00:00,BNBUSD,high_volatility,182,False,-0.0142,5,-0.295,0.4,0.0297,0.0211,4,0.503,0.75,mut-fe3620,1784973171.5335977,True,
2026-07-25T17:03:27.248062+00:00,ADAUSD,high_volatility,182,False,0.0028,8,0.03,0.375,0.0394,0.0423,7,0.532,0.714,mut-f33301,1784230567.3072674,True,
2026-07-25T17:03:31.275190+00:00,SPX,ranging,125,False,-0.0083,2,-0.705,0.5,0.01,0.004,1,0.0,1.0,mut-a5176c,1784861666.493881,True,
2026-07-25T17:03:35.325852+00:00,NASDAQ,trending_down,125,False,-0.0247,4,-0.961,0.25,0.0297,,,,,,,True,
2026-07-25T17:03:39.444024+00:00,DJI,ranging,125,False,0.0,0,,,,0.017,2,1.3,1.0,mut-28bf02,1784827628.5364316,True,
2026-07-25T17:03:44.300704+00:00,RUT,ranging,125,False,0.0,0,,,,0.0187,2,1.663,1.0,mut-71c912,1784688870.3744597,True,
2026-07-25T17:03:49.055916+00:00,VIX,high_volatility,126,False,-0.0099,5,-0.194,0.4,0.0199,,,,,,,True,
2026-07-25T17:03:53.136398+00:00,FTSE,trending_up,126,False,-0.0199,2,-199.0,0.0,0.0199,0.0103,3,0.33,0.667,mut-1f332c,1784382988.2949674,True,
2026-07-25T17:03:57.195432+00:00,DAX,trending_up,127,False,-0.0168,3,-0.914,0.333,0.0199,0.0009,1,0.0,1.0,mut-fe507e,1784914959.8482764,True,
2026-07-25T17:04:02.256856+00:00,CAC40,ranging,127,False,-0.0335,4,-3.141,0.0,0.0297,0.0141,2,0.89,0.5,mut-b9b556,1784630003.5888314,True,
2026-07-25T17:04:06.977687+00:00,NIKKEI,high_volatility,122,False,-0.024,3,-2.918,0.0,0.0199,0.0244,3,0.828,0.667,mut-c1d5a1,1783914987.901319,True,
2026-07-25T17:04:11.735048+00:00,HSI,high_volatility,120,False,0.0,0,,,,0.0352,4,0.792,0.75,mut-744d4e,1783955409.693752,True,
2026-07-25T17:04:15.682691+00:00,SENSEX,ranging,121,False,-0.0159,2,-3.929,0.0,0.01,0.001,3,0.03,0.333,mut-dddd39,1784038554.1117454,True,
2026-07-25T17:04:19.790611+00:00,ASX200,ranging,126,False,-0.0173,3,-0.973,0.333,0.0199,,,,,,,True,
2026-07-25T17:04:25.009706+00:00,AAPL,high_volatility,125,False,-0.0053,4,-0.132,0.25,0.0199,0.01,5,0.179,0.6,mut-98c72c,1784086472.9613838,True,
2026-07-25T17:04:29.279445+00:00,MSFT,high_volatility,125,False,-0.0131,7,-0.172,0.286,0.0199,0.0367,6,0.526,0.667,mut-ad0f70,1784230939.7517087,True,
2026-07-25T17:04:34.201805+00:00,NVDA,high_volatility,125,False,0.0,0,,,,0.0128,2,0.74,0.5,mut-361ee8,1784059084.653737,True,
2026-07-25T17:04:39.337137+00:00,GOOGL,high_volatility,125,False,0.0088,5,0.153,0.4,0.0199,0.0229,2,3.208,1.0,mut-bf5889,1784776571.9995205,True,
2026-07-25T17:04:44.271396+00:00,AMZN,high_volatility,125,False,0.025,2,5.016,1.0,0.0,0.025,2,5.016,1.0,imm-5ecbb6,1784948103.51404,True,
2026-07-25T17:04:48.453652+00:00,META,high_volatility,125,False,0.0035,4,0.079,0.5,0.01,0.0191,4,0.44,0.5,mut-c58e56,1784059191.2592885,True,
2026-07-25T17:04:53.342170+00:00,TSLA,high_volatility,125,False,0.0,0,,,,0.0236,4,0.569,0.75,mut-842635,1783887921.345828,True,
2026-07-25T17:04:57.388986+00:00,BRKB,ranging,125,False,-0.0104,2,-1.09,0.0,0.01,0.0135,4,0.287,0.5,mut-041f22,1784345776.6689901,True,
2026-07-25T17:05:01.591844+00:00,LLY,high_volatility,125,False,0.0263,4,0.64,0.75,0.01,0.0385,5,0.756,0.8,mut-5648c7,1784363164.0287595,True,
2026-07-25T17:05:06.607985+00:00,V,trending_up,125,False,0.0342,5,0.649,0.6,0.01,0.0342,5,0.649,0.6,mut-5ca8b9,1784948123.8449824,True,
2026-07-25T17:05:10.786311+00:00,JPM,high_volatility,125,False,0.0139,5,0.251,0.6,0.0199,0.0242,4,0.59,0.75,mut-122f52,1784948127.7995868,True,
2026-07-26T10:02:59.570810+00:00,EURUSD,ranging,130,False,0.0,0,,,,0.0214,2,2.499,1.0,mut-9ac3c3,1784827527.8572602,True,
2026-07-26T10:03:03.537597+00:00,GBPUSD,ranging,131,False,-0.0052,3,-0.146,0.333,0.0199,0.0082,2,0.373,0.5,mut-fb31af,1783566744.03113,True,
2026-07-26T10:03:07.416059+00:00,USDJPY,trending_up,130,False,0.0177,5,0.313,0.6,0.0199,0.0401,3,5.465,1.0,mut-fe93e0,1784017385.3134413,True,
2026-07-26T10:03:12.228948+00:00,AUDUSD,ranging,131,False,0.0162,2,1.167,1.0,0.0,0.0149,2,0.982,0.5,mut-fa41af,1784230005.7182124,True,
2026-07-26T10:03:16.911075+00:00,USDCAD,ranging,131,False,0.0295,3,1.323,0.667,0.0,0.0424,4,1.321,0.75,mut-fd7afd,1784124334.4320092,True,
2026-07-26T10:03:21.836103+00:00,USDCHF,trending_up,131,False,0.0232,4,0.564,0.75,0.01,0.0451,3,108.416,1.0,mut-4ad71b,1783971987.3191102,True,
2026-07-26T10:03:26.470281+00:00,NZDUSD,ranging,131,False,-0.0262,3,-5.106,0.0,0.0199,0.0136,2,0.824,0.5,mut-3fcd3d,1783999337.5030158,True,
2026-07-26T10:03:30.354409+00:00,EURGBP,ranging,131,False,0.0142,2,0.904,0.5,0.0,0.0142,2,0.904,0.5,mut-ae92f3,1784973126.068164,True,
2026-07-26T10:03:34.242792+00:00,EURJPY,ranging,130,False,-0.0221,5,-0.459,0.2,0.0199,0.0002,3,0.007,0.333,mut-4773ac,1784519913.969875,True,
2026-07-26T10:03:38.086910+00:00,GBPJPY,trending_up,130,False,-0.01,1,0.0,0.0,0.01,0.0195,2,1.87,1.0,mut-df2b7a,1784802403.4198413,True,
2026-07-26T10:03:42.727493+00:00,XAUUSD,high_volatility,125,False,0.0313,5,0.563,0.6,0.01,0.023,2,3.283,1.0,mut-aef8ad,1784888561.9697459,True,
2026-07-26T10:03:47.624855+00:00,USOIL,high_volatility,125,False,0.0084,3,0.271,0.667,0.01,0.0203,2,2.087,1.0,mut-44fc90,1783821407.0754356,True,
2026-07-26T10:03:53.931798+00:00,BTCUSD,high_volatility,182,False,0.0,0,,,,0.0607,5,1.893,0.8,mut-785457,1783821498.0682824,True,
2026-07-26T10:03:59.545216+00:00,ETHUSD,high_volatility,182,False,0.0153,4,0.334,0.5,0.01,0.0338,5,0.629,0.6,imm-7ac82e,1784277230.6638775,True,
2026-07-26T10:04:05.380061+00:00,SOLUSD,high_volatility,182,False,0.0,0,,,,0.0328,6,0.474,0.667,mut-0ee72e,1784277273.123327,True,
2026-07-26T10:04:11.316651+00:00,XRPUSD,high_volatility,182,False,0.0008,6,0.011,0.5,0.0199,0.033,6,0.48,0.667,mut-22f7c7,1784914914.0935924,True,
2026-07-26T10:04:17.775863+00:00,BNBUSD,high_volatility,182,False,0.0,0,,,,0.0211,4,0.503,0.75,mut-fe3620,1784973171.5335977,True,
2026-07-26T10:04:23.328563+00:00,ADAUSD,high_volatility,182,False,0.0186,9,0.17,0.444,0.0297,0.0423,7,0.532,0.714,mut-f33301,1784230567.3072674,True,
2026-07-26T10:04:27.309071+00:00,SPX,ranging,125,False,0.0,0,,,,0.004,1,0.0,1.0,mut-a5176c,1784861666.493881,True,
2026-07-26T10:04:32.394724+00:00,NASDAQ,trending_down,125,False,-0.0247,4,-0.961,0.25,0.0297,,,,,,,True,
2026-07-26T10:04:36.503736+00:00,DJI,ranging,125,False,0.0,0,,,,0.017,2,1.3,1.0,mut-28bf02,1784827628.5364316,True,
2026-07-26T10:04:41.435011+00:00,RUT,ranging,125,False,0.0,0,,,,0.0187,2,1.663,1.0,mut-71c912,1784688870.3744597,True,
2026-07-26T10:04:46.131047+00:00,VIX,high_volatility,126,False,-0.0099,5,-0.194,0.4,0.0199,,,,,,,True,
2026-07-26T10:04:50.072953+00:00,FTSE,trending_up,126,False,-0.0044,4,-0.109,0.5,0.0199,0.0103,3,0.33,0.667,mut-1f332c,1784382988.2949674,True,
2026-07-26T10:04:54.854815+00:00,DAX,trending_up,127,False,0.0,0,,,,0.0009,1,0.0,1.0,mut-fe507e,1784914959.8482764,True,
2026-07-26T10:04:58.880007+00:00,CAC40,ranging,127,False,-0.0335,4,-3.141,0.0,0.0297,0.0141,2,0.89,0.5,mut-b9b556,1784630003.5888314,True,
2026-07-26T10:05:02.929732+00:00,NIKKEI,high_volatility,122,False,-0.0237,6,-0.422,0.333,0.0297,0.0244,3,0.828,0.667,mut-c1d5a1,1783914987.901319,True,
2026-07-26T10:05:06.947035+00:00,HSI,high_volatility,120,False,0.008,6,0.115,0.5,0.0199,0.0352,4,0.792,0.75,mut-744d4e,1783955409.693752,True,
2026-07-26T10:05:10.822063+00:00,SENSEX,ranging,121,False,-0.0138,2,-2.221,0.0,0.01,0.001,3,0.03,0.333,mut-dddd39,1784038554.1117454,True,
2026-07-26T10:05:14.815396+00:00,ASX200,ranging,126,False,-0.0173,3,-0.973,0.333,0.0199,,,,,,,True,
2026-07-26T10:05:19.034815+00:00,AAPL,high_volatility,125,False,0.0,0,,,,0.01,5,0.179,0.6,mut-98c72c,1784086472.9613838,True,
2026-07-26T10:05:23.956231+00:00,MSFT,high_volatility,125,False,0.0029,6,0.043,0.5,0.0199,0.0367,6,0.526,0.667,mut-ad0f70,1784230939.7517087,True,
2026-07-26T10:05:28.056973+00:00,NVDA,high_volatility,125,False,0.0,0,,,,0.0128,2,0.74,0.5,mut-361ee8,1784059084.653737,True,
2026-07-26T10:05:33.070484+00:00,GOOGL,high_volatility,125,False,0.0088,5,0.153,0.4,0.0199,0.0229,2,3.208,1.0,mut-bf5889,1784776571.9995205,True,
2026-07-26T10:05:37.942364+00:00,AMZN,high_volatility,125,False,-0.0238,6,-0.425,0.333,0.0297,0.025,2,5.016,1.0,imm-5ecbb6,1784948103.51404,True,
2026-07-26T10:05:42.105538+00:00,META,high_volatility,125,False,0.0035,4,0.079,0.5,0.01,0.0191,4,0.44,0.5,mut-c58e56,1784059191.2592885,True,
2026-07-26T10:05:46.830506+00:00,TSLA,high_volatility,125,False,-0.023,6,-0.416,0.333,0.0394,0.0236,4,0.569,0.75,mut-842635,1783887921.345828,True,
2026-07-26T10:05:50.793587+00:00,BRKB,ranging,125,False,-0.0099,2,-0.984,0.5,0.01,0.0135,4,0.287,0.5,mut-041f22,1784345776.6689901,True,
2026-07-26T10:05:55.737220+00:00,LLY,high_volatility,125,False,-0.0056,6,-0.082,0.333,0.0199,0.0385,5,0.756,0.8,mut-5648c7,1784363164.0287595,True,
2026-07-26T10:05:59.849401+00:00,V,trending_up,125,False,0.0131,5,0.233,0.6,0.0199,0.0342,5,0.649,0.6,mut-5ca8b9,1784948123.8449824,True,
2026-07-26T10:06:04.019126+00:00,JPM,high_volatility,125,False,0.0242,4,0.59,0.75,0.01,0.0242,4,0.59,0.75,mut-122f52,1784948127.7995868,True,
2026-07-26T17:05:24.783674+00:00,EURUSD,ranging,130,False,0.0305,3,1.459,1.0,0.0,0.0214,2,2.499,1.0,mut-9ac3c3,1784827527.8572602,True,
2026-07-26T17:05:28.709481+00:00,GBPUSD,ranging,131,False,-0.0019,4,-0.046,0.5,0.0199,0.0082,2,0.373,0.5,mut-fb31af,1783566744.03113,True,
2026-07-26T17:05:33.304068+00:00,USDJPY,trending_up,130,False,0.0177,5,0.313,0.6,0.0199,0.0401,3,5.465,1.0,mut-fe93e0,1784017385.3134413,True,
2026-07-26T17:05:37.917150+00:00,AUDUSD,ranging,131,False,-0.0178,5,-0.37,0.2,0.0199,0.0149,2,0.982,0.5,mut-fa41af,1784230005.7182124,True,
2026-07-26T17:05:41.932292+00:00,USDCAD,ranging,131,False,0.0103,2,0.519,0.5,0.0,0.0424,4,1.321,0.75,mut-fd7afd,1784124334.4320092,True,
2026-07-26T17:05:46.627062+00:00,USDCHF,trending_up,131,False,0.0,0,,,,0.0451,3,108.416,1.0,mut-4ad71b,1783971987.3191102,True,
2026-07-26T17:05:51.116644+00:00,NZDUSD,ranging,131,False,-0.0261,3,-4.952,0.0,0.0199,0.0136,2,0.824,0.5,mut-3fcd3d,1783999337.5030158,True,
2026-07-26T17:05:54.925848+00:00,EURGBP,ranging,131,False,0.0142,2,0.904,0.5,0.0,0.0142,2,0.904,0.5,mut-ae92f3,1784973126.068164,True,
2026-07-26T17:05:58.731911+00:00,EURJPY,ranging,130,False,-0.0168,2,-5.207,0.0,0.01,0.0002,3,0.007,0.333,mut-4773ac,1784519913.969875,True,
2026-07-26T17:06:03.399143+00:00,GBPJPY,trending_up,130,False,0.0173,2,1.365,1.0,0.0,0.0195,2,1.87,1.0,mut-df2b7a,1784802403.4198413,True,
2026-07-26T17:06:08.102477+00:00,XAUUSD,high_volatility,125,False,0.0313,5,0.563,0.6,0.01,0.023,2,3.283,1.0,mut-aef8ad,1784888561.9697459,True,
2026-07-26T17:06:12.080885+00:00,USOIL,high_volatility,125,False,0.0,0,,,,0.0203,2,2.087,1.0,mut-44fc90,1783821407.0754356,True,
2026-07-26T17:06:16.870796+00:00,BTCUSD,high_volatility,182,False,0.0,0,,,,0.0607,5,1.893,0.8,mut-785457,1783821498.0682824,True,
2026-07-26T17:06:21.237761+00:00,ETHUSD,high_volatility,182,False,0.0149,5,0.262,0.6,0.0199,0.0338,5,0.629,0.6,imm-7ac82e,1784277230.6638775,True,
2026-07-26T17:06:25.597909+00:00,SOLUSD,high_volatility,182,False,0.0161,5,0.28,0.6,0.0199,0.0328,6,0.474,0.667,mut-0ee72e,1784277273.123327,True,
2026-07-26T17:06:31.253792+00:00,XRPUSD,high_volatility,182,False,0.0004,6,0.006,0.5,0.0199,0.033,6,0.48,0.667,mut-22f7c7,1784914914.0935924,True,
2026-07-26T17:06:37.379655+00:00,BNBUSD,high_volatility,182,False,0.0,0,,,,0.0211,4,0.503,0.75,mut-fe3620,1784973171.5335977,True,
2026-07-26T17:06:42.975163+00:00,ADAUSD,high_volatility,182,False,0.0316,8,0.33,0.625,0.0199,0.0423,7,0.532,0.714,mut-f33301,1784230567.3072674,True,
2026-07-26T17:06:47.715095+00:00,SPX,ranging,125,False,nan,2,nan,0.0,0.01,0.004,1,0.0,1.0,mut-a5176c,1784861666.493881,True,
2026-07-26T17:06:52.520119+00:00,NASDAQ,trending_down,125,False,-0.0247,4,-0.961,0.25,0.0297,,,,,,,True,
2026-07-26T17:06:57.281936+00:00,DJI,ranging,125,False,0.0,0,,,,0.017,2,1.3,1.0,mut-28bf02,1784827628.5364316,True,
2026-07-26T17:07:01.218537+00:00,RUT,ranging,125,False,0.0,0,,,,0.0187,2,1.663,1.0,mut-71c912,1784688870.3744597,True,
2026-07-26T17:07:05.758104+00:00,VIX,high_volatility,126,False,-0.0099,5,-0.194,0.4,0.0199,,,,,,,True,
2026-07-26T17:07:10.426578+00:00,FTSE,trending_up,125,False,-0.0199,2,-199.0,0.0,0.0199,0.0103,3,0.33,0.667,mut-1f332c,1784382988.2949674,True,
2026-07-26T17:07:14.992289+00:00,DAX,trending_up,127,False,-0.0001,1,0.0,0.0,0.0,0.0009,1,0.0,1.0,mut-fe507e,1784914959.8482764,True,
2026-07-26T17:07:19.936004+00:00,CAC40,ranging,127,False,0.0064,1,0.0,1.0,0.0,0.0141,2,0.89,0.5,mut-b9b556,1784630003.5888314,True,
2026-07-26T17:07:24.473872+00:00,NIKKEI,high_volatility,122,False,0.0049,2,0.195,0.5,0.01,0.0244,3,0.828,0.667,mut-c1d5a1,1783914987.901319,True,
2026-07-26T17:07:29.131565+00:00,HSI,high_volatility,120,False,-0.0495,6,-2.363,0.0,0.049,0.0352,4,0.792,0.75,mut-744d4e,1783955409.693752,True,
2026-07-26T17:07:33.034200+00:00,SENSEX,ranging,121,False,-0.0327,4,-2.743,0.0,0.0297,0.001,3,0.03,0.333,mut-dddd39,1784038554.1117454,True,
2026-07-26T17:07:37.635941+00:00,ASX200,ranging,126,False,-0.0173,3,-0.973,0.333,0.0199,,,,,,,True,
2026-07-26T17:07:42.415785+00:00,AAPL,high_volatility,125,False,-0.0083,4,-0.201,0.25,0.0199,0.01,5,0.179,0.6,mut-98c72c,1784086472.9613838,True,
2026-07-26T17:07:47.284672+00:00,MSFT,high_volatility,125,False,0.0,0,,,,0.0367,6,0.526,0.667,mut-ad0f70,1784230939.7517087,True,
2026-07-26T17:07:52.049169+00:00,NVDA,high_volatility,125,False,0.0,0,,,,0.0128,2,0.74,0.5,mut-361ee8,1784059084.653737,True,
2026-07-26T17:07:56.884302+00:00,GOOGL,high_volatility,125,False,0.0088,5,0.153,0.4,0.0199,0.0229,2,3.208,1.0,mut-bf5889,1784776571.9995205,True,
2026-07-26T17:08:01.557349+00:00,AMZN,high_volatility,125,False,0.025,2,5.016,1.0,0.0,0.025,2,5.016,1.0,imm-5ecbb6,1784948103.51404,True,
2026-07-26T17:08:06.359527+00:00,META,high_volatility,125,False,0.0016,6,0.024,0.5,0.01,0.0191,4,0.44,0.5,mut-c58e56,1784059191.2592885,True,
2026-07-26T17:08:10.331060+00:00,TSLA,high_volatility,125,False,0.0,0,,,,0.0236,4,0.569,0.75,mut-842635,1783887921.345828,True,
2026-07-26T17:08:14.279272+00:00,BRKB,ranging,125,False,-0.0252,4,-1.011,0.25,0.0297,0.0135,4,0.287,0.5,mut-041f22,1784345776.6689901,True,
2026-07-26T17:08:18.377473+00:00,LLY,high_volatility,125,False,0.0263,4,0.64,0.75,0.01,0.0385,5,0.756,0.8,mut-5648c7,1784363164.0287595,True,
2026-07-26T17:08:22.526768+00:00,V,trending_up,125,False,0.0342,5,0.649,0.6,0.01,0.0342,5,0.649,0.6,mut-5ca8b9,1784948123.8449824,True,
2026-07-26T17:08:27.148236+00:00,JPM,high_volatility,125,False,0.0242,4,0.59,0.75,0.01,0.0242,4,0.59,0.75,mut-122f52,1784948127.7995868,True,
2026-07-27T03:27:53.262915+00:00,EURUSD,ranging,130,False,0.0281,3,1.157,0.667,0.0,0.0214,2,2.499,1.0,mut-9ac3c3,1784827527.8572602,True,
2026-07-27T03:27:57.814284+00:00,GBPUSD,ranging,130,False,-0.0176,5,-0.362,0.2,0.0297,0.0082,2,0.373,0.5,mut-fb31af,1783566744.03113,True,
2026-07-27T03:28:01.697384+00:00,USDJPY,trending_up,130,False,-0.007,1,0.0,0.0,0.0,0.0401,3,5.465,1.0,mut-fe93e0,1784017385.3134413,True,
2026-07-27T03:28:06.428190+00:00,AUDUSD,ranging,130,False,-0.0159,5,-0.327,0.2,0.0199,0.0149,2,0.982,0.5,mut-fa41af,1784230005.7182124,True,
2026-07-27T03:28:10.282199+00:00,USDCAD,ranging,130,False,0.0283,3,1.177,0.667,0.0,0.0424,4,1.321,0.75,mut-fd7afd,1784124334.4320092,True,
2026-07-27T03:28:15.041760+00:00,USDCHF,ranging,130,False,-0.0153,3,-0.742,0.333,0.0199,0.0293,2,44.593,1.0,imm-4fc33a,1784741046.2585468,True,
2026-07-27T03:28:19.667626+00:00,NZDUSD,ranging,130,False,0.005,3,0.161,0.667,0.01,0.0136,2,0.824,0.5,mut-3fcd3d,1783999337.5030158,True,
2026-07-27T03:28:24.201559+00:00,EURGBP,ranging,130,False,0.0153,2,1.046,1.0,0.0,0.0142,2,0.904,0.5,mut-ae92f3,1784973126.068164,True,
2026-07-27T03:28:28.179648+00:00,EURJPY,ranging,130,True,0.0049,2,0.193,0.5,0.01,0.0049,2,0.193,0.5,mut-74bdf5,1785122908.0481284,True,
2026-07-27T03:28:32.210101+00:00,GBPJPY,trending_up,130,False,0.0005,2,0.024,0.5,0.01,0.0195,2,1.87,1.0,mut-df2b7a,1784802403.4198413,True,
2026-07-27T03:28:36.812498+00:00,XAUUSD,high_volatility,126,False,0.0301,5,0.532,0.6,0.01,0.023,2,3.283,1.0,mut-aef8ad,1784888561.9697459,True,
2026-07-27T03:28:41.633629+00:00,USOIL,high_volatility,126,False,0.0027,3,0.086,0.333,0.01,0.0203,2,2.087,1.0,mut-44fc90,1783821407.0754356,True,
2026-07-27T03:28:46.459906+00:00,BTCUSD,high_volatility,181,False,0.0,0,,,,0.0607,5,1.893,0.8,mut-785457,1783821498.0682824,True,
2026-07-27T03:28:51.083374+00:00,ETHUSD,high_volatility,181,False,0.0,0,,,,0.0338,5,0.629,0.6,imm-7ac82e,1784277230.6638775,True,
2026-07-27T03:28:55.820973+00:00,SOLUSD,high_volatility,181,False,0.0,0,,,,0.0328,6,0.474,0.667,mut-0ee72e,1784277273.123327,True,
2026-07-27T03:29:01.927649+00:00,XRPUSD,high_volatility,181,False,0.0001,6,0.001,0.5,0.0199,0.033,6,0.48,0.667,mut-22f7c7,1784914914.0935924,True,
2026-07-27T03:29:06.553351+00:00,BNBUSD,high_volatility,181,False,0.0,0,,,,0.0211,4,0.503,0.75,mut-fe3620,1784973171.5335977,True,
2026-07-27T03:29:12.146398+00:00,ADAUSD,high_volatility,181,False,0.0,0,,,,0.0423,7,0.532,0.714,mut-f33301,1784230567.3072674,True,
2026-07-27T03:29:16.885956+00:00,SPX,ranging,125,False,0.0,0,,,,0.004,1,0.0,1.0,mut-a5176c,1784861666.493881,True,
2026-07-27T03:29:21.857198+00:00,NASDAQ,trending_down,125,False,-0.0247,4,-0.961,0.25,0.0297,,,,,,,True,
2026-07-27T03:29:25.811780+00:00,DJI,ranging,125,False,0.0,0,,,,0.017,2,1.3,1.0,mut-28bf02,1784827628.5364316,True,
2026-07-27T03:29:30.602418+00:00,RUT,ranging,125,False,0.0,0,,,,0.0187,2,1.663,1.0,mut-71c912,1784688870.3744597,True,
2026-07-27T03:29:35.405398+00:00,VIX,high_volatility,126,False,0.0,0,,,,,,,,,,True,
2026-07-27T03:29:39.368596+00:00,FTSE,trending_up,126,False,-0.0044,4,-0.109,0.5,0.0199,0.0103,3,0.33,0.667,mut-1f332c,1784382988.2949674,True,
2026-07-27T03:29:43.344892+00:00,DAX,trending_up,127,False,0.0,0,,,,0.0009,1,0.0,1.0,mut-fe507e,1784914959.8482764,True,
2026-07-27T03:29:47.455916+00:00,CAC40,ranging,127,False,-0.0161,3,-0.824,0.333,0.0199,0.0141,2,0.89,0.5,mut-b9b556,1784630003.5888314,True,
2026-07-27T03:29:52.068066+00:00,NIKKEI,high_volatility,122,False,-0.0523,6,-3.563,0.0,0.049,0.0244,3,0.828,0.667,mut-c1d5a1,1783914987.901319,True,
2026-07-27T03:29:56.020229+00:00,HSI,high_volatility,120,False,-0.0102,5,-0.202,0.4,0.0199,0.0352,4,0.792,0.75,mut-744d4e,1783955409.693752,True,
2026-07-27T03:29:59.948450+00:00,SENSEX,ranging,121,False,-0.0327,4,-2.743,0.0,0.0297,0.001,3,0.03,0.333,mut-dddd39,1784038554.1117454,True,
2026-07-27T03:30:04.017166+00:00,ASX200,trending_up,127,False,-0.0219,3,-1.948,0.0,0.0199,,,,,,,True,
2026-07-27T03:30:08.944208+00:00,AAPL,high_volatility,125,False,-0.0053,4,-0.132,0.25,0.0199,0.01,5,0.179,0.6,mut-98c72c,1784086472.9613838,True,
2026-07-27T03:30:13.103814+00:00,MSFT,high_volatility,125,False,-0.0014,6,-0.021,0.333,0.0199,0.0367,6,0.526,0.667,mut-ad0f70,1784230939.7517087,True,
2026-07-27T03:30:17.199206+00:00,NVDA,high_volatility,125,False,0.0,0,,,,0.0128,2,0.74,0.5,mut-361ee8,1784059084.653737,True,
2026-07-27T03:30:22.173870+00:00,GOOGL,high_volatility,125,False,-0.0161,5,-0.332,0.2,0.0199,0.0229,2,3.208,1.0,mut-bf5889,1784776571.9995205,True,
2026-07-27T03:30:26.960645+00:00,AMZN,high_volatility,125,False,-0.0238,6,-0.425,0.333,0.0297,0.025,2,5.016,1.0,imm-5ecbb6,1784948103.51404,True,
2026-07-27T03:30:31.919924+00:00,META,high_volatility,125,False,0.0016,6,0.024,0.5,0.01,0.0191,4,0.44,0.5,mut-c58e56,1784059191.2592885,True,
2026-07-27T03:30:36.664110+00:00,TSLA,high_volatility,125,False,-0.023,6,-0.416,0.333,0.0394,0.0236,4,0.569,0.75,mut-842635,1783887921.345828,True,
2026-07-27T03:30:40.618889+00:00,BRKB,ranging,125,False,-0.0104,2,-1.09,0.0,0.01,0.0135,4,0.287,0.5,mut-041f22,1784345776.6689901,True,
2026-07-27T03:30:44.872391+00:00,LLY,high_volatility,125,False,-0.0056,6,-0.082,0.333,0.0199,0.0385,5,0.756,0.8,mut-5648c7,1784363164.0287595,True,
2026-07-27T03:30:48.944096+00:00,V,trending_up,125,False,-0.0327,7,-0.518,0.286,0.049,0.0342,5,0.649,0.6,mut-5ca8b9,1784948123.8449824,True,
2026-07-27T03:30:53.657348+00:00,JPM,high_volatility,125,False,0.0242,4,0.59,0.75,0.01,0.0242,4,0.59,0.75,mut-122f52,1784948127.7995868,True,
2026-07-27T11:27:40.517536+00:00,EURUSD,ranging,130,False,0.029,3,1.256,0.667,0.0,0.0214,2,2.499,1.0,mut-9ac3c3,1784827527.8572602,True,
2026-07-27T11:27:45.090613+00:00,GBPUSD,ranging,130,False,-0.0064,2,-0.475,0.5,0.01,0.0082,2,0.373,0.5,mut-fb31af,1783566744.03113,True,
2026-07-27T11:27:49.017601+00:00,USDJPY,trending_up,130,False,0.0386,4,0.997,0.75,0.0,0.0401,3,5.465,1.0,mut-fe93e0,1784017385.3134413,True,
2026-07-27T11:27:53.830008+00:00,AUDUSD,ranging,130,False,-0.0155,5,-0.319,0.2,0.0199,0.0149,2,0.982,0.5,mut-fa41af,1784230005.7182124,True,
2026-07-27T11:27:58.477251+00:00,USDCAD,ranging,130,False,0.0305,3,1.451,1.0,0.0,0.0424,4,1.321,0.75,mut-fd7afd,1784124334.4320092,True,
2026-07-27T11:28:03.283462+00:00,USDCHF,ranging,130,False,0.0208,4,0.495,0.75,0.01,0.0293,2,44.593,1.0,imm-4fc33a,1784741046.2585468,True,
2026-07-27T11:28:07.238242+00:00,NZDUSD,ranging,130,False,-0.0294,6,-0.536,0.167,0.0394,0.0136,2,0.824,0.5,mut-3fcd3d,1783999337.5030158,True,
2026-07-27T11:28:11.830431+00:00,EURGBP,ranging,130,False,0.0129,2,0.755,0.5,0.0,0.0142,2,0.904,0.5,mut-ae92f3,1784973126.068164,True,
2026-07-27T11:28:16.456107+00:00,EURJPY,ranging,130,False,0.0049,2,0.193,0.5,0.01,0.0049,2,0.193,0.5,mut-74bdf5,1785122908.0481284,True,
2026-07-27T11:28:20.523691+00:00,GBPJPY,trending_up,130,False,0.0,0,,,,0.0195,2,1.87,1.0,mut-df2b7a,1784802403.4198413,True,
2026-07-27T11:28:25.156646+00:00,XAUUSD,high_volatility,125,False,-0.0058,6,-0.086,0.333,0.0297,0.023,2,3.283,1.0,mut-aef8ad,1784888561.9697459,True,
2026-07-27T11:28:29.916801+00:00,USOIL,high_volatility,125,False,0.0097,5,0.172,0.4,0.01,0.0203,2,2.087,1.0,mut-44fc90,1783821407.0754356,True,
2026-07-27T11:28:34.578953+00:00,BTCUSD,high_volatility,182,False,0.0,0,,,,0.0607,5,1.893,0.8,mut-785457,1783821498.0682824,True,
2026-07-27T11:28:39.413870+00:00,ETHUSD,high_volatility,182,False,0.0,0,,,,0.0338,5,0.629,0.6,imm-7ac82e,1784277230.6638775,True,
2026-07-27T11:28:44.101224+00:00,SOLUSD,high_volatility,182,False,0.0,0,,,,0.0328,6,0.474,0.667,mut-0ee72e,1784277273.123327,True,
2026-07-27T11:28:49.836865+00:00,XRPUSD,high_volatility,182,False,0.0102,5,0.179,0.6,0.0199,0.033,6,0.48,0.667,mut-22f7c7,1784914914.0935924,True,
2026-07-27T11:28:54.872806+00:00,BNBUSD,high_volatility,182,False,0.0,0,,,,0.0211,4,0.503,0.75,mut-fe3620,1784973171.5335977,True,
2026-07-27T11:29:00.774872+00:00,ADAUSD,high_volatility,182,False,0.0285,8,0.295,0.5,0.0199,0.0423,7,0.532,0.714,mut-f33301,1784230567.3072674,True,
2026-07-27T11:29:05.445480+00:00,SPX,ranging,125,False,nan,2,nan,0.0,0.01,0.004,1,0.0,1.0,mut-a5176c,1784861666.493881,True,
2026-07-27T11:29:09.478280+00:00,NASDAQ,ranging,125,False,nan,4,nan,0.0,0.0297,0.0177,11,0.132,0.455,mut-d84022,1783650806.8484473,True,
2026-07-27T11:29:13.658510+00:00,DJI,ranging,125,False,0.0,0,,,,0.017,2,1.3,1.0,mut-28bf02,1784827628.5364316,True,
2026-07-27T11:29:17.652977+00:00,RUT,ranging,124,False,0.0,0,,,,0.0187,2,1.663,1.0,mut-71c912,1784688870.3744597,True,
2026-07-27T11:29:22.383874+00:00,VIX,high_volatility,125,False,-0.0237,6,-0.426,0.333,0.025,,,,,,,True,
2026-07-27T11:29:27.302568+00:00,FTSE,trending_up,125,False,-0.0014,4,-0.033,0.5,0.0199,0.0103,3,0.33,0.667,mut-1f332c,1784382988.2949674,True,
2026-07-27T11:29:31.182216+00:00,DAX,trending_up,126,False,0.0,0,,,,0.0009,1,0.0,1.0,mut-fe507e,1784914959.8482764,True,
2026-07-27T11:29:36.270134+00:00,CAC40,trending_up,126,True,0.0095,1,0.0,1.0,0.0,0.0095,1,0.0,1.0,mut-c37df1,1785151776.1300797,True,
2026-07-27T11:29:40.238430+00:00,NIKKEI,high_volatility,121,False,-0.0174,5,-0.363,0.2,0.0199,0.0244,3,0.828,0.667,mut-c1d5a1,1783914987.901319,True,
2026-07-27T11:29:44.269368+00:00,HSI,high_volatility,119,False,-0.0328,7,-0.529,0.286,0.0347,0.0352,4,0.792,0.75,mut-744d4e,1783955409.693752,True,
2026-07-27T11:29:48.241957+00:00,SENSEX,ranging,121,False,-0.0094,2,-0.885,0.5,0.01,0.001,3,0.03,0.333,mut-dddd39,1784038554.1117454,True,
2026-07-27T11:29:52.287740+00:00,ASX200,ranging,126,False,-0.0131,2,-1.88,0.0,0.01,,,,,,,True,
2026-07-27T11:29:56.358005+00:00,AAPL,ranging,125,False,0.0,0,,,,,,,,,,True,
2026-07-27T11:30:00.462279+00:00,MSFT,ranging,125,False,nan,6,nan,0.333,0.0199,,,,,,,True,
2026-07-27T11:30:04.674646+00:00,NVDA,ranging,125,False,0.0,0,,,,,,,,,,True,
2026-07-27T11:30:09.778981+00:00,GOOGL,ranging,125,False,nan,5,nan,0.4,0.0199,,,,,,,True,
2026-07-27T11:30:14.564962+00:00,AMZN,ranging,125,False,nan,6,nan,0.167,0.0297,,,,,,,True,
2026-07-27T11:30:18.733342+00:00,META,ranging,125,False,nan,4,nan,0.25,0.01,,,,,,,True,
2026-07-27T11:30:23.465812+00:00,TSLA,ranging,125,False,nan,5,nan,0.2,0.0297,,,,,,,True,
2026-07-27T11:30:27.426566+00:00,BRKB,ranging,125,False,nan,2,nan,0.0,0.01,0.0135,4,0.287,0.5,mut-041f22,1784345776.6689901,True,
2026-07-27T11:30:32.302012+00:00,LLY,ranging,125,False,nan,4,nan,0.5,0.01,,,,,,,True,
2026-07-27T11:30:37.107208+00:00,V,ranging,125,False,nan,5,nan,0.4,0.0199,,,,,,,True,
2026-07-27T11:30:41.210941+00:00,JPM,ranging,125,False,nan,5,nan,0.0,0.0394,,,,,,,True,
2026-07-27T17:45:10.959032+00:00,EURUSD,ranging,130,False,0.0307,3,1.488,1.0,0.0,0.0214,2,2.499,1.0,mut-9ac3c3,1784827527.8572602,True,
2026-07-27T17:45:15.543071+00:00,GBPUSD,ranging,130,False,0.0049,2,0.193,0.5,0.01,0.0082,2,0.373,0.5,mut-fb31af,1783566744.03113,True,
2026-07-27T17:45:19.479267+00:00,USDJPY,trending_up,130,False,-0.0079,1,0.0,0.0,0.0,0.0401,3,5.465,1.0,mut-fe93e0,1784017385.3134413,True,
2026-07-27T17:45:24.194558+00:00,AUDUSD,ranging,130,False,-0.004,4,-0.097,0.5,0.0199,0.0149,2,0.982,0.5,mut-fa41af,1784230005.7182124,True,
2026-07-27T17:45:28.927579+00:00,USDCAD,ranging,130,False,0.0079,2,0.359,0.5,0.0,0.0424,4,1.321,0.75,mut-fd7afd,1784124334.4320092,True,
2026-07-27T17:45:33.881530+00:00,USDCHF,trending_up,130,False,-0.0215,4,-0.683,0.25,0.0297,0.0451,3,108.416,1.0,mut-4ad71b,1783971987.3191102,True,
2026-07-27T17:45:37.830930+00:00,NZDUSD,ranging,130,False,-0.0101,5,-0.196,0.4,0.0297,0.0136,2,0.824,0.5,mut-3fcd3d,1783999337.5030158,True,
2026-07-27T17:45:41.689232+00:00,EURGBP,ranging,130,False,0.0126,2,0.729,0.5,0.0,0.0142,2,0.904,0.5,mut-ae92f3,1784973126.068164,True,
2026-07-27T17:45:46.346824+00:00,EURJPY,ranging,130,False,0.0049,2,0.193,0.5,0.01,0.0049,2,0.193,0.5,mut-74bdf5,1785122908.0481284,True,
2026-07-27T17:45:50.424073+00:00,GBPJPY,trending_up,130,False,-0.0029,2,-0.169,0.5,0.01,0.0195,2,1.87,1.0,mut-df2b7a,1784802403.4198413,True,
2026-07-27T17:45:54.988352+00:00,XAUUSD,high_volatility,125,False,0.0208,6,0.295,0.5,0.01,0.023,2,3.283,1.0,mut-aef8ad,1784888561.9697459,True,
2026-07-27T17:45:59.738227+00:00,USOIL,high_volatility,125,False,0.0097,5,0.172,0.4,0.01,0.0203,2,2.087,1.0,mut-44fc90,1783821407.0754356,True,
2026-07-27T17:46:04.645062+00:00,BTCUSD,high_volatility,182,False,0.0,0,,,,0.0607,5,1.893,0.8,mut-785457,1783821498.0682824,True,
2026-07-27T17:46:09.489201+00:00,ETHUSD,high_volatility,182,False,0.0,0,,,,0.0338,5,0.629,0.6,imm-7ac82e,1784277230.6638775,True,
2026-07-27T17:46:14.364060+00:00,SOLUSD,high_volatility,182,False,0.0,0,,,,0.0328,6,0.474,0.667,mut-0ee72e,1784277273.123327,True,
2026-07-27T17:46:20.248890+00:00,XRPUSD,high_volatility,182,True,0.0376,5,0.738,0.8,0.01,0.0376,5,0.738,0.8,mut-eb4a78,1785174380.1173518,True,
2026-07-27T17:46:25.262632+00:00,BNBUSD,high_volatility,182,False,0.0,0,,,,0.0211,4,0.503,0.75,mut-fe3620,1784973171.5335977,True,
2026-07-27T17:46:31.109357+00:00,ADAUSD,high_volatility,182,False,0.0313,8,0.327,0.625,0.0199,0.0423,7,0.532,0.714,mut-f33301,1784230567.3072674,True,
2026-07-27T17:46:35.958825+00:00,SPX,ranging,125,False,-0.018,3,-1.067,0.333,0.0199,0.004,1,0.0,1.0,mut-a5176c,1784861666.493881,True,
2026-07-27T17:46:40.845304+00:00,NASDAQ,trending_down,125,False,-0.0237,4,-0.858,0.25,0.0297,,,,,,,True,
2026-07-27T17:46:44.811926+00:00,DJI,ranging,125,False,0.0,0,,,,0.017,2,1.3,1.0,mut-28bf02,1784827628.5364316,True,
2026-07-27T17:46:49.545431+00:00,RUT,ranging,125,False,-0.0154,2,-3.334,0.0,0.01,0.0187,2,1.663,1.0,mut-71c912,1784688870.3744597,True,
2026-07-27T17:46:53.474248+00:00,VIX,high_volatility,126,False,-0.0269,6,-0.495,0.167,0.025,,,,,,,True,
2026-07-27T17:46:58.396274+00:00,FTSE,trending_up,126,False,-0.0025,4,-0.061,0.5,0.0199,0.0103,3,0.33,0.667,mut-1f332c,1784382988.2949674,True,
2026-07-27T17:47:03.240355+00:00,DAX,trending_up,127,False,0.0,0,,,,0.0009,1,0.0,1.0,mut-fe507e,1784914959.8482764,True,
2026-07-27T17:47:08.394087+00:00,CAC40,ranging,127,False,-0.0068,4,-0.166,0.25,0.0199,0.0141,2,0.89,0.5,mut-b9b556,1784630003.5888314,True,
2026-07-27T17:47:13.181481+00:00,NIKKEI,high_volatility,121,False,0.0049,2,0.195,0.5,0.01,0.0244,3,0.828,0.667,mut-c1d5a1,1783914987.901319,True,
2026-07-27T17:47:18.021550+00:00,HSI,high_volatility,119,False,-0.0462,6,-1.634,0.167,0.049,0.0352,4,0.792,0.75,mut-744d4e,1783955409.693752,True,
2026-07-27T17:47:21.981427+00:00,SENSEX,ranging,122,False,-0.0274,4,-1.303,0.25,0.0297,0.001,3,0.03,0.333,mut-dddd39,1784038554.1117454,True,
2026-07-27T17:47:26.050116+00:00,ASX200,ranging,126,False,-0.0074,2,-0.582,0.5,0.01,,,,,,,True,
2026-07-27T17:47:30.284159+00:00,AAPL,high_volatility,125,False,0.0,0,,,,0.01,5,0.179,0.6,mut-98c72c,1784086472.9613838,True,
2026-07-27T17:47:34.481706+00:00,MSFT,high_volatility,125,False,0.0,0,,,,0.0367,6,0.526,0.667,mut-ad0f70,1784230939.7517087,True,
2026-07-27T17:47:39.317748+00:00,NVDA,high_volatility,125,False,-0.0148,3,-0.691,0.333,0.0199,0.0128,2,0.74,0.5,mut-361ee8,1784059084.653737,True,
2026-07-27T17:47:44.331704+00:00,GOOGL,high_volatility,125,False,-0.0192,5,-0.4,0.2,0.0199,0.0229,2,3.208,1.0,mut-bf5889,1784776571.9995205,True,
2026-07-27T17:47:49.250401+00:00,AMZN,high_volatility,125,False,0.0,0,,,,0.025,2,5.016,1.0,imm-5ecbb6,1784948103.51404,True,
2026-07-27T17:47:53.636307+00:00,META,high_volatility,125,False,0.0,0,,,,0.0191,4,0.44,0.5,mut-c58e56,1784059191.2592885,True,
2026-07-27T17:47:57.686528+00:00,TSLA,high_volatility,125,False,-0.0216,6,-0.384,0.333,0.0394,0.0236,4,0.569,0.75,mut-842635,1783887921.345828,True,
2026-07-27T17:48:01.758766+00:00,BRKB,ranging,125,False,0.0,0,,,,0.0135,4,0.287,0.5,mut-041f22,1784345776.6689901,True,
2026-07-27T17:48:06.889588+00:00,LLY,high_volatility,125,False,0.0146,4,0.314,0.5,0.01,0.0385,5,0.756,0.8,mut-5648c7,1784363164.0287595,True,
2026-07-27T17:48:11.703243+00:00,V,trending_up,125,False,-0.0285,7,-0.425,0.286,0.049,0.0391,5,0.784,0.8,mut-1b8e6f,1785174490.8748248,True,
2026-07-27T17:48:15.724703+00:00,JPM,high_volatility,125,False,-0.0199,2,-199.0,0.0,0.0199,0.0242,4,0.59,0.75,mut-122f52,1784948127.7995868,True,
2026-07-28T02:44:53.029733+00:00,EURUSD,ranging,130,False,0.0304,3,1.445,1.0,0.0,0.0214,2,2.499,1.0,mut-9ac3c3,1784827527.8572602,True,
2026-07-28T02:44:57.602660+00:00,GBPUSD,ranging,130,True,0.0127,3,0.401,0.667,0.01,0.0127,3,0.401,0.667,mut-919d11,1785206697.4629574,True,
2026-07-28T02:45:01.449125+00:00,USDJPY,ranging,130,False,0.0378,4,0.944,0.75,0.0,0.0436,3,18.115,1.0,mut-84bada,1784629717.863137,True,
2026-07-28T02:45:06.126789+00:00,AUDUSD,ranging,130,False,-0.0166,5,-0.344,0.2,0.0199,0.0149,2,0.982,0.5,mut-fa41af,1784230005.7182124,True,
2026-07-28T02:45:10.060013+00:00,USDCAD,ranging,130,False,0.0316,3,1.633,1.0,0.0,0.0424,4,1.321,0.75,mut-fd7afd,1784124334.4320092,True,
2026-07-28T02:45:14.833622+00:00,USDCHF,trending_up,130,False,0.0348,3,2.328,1.0,0.0,0.0451,3,108.416,1.0,mut-4ad71b,1783971987.3191102,True,
2026-07-28T02:45:18.679579+00:00,NZDUSD,ranging,130,False,-0.0467,5,-9.24,0.0,0.0394,0.0136,2,0.824,0.5,mut-3fcd3d,1783999337.5030158,True,
2026-07-28T02:45:22.622010+00:00,EURGBP,ranging,130,True,0.0254,3,0.898,0.667,0.0,0.0254,3,0.898,0.667,imm-92157b,1785206722.4969003,True,
2026-07-28T02:45:26.649337+00:00,EURJPY,ranging,130,False,0.0,0,,,,0.0049,2,0.193,0.5,mut-74bdf5,1785122908.0481284,True,
2026-07-28T02:45:30.595571+00:00,GBPJPY,trending_up,130,True,0.0229,2,3.217,1.0,0.0,0.0229,2,3.217,1.0,mut-77d37f,1785206730.4693725,True,
2026-07-28T02:45:35.176916+00:00,XAUUSD,high_volatility,125,False,-0.0178,5,-0.375,0.2,0.0297,0.023,2,3.283,1.0,mut-aef8ad,1784888561.9697459,True,
2026-07-28T02:45:39.929319+00:00,USOIL,high_volatility,125,False,-0.013,4,-0.308,0.25,0.0199,0.0203,2,2.087,1.0,mut-44fc90,1783821407.0754356,True,
2026-07-28T02:45:44.211953+00:00,BTCUSD,high_volatility,181,False,0.0216,4,0.518,0.75,0.01,0.0607,5,1.893,0.8,mut-785457,1783821498.0682824,True,
2026-07-28T02:45:50.472523+00:00,ETHUSD,high_volatility,181,False,0.0073,6,0.104,0.5,0.0297,0.0338,5,0.629,0.6,imm-7ac82e,1784277230.6638775,True,
2026-07-28T02:45:56.795666+00:00,SOLUSD,high_volatility,181,True,0.0223,4,0.53,0.75,0.01,0.0223,4,0.53,0.75,mut-db8220,1785206756.6628072,True,
2026-07-28T02:46:02.685718+00:00,XRPUSD,high_volatility,181,False,0.0155,5,0.272,0.6,0.0199,0.0376,5,0.738,0.8,mut-eb4a78,1785174380.1173518,True,
2026-07-28T02:46:08.312070+00:00,BNBUSD,high_volatility,181,False,0.0213,4,0.509,0.75,0.01,0.0213,4,0.509,0.75,init-ed6e0c,1785206767.0475347,True,
2026-07-28T02:46:13.944200+00:00,ADAUSD,high_volatility,181,False,0.0138,9,0.124,0.444,0.0297,0.0423,7,0.532,0.714,mut-f33301,1784230567.3072674,True,
2026-07-28T02:46:18.635582+00:00,SPX,ranging,124,False,0.0,0,,,,0.004,1,0.0,1.0,mut-a5176c,1784861666.493881,True,
2026-07-28T02:46:23.510355+00:00,NASDAQ,trending_down,124,False,-0.0244,4,-0.925,0.25,0.0297,,,,,,,True,
2026-07-28T02:46:27.518945+00:00,DJI,ranging,124,False,0.0,0,,,,0.017,2,1.3,1.0,mut-28bf02,1784827628.5364316,True,
2026-07-28T02:46:32.303668+00:00,RUT,ranging,124,False,0.0,0,,,,0.0187,2,1.663,1.0,mut-71c912,1784688870.3744597,True,
2026-07-28T02:46:36.927906+00:00,VIX,high_volatility,126,False,-0.0254,6,-0.463,0.167,0.025,,,,,,,True,
2026-07-28T02:46:41.718470+00:00,FTSE,trending_up,126,False,-0.0025,4,-0.061,0.5,0.0199,0.0103,3,0.33,0.667,mut-1f332c,1784382988.2949674,True,
2026-07-28T02:46:46.380086+00:00,DAX,trending_up,127,False,-0.0128,3,-0.533,0.333,0.0199,0.0009,1,0.0,1.0,mut-fe507e,1784914959.8482764,True,
2026-07-28T02:46:50.592753+00:00,CAC40,ranging,127,False,-0.0352,4,-4.6,0.0,0.0297,0.0141,2,0.89,0.5,mut-b9b556,1784630003.5888314,True,
2026-07-28T02:46:54.588741+00:00,NIKKEI,high_volatility,122,False,-0.0585,7,-2.447,0.0,0.0585,0.0244,3,0.828,0.667,mut-c1d5a1,1783914987.901319,True,
2026-07-28T02:46:58.565912+00:00,HSI,high_volatility,120,False,0.0067,4,0.142,0.5,0.01,0.0352,4,0.792,0.75,mut-744d4e,1783955409.693752,True,
2026-07-28T02:47:02.484968+00:00,SENSEX,ranging,122,False,-0.0098,2,-0.964,0.5,0.01,0.001,3,0.03,0.333,mut-dddd39,1784038554.1117454,True,
2026-07-28T02:47:06.415186+00:00,ASX200,trending_up,127,False,-0.0266,4,-1.185,0.25,0.0297,,,,,,,True,
2026-07-28T02:47:10.442081+00:00,AAPL,high_volatility,124,False,-0.0231,6,-0.406,0.333,0.0394,0.01,5,0.179,0.6,mut-98c72c,1784086472.9613838,True,
2026-07-28T02:47:15.271144+00:00,MSFT,high_volatility,124,False,0.0,0,,,,0.0367,6,0.526,0.667,mut-ad0f70,1784230939.7517087,True,
2026-07-28T02:47:20.063253+00:00,NVDA,high_volatility,124,False,0.0065,3,0.212,0.667,0.01,0.0128,2,0.74,0.5,mut-361ee8,1784059084.653737,True,
2026-07-28T02:47:24.788849+00:00,GOOGL,high_volatility,124,False,0.0,0,,,,0.0229,2,3.208,1.0,mut-bf5889,1784776571.9995205,True,
2026-07-28T02:47:29.587498+00:00,AMZN,high_volatility,124,False,-0.0134,5,-0.271,0.4,0.0199,0.025,2,5.016,1.0,imm-5ecbb6,1784948103.51404,True,
2026-07-28T02:47:33.678290+00:00,META,high_volatility,124,False,0.0037,4,0.083,0.5,0.01,0.0191,4,0.44,0.5,mut-c58e56,1784059191.2592885,True,
2026-07-28T02:47:37.735631+00:00,TSLA,high_volatility,124,False,-0.0219,6,-0.391,0.333,0.0394,0.0236,4,0.569,0.75,mut-842635,1783887921.345828,True,
2026-07-28T02:47:41.853580+00:00,BRKB,ranging,124,False,0.0,0,,,,0.0135,4,0.287,0.5,mut-041f22,1784345776.6689901,True,
2026-07-28T02:47:46.810327+00:00,LLY,high_volatility,124,False,0.0254,4,0.612,0.75,0.01,0.0385,5,0.756,0.8,mut-5648c7,1784363164.0287595,True,
2026-07-28T02:47:50.941311+00:00,V,trending_up,124,False,-0.025,5,-0.5,0.2,0.0394,0.0391,5,0.784,0.8,mut-1b8e6f,1785174490.8748248,True,
2026-07-28T02:47:55.663137+00:00,JPM,high_volatility,124,False,-0.01,1,0.0,0.0,0.01,0.0262,4,0.643,0.75,mut-a2b055,1785206874.9260452,True,
2026-07-28T10:38:57.080392+00:00,EURUSD,ranging,130,False,0.0315,3,1.609,1.0,0.0,0.0214,2,2.499,1.0,mut-9ac3c3,1784827527.8572602,True,
2026-07-28T10:39:00.974951+00:00,GBPUSD,ranging,130,False,-0.0033,4,-0.079,0.5,0.0199,0.0127,3,0.401,0.667,mut-919d11,1785206697.4629574,True,
2026-07-28T10:39:05.643257+00:00,USDJPY,ranging,130,False,0.0,0,,,,0.0436,3,18.115,1.0,mut-84bada,1784629717.863137,True,
2026-07-28T10:39:10.442972+00:00,AUDUSD,ranging,130,False,0.0,0,,,,0.0149,2,0.982,0.5,mut-fa41af,1784230005.7182124,True,
2026-07-28T10:39:15.255114+00:00,USDCAD,ranging,130,False,0.0314,3,1.587,1.0,0.0,0.0424,4,1.321,0.75,mut-fd7afd,1784124334.4320092,True,
2026-07-28T10:39:19.397660+00:00,USDCHF,trending_up,130,False,0.0358,3,2.653,1.0,0.0,0.0451,3,108.416,1.0,mut-4ad71b,1783971987.3191102,True,
2026-07-28T10:39:24.199515+00:00,NZDUSD,ranging,130,False,-0.0292,4,-1.611,0.25,0.0297,0.0136,2,0.824,0.5,mut-3fcd3d,1783999337.5030158,True,
2026-07-28T10:39:28.953955+00:00,EURGBP,ranging,130,True,0.0254,3,0.902,0.667,0.0,0.0254,3,0.902,0.667,mut-3d8cf0,1785235168.8285105,True,
2026-07-28T10:39:33.025025+00:00,EURJPY,ranging,130,False,0.0,0,,,,0.0049,2,0.193,0.5,mut-74bdf5,1785122908.0481284,True,
2026-07-28T10:39:37.695827+00:00,GBPJPY,trending_up,130,False,0.0229,2,3.255,1.0,0.0,0.0229,2,3.255,1.0,mut-d6cd5f,1785235176.9093206,True,
2026-07-28T10:39:42.515979+00:00,XAUUSD,high_volatility,125,False,0.0339,5,0.635,0.6,0.01,0.023,2,3.283,1.0,mut-aef8ad,1784888561.9697459,True,
2026-07-28T10:39:47.277555+00:00,USOIL,high_volatility,125,False,0.0114,5,0.202,0.6,0.01,0.0203,2,2.087,1.0,mut-44fc90,1783821407.0754356,True,
2026-07-28T10:39:53.074547+00:00,BTCUSD,high_volatility,182,False,0.0208,4,0.496,0.75,0.01,0.0607,5,1.893,0.8,mut-785457,1783821498.0682824,True,
2026-07-28T10:39:58.001731+00:00,ETHUSD,high_volatility,182,False,0.0,0,,,,0.0338,5,0.629,0.6,imm-7ac82e,1784277230.6638775,True,
2026-07-28T10:40:03.962394+00:00,SOLUSD,high_volatility,182,False,0.0223,4,0.53,0.75,0.01,0.0223,4,0.53,0.75,mut-db8220,1785206756.6628072,True,
2026-07-28T10:40:09.705997+00:00,XRPUSD,high_volatility,182,False,0.0,0,,,,0.0376,5,0.738,0.8,mut-eb4a78,1785174380.1173518,True,
2026-07-28T10:40:15.667867+00:00,BNBUSD,high_volatility,182,False,0.0,0,,,,0.0213,4,0.509,0.75,init-ed6e0c,1785206767.0475347,True,
2026-07-28T10:40:21.449565+00:00,ADAUSD,high_volatility,182,False,0.015,9,0.135,0.444,0.0297,0.0435,5,0.874,0.8,mut-a36803,1785235220.1110218,True,
2026-07-28T10:40:26.165306+00:00,SPX,ranging,123,False,0.0,0,,,,0.004,1,0.0,1.0,mut-a5176c,1784861666.493881,True,
2026-07-28T10:40:31.028236+00:00,NASDAQ,trending_down,123,False,0.0,0,,,,,,,,,,True,
2026-07-28T10:40:35.232388+00:00,DJI,ranging,123,False,0.0,0,,,,0.017,2,1.3,1.0,mut-28bf02,1784827628.5364316,True,
2026-07-28T10:40:40.179607+00:00,RUT,ranging,123,False,0.0,0,,,,0.0187,2,1.663,1.0,mut-71c912,1784688870.3744597,True,
2026-07-28T10:40:44.864749+00:00,VIX,high_volatility,125,False,-0.0091,5,-0.175,0.4,0.0199,,,,,,,True,
2026-07-28T10:40:49.574815+00:00,FTSE,trending_up,125,False,-0.0245,4,-0.94,0.25,0.0297,0.0103,3,0.33,0.667,mut-1f332c,1784382988.2949674,True,
2026-07-28T10:40:54.289363+00:00,DAX,trending_up,126,False,-0.0182,3,-1.104,0.333,0.0199,0.0009,1,0.0,1.0,mut-fe507e,1784914959.8482764,True,
2026-07-28T10:40:59.221408+00:00,CAC40,ranging,126,False,-0.037,4,-8.343,0.0,0.0297,0.0141,2,0.89,0.5,mut-b9b556,1784630003.5888314,True,
2026-07-28T10:41:03.989230+00:00,NIKKEI,high_volatility,121,False,-0.0149,3,-0.706,0.333,0.0199,0.0244,3,0.828,0.667,mut-c1d5a1,1783914987.901319,True,
2026-07-28T10:41:08.780471+00:00,HSI,high_volatility,119,False,-0.038,8,-0.53,0.25,0.0444,0.0352,4,0.792,0.75,mut-744d4e,1783955409.693752,True,
2026-07-28T10:41:13.388061+00:00,SENSEX,ranging,121,False,-0.0298,4,-1.747,0.0,0.0297,0.001,3,0.03,0.333,mut-dddd39,1784038554.1117454,True,
2026-07-28T10:41:18.104416+00:00,ASX200,trending_up,126,False,-0.0282,5,-0.669,0.2,0.0394,,,,,,,True,
2026-07-28T10:41:22.276589+00:00,AAPL,high_volatility,124,False,0.0,0,,,,0.01,5,0.179,0.6,mut-98c72c,1784086472.9613838,True,
2026-07-28T10:41:27.069093+00:00,MSFT,high_volatility,124,False,-0.0428,5,-3.326,0.0,0.0394,0.0367,6,0.526,0.667,mut-ad0f70,1784230939.7517087,True,
2026-07-28T10:41:31.907116+00:00,NVDA,high_volatility,124,False,0.0,0,,,,0.0128,2,0.74,0.5,mut-361ee8,1784059084.653737,True,
2026-07-28T10:41:36.719567+00:00,GOOGL,high_volatility,124,False,0.0055,5,0.095,0.4,0.0199,0.0229,2,3.208,1.0,mut-bf5889,1784776571.9995205,True,
2026-07-28T10:41:41.608551+00:00,AMZN,high_volatility,124,False,-0.0134,5,-0.271,0.4,0.0199,0.025,2,5.016,1.0,imm-5ecbb6,1784948103.51404,True,
2026-07-28T10:41:45.731029+00:00,META,high_volatility,124,False,0.0037,4,0.083,0.5,0.01,0.0191,4,0.44,0.5,mut-c58e56,1784059191.2592885,True,
2026-07-28T10:41:49.758759+00:00,TSLA,high_volatility,124,False,0.0231,4,0.557,0.75,0.01,0.0236,4,0.569,0.75,mut-842635,1783887921.345828,True,
2026-07-28T10:41:53.792633+00:00,BRKB,ranging,124,False,0.0,0,,,,0.0135,4,0.287,0.5,mut-041f22,1784345776.6689901,True,
2026-07-28T10:41:58.781729+00:00,LLY,high_volatility,124,False,0.0254,4,0.612,0.75,0.01,0.0385,5,0.756,0.8,mut-5648c7,1784363164.0287595,True,
2026-07-28T10:42:02.999450+00:00,V,trending_up,124,False,-0.0289,7,-0.433,0.286,0.049,0.0391,5,0.784,0.8,mut-1b8e6f,1785174490.8748248,True,
2026-07-28T10:42:07.772487+00:00,JPM,high_volatility,124,False,-0.0335,5,-1.063,0.2,0.0394,0.0262,4,0.643,0.75,mut-a2b055,1785206874.9260452,True,
2026-07-28T17:37:47.692062+00:00,EURUSD,ranging,130,False,0.0287,3,1.222,0.667,0.0,0.0214,2,2.499,1.0,mut-9ac3c3,1784827527.8572602,True,
2026-07-28T17:37:51.671476+00:00,GBPUSD,ranging,130,False,-0.0047,4,-0.113,0.5,0.0199,0.0127,3,0.401,0.667,mut-919d11,1785206697.4629574,True,
2026-07-28T17:37:56.423462+00:00,USDJPY,ranging,130,False,0.0,0,,,,0.0436,3,18.115,1.0,mut-84bada,1784629717.863137,True,
2026-07-28T17:38:01.226444+00:00,AUDUSD,ranging,130,False,-0.0189,3,-1.225,0.333,0.0199,0.0149,2,0.982,0.5,mut-fa41af,1784230005.7182124,True,
2026-07-28T17:38:05.351537+00:00,USDCAD,ranging,130,False,0.0105,2,0.541,0.5,0.0,0.0424,4,1.321,0.75,mut-fd7afd,1784124334.4320092,True,
2026-07-28T17:38:10.216592+00:00,USDCHF,trending_up,130,False,0.0336,3,2.018,1.0,0.0,0.0451,3,108.416,1.0,mut-4ad71b,1783971987.3191102,True,
2026-07-28T17:38:14.295192+00:00,NZDUSD,ranging,130,False,-0.0357,4,-5.222,0.0,0.0297,0.0136,2,0.824,0.5,mut-3fcd3d,1783999337.5030158,True,
2026-07-28T17:38:19.070015+00:00,EURGBP,ranging,130,False,0.0097,4,0.192,0.5,0.0199,0.0254,3,0.902,0.667,mut-3d8cf0,1785235168.8285105,True,
2026-07-28T17:38:23.106263+00:00,EURJPY,ranging,130,False,-0.0141,4,-0.331,0.25,0.01,0.0049,2,0.193,0.5,mut-74bdf5,1785122908.0481284,True,
2026-07-28T17:38:27.869165+00:00,GBPJPY,trending_up,130,False,0.0234,2,3.544,1.0,0.0,0.0234,2,3.544,1.0,mut-e6e38b,1785260307.1083846,True,
2026-07-28T17:38:32.608726+00:00,XAUUSD,high_volatility,125,False,0.0329,5,0.609,0.6,0.01,0.023,2,3.283,1.0,mut-aef8ad,1784888561.9697459,True,
2026-07-28T17:38:37.382802+00:00,USOIL,high_volatility,125,False,0.0048,5,0.083,0.4,0.01,0.0203,2,2.087,1.0,mut-44fc90,1783821407.0754356,True,
2026-07-28T17:38:43.375225+00:00,BTCUSD,high_volatility,182,False,0.0198,4,0.465,0.5,0.01,0.0607,5,1.893,0.8,mut-785457,1783821498.0682824,True,
2026-07-28T17:38:48.458006+00:00,ETHUSD,high_volatility,182,False,0.0001,7,0.001,0.429,0.0297,0.0338,5,0.629,0.6,imm-7ac82e,1784277230.6638775,True,
2026-07-28T17:38:54.284827+00:00,SOLUSD,high_volatility,182,False,0.0018,5,0.03,0.4,0.0199,0.0223,4,0.53,0.75,mut-db8220,1785206756.6628072,True,
2026-07-28T17:39:00.120599+00:00,XRPUSD,high_volatility,182,False,0.0338,5,0.633,0.6,0.01,0.0376,5,0.738,0.8,mut-eb4a78,1785174380.1173518,True,
2026-07-28T17:39:06.047779+00:00,BNBUSD,high_volatility,182,False,-0.0242,6,-0.442,0.333,0.0394,0.0213,4,0.509,0.75,init-ed6e0c,1785206767.0475347,True,
2026-07-28T17:39:11.856763+00:00,ADAUSD,high_volatility,182,False,0.0158,9,0.143,0.444,0.0297,0.0435,5,0.874,0.8,mut-a36803,1785235220.1110218,True,
2026-07-28T17:39:16.709383+00:00,SPX,ranging,125,False,-0.0162,3,-0.836,0.333,0.0199,0.004,1,0.0,1.0,mut-a5176c,1784861666.493881,True,
2026-07-28T17:39:20.891587+00:00,NASDAQ,trending_down,125,False,-0.0243,4,-0.918,0.25,0.0297,,,,,,,True,
2026-07-28T17:39:25.104160+00:00,DJI,trending_up,125,False,0.0,0,,,,0.0277,4,0.672,0.75,mut-624c36,1784211929.5001988,True,
2026-07-28T17:39:30.098085+00:00,RUT,ranging,125,False,0.0,0,,,,0.0187,2,1.663,1.0,mut-71c912,1784688870.3744597,True,
2026-07-28T17:39:35.052418+00:00,VIX,high_volatility,126,False,0.0,0,,,,,,,,,,True,
2026-07-28T17:39:39.165660+00:00,FTSE,trending_up,126,False,-0.0052,4,-0.129,0.25,0.0199,0.0103,3,0.33,0.667,mut-1f332c,1784382988.2949674,True,
2026-07-28T17:39:43.410918+00:00,DAX,trending_up,127,False,0.0,0,,,,0.0009,1,0.0,1.0,mut-fe507e,1784914959.8482764,True,
2026-07-28T17:39:48.514560+00:00,CAC40,trending_up,127,False,-0.0065,2,-0.479,0.5,0.01,0.0095,1,0.0,1.0,mut-c37df1,1785151776.1300797,True,
2026-07-28T17:39:52.579473+00:00,NIKKEI,high_volatility,121,False,-0.0221,3,-2.023,0.0,0.0199,0.0244,3,0.828,0.667,mut-c1d5a1,1783914987.901319,True,
2026-07-28T17:39:56.655749+00:00,HSI,high_volatility,119,False,0.009,7,0.107,0.429,0.0199,0.0352,4,0.792,0.75,mut-744d4e,1783955409.693752,True,
2026-07-28T17:40:01.348379+00:00,SENSEX,ranging,122,False,-0.0279,4,-1.38,0.25,0.0297,0.001,3,0.03,0.333,mut-dddd39,1784038554.1117454,True,
2026-07-28T17:40:05.545822+00:00,ASX200,trending_up,126,False,-0.0154,3,-0.749,0.333,0.0199,,,,,,,True,
2026-07-28T17:40:09.980370+00:00,AAPL,high_volatility,125,False,0.0,0,,,,0.01,5,0.179,0.6,mut-98c72c,1784086472.9613838,True,
2026-07-28T17:40:14.897036+00:00,MSFT,high_volatility,125,False,0.0156,7,0.19,0.571,0.0199,0.0367,6,0.526,0.667,mut-ad0f70,1784230939.7517087,True,
2026-07-28T17:40:19.704859+00:00,NVDA,high_volatility,125,False,-0.0009,4,-0.021,0.5,0.01,0.0128,2,0.74,0.5,mut-361ee8,1784059084.653737,True,
2026-07-28T17:40:24.632965+00:00,GOOGL,high_volatility,125,False,0.0016,5,0.026,0.4,0.01,0.0229,2,3.208,1.0,mut-bf5889,1784776571.9995205,True,
2026-07-28T17:40:29.621812+00:00,AMZN,high_volatility,125,False,-0.014,5,-0.285,0.4,0.0199,0.025,2,5.016,1.0,imm-5ecbb6,1784948103.51404,True,
2026-07-28T17:40:33.900055+00:00,META,high_volatility,125,False,0.0,0,,,,0.0191,4,0.44,0.5,mut-c58e56,1784059191.2592885,True,
2026-07-28T17:40:38.103582+00:00,TSLA,high_volatility,125,False,-0.0014,4,-0.035,0.5,0.0199,0.0236,4,0.569,0.75,mut-842635,1783887921.345828,True,
2026-07-28T17:40:42.343549+00:00,BRKB,trending_up,125,False,-0.0199,2,-199.0,0.0,0.0199,0.0107,2,0.551,0.5,mut-b3b3f6,1783888008.384338,True,
2026-07-28T17:40:47.456972+00:00,LLY,high_volatility,125,False,-0.0071,5,-0.134,0.4,0.0199,0.0385,5,0.756,0.8,mut-5648c7,1784363164.0287595,True,
2026-07-28T17:40:52.407138+00:00,V,trending_up,125,False,-0.01,1,0.0,0.0,0.01,0.0391,5,0.784,0.8,mut-1b8e6f,1785174490.8748248,True,
2026-07-28T17:40:56.676840+00:00,JPM,high_volatility,125,False,-0.01,1,0.0,0.0,0.01,0.0262,4,0.643,0.75,mut-a2b055,1785206874.9260452,True,
2026-07-29T02:51:57.374871+00:00,EURUSD,ranging,130,False,0.0138,2,0.852,0.5,0.0,0.0214,2,2.499,1.0,mut-9ac3c3,1784827527.8572602,True,
2026-07-29T02:52:01.872916+00:00,GBPUSD,ranging,130,False,0.0,0,,,,0.0128,3,0.403,0.667,mut-e9d0f7,1785293521.134482,True,
2026-07-29T02:52:05.603184+00:00,USDJPY,ranging,130,False,0.0379,4,0.948,0.75,0.0,0.0436,3,18.115,1.0,mut-84bada,1784629717.863137,True,
2026-07-29T02:52:09.917088+00:00,AUDUSD,ranging,130,True,0.0194,2,1.817,1.0,0.0,0.0194,2,1.817,1.0,mut-c2fe47,1785293529.8173544,True,
2026-07-29T02:52:14.144014+00:00,USDCAD,ranging,130,False,0.0096,2,0.472,0.5,0.0,0.0424,4,1.321,0.75,mut-fd7afd,1784124334.4320092,True,
2026-07-29T02:52:17.904509+00:00,USDCHF,trending_up,130,False,-0.0222,4,-0.734,0.25,0.0297,0.0451,3,108.416,1.0,mut-4ad71b,1783971987.3191102,True,
2026-07-29T02:52:22.274323+00:00,NZDUSD,ranging,130,False,-0.0031,4,-0.076,0.5,0.01,0.0136,2,0.824,0.5,mut-3fcd3d,1783999337.5030158,True,
2026-07-29T02:52:26.798587+00:00,EURGBP,ranging,130,True,0.0261,3,0.955,0.667,0.0,0.0261,3,0.955,0.667,mut-d79b3b,1785293546.6318307,True,
2026-07-29T02:52:30.532985+00:00,EURJPY,ranging,130,False,-0.0064,3,-0.192,0.333,0.0199,0.0049,2,0.193,0.5,mut-74bdf5,1785122908.0481284,True,
2026-07-29T02:52:35.107907+00:00,GBPJPY,ranging,130,False,-0.0037,4,-0.09,0.5,0.0199,0.0008,4,0.02,0.5,mut-2269fc,1784038083.5193317,True,
2026-07-29T02:52:39.469089+00:00,XAUUSD,high_volatility,125,False,0.033,5,0.611,0.6,0.01,0.023,2,3.283,1.0,mut-aef8ad,1784888561.9697459,True,
2026-07-29T02:52:43.819473+00:00,USOIL,high_volatility,125,False,0.0093,5,0.165,0.4,0.01,0.0203,2,2.087,1.0,mut-44fc90,1783821407.0754356,True,
2026-07-29T02:52:48.293425+00:00,BTCUSD,high_volatility,181,False,0.0,0,,,,0.0607,5,1.893,0.8,mut-785457,1783821498.0682824,True,
2026-07-29T02:52:53.885788+00:00,ETHUSD,high_volatility,181,False,0.0,0,,,,0.0338,5,0.629,0.6,imm-7ac82e,1784277230.6638775,True,
2026-07-29T02:52:59.060887+00:00,SOLUSD,high_volatility,181,False,0.0011,5,0.017,0.4,0.0199,0.0223,4,0.53,0.75,mut-db8220,1785206756.6628072,True,
2026-07-29T02:53:03.347555+00:00,XRPUSD,high_volatility,181,False,0.0,0,,,,0.0376,5,0.738,0.8,mut-eb4a78,1785174380.1173518,True,
2026-07-29T02:53:09.417614+00:00,BNBUSD,high_volatility,181,False,0.0,0,,,,0.0213,4,0.509,0.75,init-ed6e0c,1785206767.0475347,True,
2026-07-29T02:53:14.647286+00:00,ADAUSD,high_volatility,181,False,0.0,0,,,,0.0435,5,0.874,0.8,mut-a36803,1785235220.1110218,True,
2026-07-29T02:53:18.955066+00:00,SPX,ranging,123,False,-0.0324,4,-2.596,0.0,0.0297,0.004,1,0.0,1.0,mut-a5176c,1784861666.493881,True,
2026-07-29T02:53:23.583452+00:00,NASDAQ,trending_down,123,False,-0.0239,4,-0.883,0.25,0.0297,,,,,,,True,
2026-07-29T02:53:27.525989+00:00,DJI,trending_up,123,False,0.0,0,,,,0.0277,4,0.672,0.75,mut-624c36,1784211929.5001988,True,
2026-07-29T02:53:32.115681+00:00,RUT,ranging,123,False,0.0,0,,,,0.0187,2,1.663,1.0,mut-71c912,1784688870.3744597,True,
2026-07-29T02:53:36.571807+00:00,VIX,high_volatility,125,False,0.0,0,,,,,,,,,,True,
2026-07-29T02:53:40.402172+00:00,FTSE,trending_up,124,False,-0.0025,4,-0.061,0.5,0.0199,0.0103,3,0.33,0.667,mut-1f332c,1784382988.2949674,True,
2026-07-29T02:53:44.299580+00:00,DAX,trending_up,125,True,0.0049,2,0.195,0.5,0.01,0.0049,2,0.195,0.5,mut-0f9540,1785293624.182292,True,
2026-07-29T02:53:48.807881+00:00,CAC40,ranging,125,False,-0.0352,4,-4.6,0.0,0.0297,0.0141,2,0.89,0.5,mut-b9b556,1784630003.5888314,True,
2026-07-29T02:53:52.608120+00:00,NIKKEI,high_volatility,120,False,-0.0229,4,-0.79,0.25,0.0297,0.0244,3,0.828,0.667,mut-c1d5a1,1783914987.901319,True,
2026-07-29T02:53:56.374373+00:00,HSI,high_volatility,118,False,-0.0341,8,-0.443,0.25,0.0444,0.0352,4,0.792,0.75,mut-744d4e,1783955409.693752,True,
2026-07-29T02:54:00.157586+00:00,SENSEX,ranging,120,False,-0.0199,2,-199.0,0.0,0.0199,0.001,3,0.03,0.333,mut-dddd39,1784038554.1117454,True,
2026-07-29T02:54:03.959845+00:00,ASX200,trending_up,125,False,-0.0297,3,-121.863,0.0,0.0297,,,,,,,True,
2026-07-29T02:54:08.530947+00:00,AAPL,high_volatility,124,False,0.0,0,,,,0.01,5,0.179,0.6,mut-98c72c,1784086472.9613838,True,
2026-07-29T02:54:12.611835+00:00,MSFT,ranging,124,True,0.0336,6,0.49,0.667,0.01,0.0336,6,0.49,0.667,mut-c1d1a2,1785293652.4775221,True,
2026-07-29T02:54:16.999161+00:00,NVDA,high_volatility,124,False,0.0117,3,0.377,0.667,0.01,0.0128,2,0.74,0.5,mut-361ee8,1784059084.653737,True,
2026-07-29T02:54:21.401681+00:00,GOOGL,high_volatility,124,False,0.0021,5,0.036,0.4,0.0199,0.0229,2,3.208,1.0,mut-bf5889,1784776571.9995205,True,
2026-07-29T02:54:25.328026+00:00,AMZN,high_volatility,124,False,0.0,0,,,,0.025,2,5.016,1.0,imm-5ecbb6,1784948103.51404,True,
2026-07-29T02:54:29.823855+00:00,META,high_volatility,124,False,0.0038,4,0.085,0.5,0.01,0.0191,4,0.44,0.5,mut-c58e56,1784059191.2592885,True,
2026-07-29T02:54:34.285241+00:00,TSLA,high_volatility,124,False,-0.0312,7,-0.499,0.286,0.049,0.0236,4,0.569,0.75,mut-842635,1783887921.345828,True,
2026-07-29T02:54:38.086635+00:00,BRKB,trending_up,124,False,-0.0111,3,-0.42,0.333,0.0199,0.0107,2,0.551,0.5,mut-b3b3f6,1783888008.384338,True,
2026-07-29T02:54:42.040407+00:00,LLY,high_volatility,124,False,0.0145,3,0.452,0.667,0.01,0.0385,5,0.756,0.8,mut-5648c7,1784363164.0287595,True,
2026-07-29T02:54:45.828722+00:00,V,trending_up,124,False,0.0159,3,0.486,0.667,0.01,0.0391,5,0.784,0.8,mut-1b8e6f,1785174490.8748248,True,
2026-07-29T02:54:50.367844+00:00,JPM,high_volatility,124,False,0.0,0,,,,0.0529,4,3.8,1.0,mut-1a805e,1785293689.6423478,True,
2026-07-29T10:42:14.444087+00:00,EURUSD,ranging,130,False,0.0142,2,0.896,0.5,0.0,0.0214,2,2.499,1.0,mut-9ac3c3,1784827527.8572602,True,
2026-07-29T10:42:19.154726+00:00,GBPUSD,ranging,130,False,0.0061,3,0.199,0.667,0.01,0.013,3,0.408,0.667,mut-5089ff,1785321738.3398762,True,
2026-07-29T10:42:23.990812+00:00,USDJPY,ranging,130,False,0.0381,4,0.965,0.75,0.0,0.0436,3,18.115,1.0,mut-84bada,1784629717.863137,True,
2026-07-29T10:42:28.730794+00:00,AUDUSD,ranging,130,False,0.0199,2,1.972,1.0,0.0,0.0199,2,1.972,1.0,mut-27bed2,1785321747.8686275,True,
2026-07-29T10:42:32.705423+00:00,USDCAD,ranging,130,False,0.0305,3,1.454,1.0,0.0,0.0424,4,1.321,0.75,mut-fd7afd,1784124334.4320092,True,
2026-07-29T10:42:36.741555+00:00,USDCHF,trending_up,130,False,-0.0204,4,-0.614,0.25,0.0297,0.0451,3,108.416,1.0,mut-4ad71b,1783971987.3191102,True,
2026-07-29T10:42:41.726123+00:00,NZDUSD,ranging,130,True,0.0146,2,0.951,0.5,0.0,0.0146,2,0.951,0.5,mut-9ac759,1785321761.60003,True,
2026-07-29T10:42:46.621020+00:00,EURGBP,ranging,130,False,0.0097,5,0.171,0.4,0.0199,0.0264,3,0.986,0.667,mut-1b86d7,1785321765.7143834,True,
2026-07-29T10:42:51.333832+00:00,EURJPY,ranging,130,False,-0.0071,3,-0.222,0.333,0.0199,0.0049,2,0.193,0.5,mut-74bdf5,1785122908.0481284,True,
2026-07-29T10:42:56.224980+00:00,GBPJPY,ranging,130,False,-0.0041,4,-0.102,0.5,0.0199,0.0008,4,0.02,0.5,mut-2269fc,1784038083.5193317,True,
2026-07-29T10:43:01.143413+00:00,XAUUSD,high_volatility,125,False,-0.0199,5,-0.414,0.2,0.0199,0.023,2,3.283,1.0,mut-aef8ad,1784888561.9697459,True,
2026-07-29T10:43:05.975525+00:00,USOIL,high_volatility,125,False,0.0006,4,0.014,0.5,0.0199,0.0203,2,2.087,1.0,mut-44fc90,1783821407.0754356,True,
2026-07-29T10:43:12.522660+00:00,BTCUSD,high_volatility,182,False,0.0,0,,,,0.0607,5,1.893,0.8,mut-785457,1783821498.0682824,True,
2026-07-29T10:43:17.289601+00:00,ETHUSD,high_volatility,182,False,0.0,0,,,,0.0338,5,0.629,0.6,imm-7ac82e,1784277230.6638775,True,
2026-07-29T10:43:23.206345+00:00,SOLUSD,high_volatility,182,False,0.0,0,,,,0.0223,4,0.53,0.75,mut-db8220,1785206756.6628072,True,
2026-07-29T10:43:29.258822+00:00,XRPUSD,high_volatility,182,False,0.0,0,,,,0.0376,5,0.738,0.8,mut-eb4a78,1785174380.1173518,True,
2026-07-29T10:43:34.336715+00:00,BNBUSD,high_volatility,182,False,0.0,0,,,,0.0213,4,0.509,0.75,init-ed6e0c,1785206767.0475347,True,
2026-07-29T10:43:40.349656+00:00,ADAUSD,high_volatility,182,False,0.0,0,,,,0.0435,5,0.874,0.8,mut-a36803,1785235220.1110218,True,
2026-07-29T10:43:45.107952+00:00,SPX,ranging,123,False,0.0,0,,,,0.004,1,0.0,1.0,mut-a5176c,1784861666.493881,True,
2026-07-29T10:43:49.973930+00:00,NASDAQ,ranging,123,False,nan,4,nan,0.0,0.0297,0.0177,11,0.132,0.455,mut-d84022,1783650806.8484473,True,
2026-07-29T10:43:54.697505+00:00,DJI,ranging,123,False,nan,2,nan,0.5,0.0,0.017,2,1.3,1.0,mut-28bf02,1784827628.5364316,True,
2026-07-29T10:43:59.360125+00:00,RUT,ranging,122,False,-0.0196,3,-1.345,0.333,0.0199,0.0187,2,1.663,1.0,mut-71c912,1784688870.3744597,True,
2026-07-29T10:44:04.141443+00:00,VIX,high_volatility,124,False,0.0,0,,,,,,,,,,True,
2026-07-29T10:44:08.112191+00:00,FTSE,trending_up,124,False,-0.0199,2,-199.0,0.0,0.0199,0.0103,3,0.33,0.667,mut-1f332c,1784382988.2949674,True,
2026-07-29T10:44:12.114350+00:00,DAX,trending_up,125,False,0.0,0,,,,0.0049,2,0.195,0.5,mut-0f9540,1785293624.182292,True,
2026-07-29T10:44:16.280588+00:00,CAC40,ranging,125,False,-0.0394,4,-88.999,0.0,0.0394,0.0141,2,0.89,0.5,mut-b9b556,1784630003.5888314,True,
2026-07-29T10:44:21.108365+00:00,NIKKEI,high_volatility,120,False,-0.0123,3,-0.495,0.333,0.0199,0.0244,3,0.828,0.667,mut-c1d5a1,1783914987.901319,True,
2026-07-29T10:44:25.833113+00:00,HSI,high_volatility,118,False,0.0146,7,0.181,0.429,0.0199,0.0352,4,0.792,0.75,mut-744d4e,1783955409.693752,True,
2026-07-29T10:44:29.867500+00:00,SENSEX,trending_up,120,False,-0.0199,2,-199.0,0.0,0.0199,,,,,,,True,
2026-07-29T10:44:33.939214+00:00,ASX200,trending_up,125,False,-0.018,4,-0.48,0.25,0.0297,,,,,,,True,
2026-07-29T10:44:38.128799+00:00,AAPL,ranging,124,False,nan,5,nan,0.2,0.0297,,,,,,,True,
2026-07-29T10:44:43.137689+00:00,MSFT,ranging,124,False,0.0,0,,,,0.0336,6,0.49,0.667,mut-c1d1a2,1785293652.4775221,True,
2026-07-29T10:44:47.938851+00:00,NVDA,ranging,124,False,nan,2,nan,0.0,0.01,,,,,,,True,
2026-07-29T10:44:52.680944+00:00,GOOGL,ranging,124,False,nan,3,nan,0.333,0.01,0.0097,4,0.195,0.5,init-394c9a,1785321891.8670652,True,
2026-07-29T10:44:56.843558+00:00,AMZN,ranging,124,False,0.0,0,,,,,,,,,,True,
2026-07-29T10:45:01.070148+00:00,META,ranging,124,False,nan,4,nan,0.25,0.01,,,,,,,True,
2026-07-29T10:45:05.917978+00:00,TSLA,ranging,124,False,nan,5,nan,0.4,0.01,,,,,,,True,
2026-07-29T10:45:09.909576+00:00,BRKB,ranging,124,False,0.0,0,,,,0.0135,4,0.287,0.5,mut-041f22,1784345776.6689901,True,
2026-07-29T10:45:14.120340+00:00,LLY,ranging,124,False,nan,3,nan,0.333,0.01,,,,,,,True,
2026-07-29T10:45:18.200775+00:00,V,ranging,124,False,nan,5,nan,0.0,0.0394,,,,,,,True,
2026-07-29T10:45:23.324483+00:00,JPM,ranging,124,False,0.0,0,,,,,,,,,,True,
2026-07-29T17:18:10.808517+00:00,EURUSD,ranging,130,False,0.014,2,0.874,0.5,0.0,0.0214,2,2.499,1.0,mut-9ac3c3,1784827527.8572602,True,
2026-07-29T17:18:15.677391+00:00,GBPUSD,ranging,130,False,0.0127,3,0.4,0.667,0.01,0.013,3,0.408,0.667,mut-5089ff,1785321738.3398762,True,
2026-07-29T17:18:19.839294+00:00,USDJPY,ranging,130,False,0.0371,4,0.9,0.75,0.0,0.0436,3,18.115,1.0,mut-84bada,1784629717.863137,True,
2026-07-29T17:18:24.898984+00:00,AUDUSD,ranging,130,True,0.0208,2,2.255,1.0,0.0,0.0208,2,2.255,1.0,mut-56a4e2,1785345504.775803,True,
2026-07-29T17:18:29.717452+00:00,USDCAD,ranging,130,False,-0.0034,2,-0.203,0.5,0.01,0.0424,4,1.321,0.75,mut-fd7afd,1784124334.4320092,True,
2026-07-29T17:18:33.978313+00:00,USDCHF,trending_up,130,False,-0.0206,4,-0.625,0.25,0.0297,0.0451,3,108.416,1.0,mut-4ad71b,1783971987.3191102,True,
2026-07-29T17:18:38.990235+00:00,NZDUSD,ranging,130,False,0.0046,3,0.149,0.333,0.01,0.0146,2,0.951,0.5,mut-9ac759,1785321761.60003,True,
2026-07-29T17:18:43.897767+00:00,EURGBP,ranging,130,False,-0.0363,4,-6.283,0.0,0.0297,0.0266,3,1.006,0.667,mut-22b6d1,1785345523.0752964,True,
2026-07-29T17:18:48.689795+00:00,EURJPY,ranging,130,False,-0.0142,4,-0.335,0.25,0.01,0.0049,2,0.193,0.5,mut-74bdf5,1785122908.0481284,True,
2026-07-29T17:18:53.807515+00:00,GBPJPY,ranging,130,False,0.0,0,,,,0.0008,4,0.02,0.5,mut-2269fc,1784038083.5193317,True,
2026-07-29T17:18:58.792571+00:00,XAUUSD,high_volatility,125,False,0.0239,4,0.572,0.75,0.01,0.023,2,3.283,1.0,mut-aef8ad,1784888561.9697459,True,
2026-07-29T17:19:03.882282+00:00,USOIL,high_volatility,125,False,-0.0094,5,-0.181,0.4,0.0297,0.0203,2,2.087,1.0,mut-44fc90,1783821407.0754356,True,
2026-07-29T17:19:09.151109+00:00,BTCUSD,high_volatility,182,False,0.0,0,,,,0.0607,5,1.893,0.8,mut-785457,1783821498.0682824,True,
2026-07-29T17:19:14.297427+00:00,ETHUSD,high_volatility,182,False,0.0,0,,,,0.0338,5,0.629,0.6,imm-7ac82e,1784277230.6638775,True,
2026-07-29T17:19:20.250857+00:00,SOLUSD,high_volatility,182,False,0.0203,5,0.345,0.6,0.0199,0.0223,4,0.53,0.75,mut-db8220,1785206756.6628072,True,
2026-07-29T17:19:24.992194+00:00,XRPUSD,high_volatility,182,False,0.0,0,,,,0.0376,5,0.738,0.8,mut-eb4a78,1785174380.1173518,True,
2026-07-29T17:19:30.049864+00:00,BNBUSD,high_volatility,182,False,0.0,0,,,,0.0213,4,0.509,0.75,init-ed6e0c,1785206767.0475347,True,
2026-07-29T17:19:36.126451+00:00,ADAUSD,high_volatility,182,False,0.0,0,,,,0.0435,5,0.874,0.8,mut-a36803,1785235220.1110218,True,
2026-07-29T17:19:41.098069+00:00,SPX,ranging,125,False,-0.0197,3,-1.369,0.333,0.0199,0.004,1,0.0,1.0,mut-a5176c,1784861666.493881,True,
2026-07-29T17:19:46.311955+00:00,NASDAQ,trending_down,125,False,-0.0229,4,-0.793,0.25,0.0297,,,,,,,True,
2026-07-29T17:19:50.457602+00:00,DJI,ranging,125,False,0.0,0,,,,0.017,2,1.3,1.0,mut-28bf02,1784827628.5364316,True,
2026-07-29T17:19:55.377756+00:00,RUT,ranging,125,False,-0.0223,3,-2.083,0.0,0.0199,0.0187,2,1.663,1.0,mut-71c912,1784688870.3744597,True,
2026-07-29T17:20:00.232748+00:00,VIX,high_volatility,126,False,-0.0269,6,-0.495,0.167,0.025,,,,,,,True,
2026-07-29T17:20:05.134379+00:00,FTSE,trending_up,126,False,-0.0072,5,-0.135,0.4,0.0199,0.0103,3,0.33,0.667,mut-1f332c,1784382988.2949674,True,
2026-07-29T17:20:09.471731+00:00,DAX,ranging,127,False,0.0012,6,0.018,0.5,0.0199,0.0064,3,0.206,0.667,mut-9657c6,1784212009.9277182,True,
2026-07-29T17:20:13.746667+00:00,CAC40,ranging,127,False,-0.0394,4,-88.999,0.0,0.0394,0.0141,2,0.89,0.5,mut-b9b556,1784630003.5888314,True,
2026-07-29T17:20:17.799592+00:00,NIKKEI,high_volatility,121,False,-0.0149,3,-0.706,0.333,0.0199,0.0244,3,0.828,0.667,mut-c1d5a1,1783914987.901319,True,
2026-07-29T17:20:22.764752+00:00,HSI,high_volatility,119,False,0.022,5,0.37,0.6,0.01,0.0352,4,0.792,0.75,mut-744d4e,1783955409.693752,True,
2026-07-29T17:20:26.910123+00:00,SENSEX,ranging,122,False,-0.0219,4,-0.713,0.25,0.0297,0.001,3,0.03,0.333,mut-dddd39,1784038554.1117454,True,
2026-07-29T17:20:32.017926+00:00,ASX200,trending_up,126,False,-0.0215,3,-1.823,0.0,0.0199,,,,,,,True,
2026-07-29T17:20:36.362874+00:00,AAPL,high_volatility,125,False,-0.0151,5,-0.316,0.2,0.0297,0.01,5,0.179,0.6,mut-98c72c,1784086472.9613838,True,
2026-07-29T17:20:41.631283+00:00,MSFT,ranging,125,False,0.0185,5,0.322,0.6,0.01,0.0336,6,0.49,0.667,mut-c1d1a2,1785293652.4775221,True,
2026-07-29T17:20:46.715917+00:00,NVDA,high_volatility,125,False,-0.0227,6,-0.402,0.333,0.025,0.0128,2,0.74,0.5,mut-361ee8,1784059084.653737,True,
2026-07-29T17:20:51.926029+00:00,GOOGL,high_volatility,125,False,-0.006,5,-0.11,0.4,0.0297,0.0229,2,3.208,1.0,mut-bf5889,1784776571.9995205,True,
2026-07-29T17:20:56.406521+00:00,AMZN,high_volatility,125,False,0.0,0,,,,0.025,2,5.016,1.0,imm-5ecbb6,1784948103.51404,True,
2026-07-29T17:21:00.782951+00:00,META,high_volatility,125,False,-0.023,5,-0.472,0.2,0.0199,0.0191,4,0.44,0.5,mut-c58e56,1784059191.2592885,True,
2026-07-29T17:21:05.933197+00:00,TSLA,high_volatility,125,False,-0.0203,6,-0.353,0.333,0.0394,0.0236,4,0.569,0.75,mut-842635,1783887921.345828,True,
2026-07-29T17:21:10.851998+00:00,BRKB,trending_up,125,False,-0.0134,3,-0.578,0.333,0.0199,0.0107,2,0.551,0.5,mut-b3b3f6,1783888008.384338,True,
2026-07-29T17:21:15.235879+00:00,LLY,high_volatility,125,False,0.0127,3,0.399,0.667,0.01,0.0385,5,0.756,0.8,mut-5648c7,1784363164.0287595,True,
2026-07-29T17:21:20.341886+00:00,V,trending_up,125,False,-0.0235,7,-0.321,0.286,0.049,0.0391,5,0.784,0.8,mut-1b8e6f,1785174490.8748248,True,
2026-07-29T17:21:25.579558+00:00,JPM,high_volatility,125,False,0.0,0,,,,0.0529,4,3.8,1.0,mut-1a805e,1785293689.6423478,True,
2026-07-30T02:36:48.432649+00:00,EURUSD,ranging,130,False,0.0245,3,0.829,0.667,0.0,0.0214,2,2.499,1.0,mut-9ac3c3,1784827527.8572602,True,
2026-07-30T02:36:53.121399+00:00,GBPUSD,ranging,130,False,0.0091,3,0.295,0.667,0.01,0.013,3,0.408,0.667,mut-5089ff,1785321738.3398762,True,
2026-07-30T02:36:57.145781+00:00,USDJPY,trending_up,130,False,0.0394,4,1.06,0.75,0.0,0.0401,3,5.465,1.0,mut-fe93e0,1784017385.3134413,True,
2026-07-30T02:37:01.965369+00:00,AUDUSD,ranging,130,False,-0.0045,2,-0.288,0.5,0.01,0.0208,2,2.255,1.0,mut-56a4e2,1785345504.775803,True,
2026-07-30T02:37:07.169937+00:00,USDCAD,ranging,130,False,0.0003,3,0.009,0.333,0.01,0.0424,4,1.321,0.75,mut-fd7afd,1784124334.4320092,True,
2026-07-30T02:37:12.068960+00:00,USDCHF,trending_up,130,False,0.0353,3,2.478,1.0,0.0,0.0451,3,108.416,1.0,mut-4ad71b,1783971987.3191102,True,
2026-07-30T02:37:17.146455+00:00,NZDUSD,ranging,130,False,-0.0209,3,-1.646,0.0,0.0199,0.0146,2,0.951,0.5,mut-9ac759,1785321761.60003,True,
2026-07-30T02:37:21.823863+00:00,EURGBP,ranging,130,False,0.0247,3,0.843,0.667,0.0,0.0266,3,1.006,0.667,mut-22b6d1,1785345523.0752964,True,
2026-07-30T02:37:26.704711+00:00,EURJPY,ranging,130,False,-0.0052,4,-0.129,0.25,0.0199,0.0049,2,0.193,0.5,mut-74bdf5,1785122908.0481284,True,
2026-07-30T02:37:31.633581+00:00,GBPJPY,trending_up,130,False,0.0,0,,,,0.0234,2,3.544,1.0,mut-e6e38b,1785260307.1083846,True,
2026-07-30T02:37:36.551782+00:00,XAUUSD,high_volatility,125,False,0.028,5,0.475,0.6,0.01,0.023,2,3.283,1.0,mut-aef8ad,1784888561.9697459,True,
2026-07-30T02:37:41.364542+00:00,USOIL,high_volatility,125,False,0.0,0,,,,0.0203,2,2.087,1.0,mut-44fc90,1783821407.0754356,True,
2026-07-30T02:37:47.703111+00:00,BTCUSD,high_volatility,181,False,0.0449,4,1.616,0.75,0.0,0.0607,5,1.893,0.8,mut-785457,1783821498.0682824,True,
2026-07-30T02:37:53.961912+00:00,ETHUSD,high_volatility,181,False,0.0096,6,0.134,0.5,0.0297,0.0338,5,0.629,0.6,imm-7ac82e,1784277230.6638775,True,
2026-07-30T02:37:59.814157+00:00,SOLUSD,high_volatility,181,False,-0.0006,6,-0.009,0.333,0.0297,0.0223,4,0.53,0.75,mut-db8220,1785206756.6628072,True,
2026-07-30T02:38:05.725706+00:00,XRPUSD,high_volatility,181,False,0.0347,6,0.501,0.667,0.01,0.0376,5,0.738,0.8,mut-eb4a78,1785174380.1173518,True,
2026-07-30T02:38:11.530438+00:00,BNBUSD,high_volatility,181,False,0.0195,4,0.458,0.5,0.01,0.0213,4,0.509,0.75,init-ed6e0c,1785206767.0475347,True,
2026-07-30T02:38:17.457286+00:00,ADAUSD,high_volatility,181,False,0.0041,8,0.043,0.375,0.0394,0.0435,5,0.874,0.8,mut-a36803,1785235220.1110218,True,
2026-07-30T02:38:22.245905+00:00,SPX,ranging,124,False,0.0,0,,,,0.004,1,0.0,1.0,mut-a5176c,1784861666.493881,True,
2026-07-30T02:38:27.301925+00:00,NASDAQ,trending_down,124,False,-0.0204,4,-0.615,0.25,0.0297,,,,,,,True,
2026-07-30T02:38:32.073161+00:00,DJI,ranging,124,False,0.0,0,,,,0.017,2,1.3,1.0,mut-28bf02,1784827628.5364316,True,
2026-07-30T02:38:37.055243+00:00,RUT,ranging,124,False,-0.023,3,-2.387,0.0,0.0199,0.0187,2,1.663,1.0,mut-71c912,1784688870.3744597,True,
2026-07-30T02:38:41.784692+00:00,VIX,high_volatility,126,False,-0.0288,6,-0.533,0.167,0.025,,,,,,,True,
2026-07-30T02:38:45.877366+00:00,FTSE,trending_up,126,False,-0.0297,3,-121.863,0.0,0.0297,0.0103,3,0.33,0.667,mut-1f332c,1784382988.2949674,True,
2026-07-30T02:38:50.722999+00:00,DAX,ranging,127,False,0.0,0,,,,0.0064,3,0.206,0.667,mut-9657c6,1784212009.9277182,True,
2026-07-30T02:38:54.856661+00:00,CAC40,ranging,127,False,-0.0182,3,-1.108,0.333,0.0199,0.0141,2,0.89,0.5,mut-b9b556,1784630003.5888314,True,
2026-07-30T02:38:58.934162+00:00,NIKKEI,high_volatility,122,False,0.0001,4,0.002,0.5,0.01,0.0244,3,0.828,0.667,mut-c1d5a1,1783914987.901319,True,
2026-07-30T02:39:03.805665+00:00,HSI,high_volatility,120,False,0.0096,5,0.172,0.4,0.01,0.0352,4,0.792,0.75,mut-744d4e,1783955409.693752,True,
2026-07-30T02:39:07.735803+00:00,SENSEX,ranging,122,False,-0.0219,4,-0.713,0.25,0.0297,0.001,3,0.03,0.333,mut-dddd39,1784038554.1117454,True,
2026-07-30T02:39:11.835301+00:00,ASX200,trending_up,127,False,-0.0137,2,-2.191,0.0,0.01,,,,,,,True,
2026-07-30T02:39:16.769465+00:00,AAPL,high_volatility,124,False,-0.0225,6,-0.403,0.333,0.0394,0.01,5,0.179,0.6,mut-98c72c,1784086472.9613838,True,
2026-07-30T02:39:21.897799+00:00,MSFT,ranging,124,False,0.0003,6,0.004,0.5,0.0199,0.0336,6,0.49,0.667,mut-c1d1a2,1785293652.4775221,True,
2026-07-30T02:39:26.762221+00:00,NVDA,high_volatility,124,False,0.0145,3,0.451,0.667,0.01,0.0128,2,0.74,0.5,mut-361ee8,1784059084.653737,True,
2026-07-30T02:39:31.637357+00:00,GOOGL,high_volatility,124,False,0.0199,4,0.463,0.5,0.01,0.0229,2,3.208,1.0,mut-bf5889,1784776571.9995205,True,
2026-07-30T02:39:36.012346+00:00,AMZN,high_volatility,124,False,0.0,0,,,,0.025,2,5.016,1.0,imm-5ecbb6,1784948103.51404,True,
2026-07-30T02:39:41.106963+00:00,META,high_volatility,124,False,-0.0166,8,-0.196,0.375,0.0297,0.0191,4,0.44,0.5,mut-c58e56,1784059191.2592885,True,
2026-07-30T02:39:45.336056+00:00,TSLA,high_volatility,124,False,0.0,0,,,,0.0236,4,0.569,0.75,mut-842635,1783887921.345828,True,
2026-07-30T02:39:50.231911+00:00,BRKB,trending_up,124,False,-0.0134,3,-0.573,0.333,0.0199,0.0107,2,0.551,0.5,mut-b3b3f6,1783888008.384338,True,
2026-07-30T02:39:55.360739+00:00,LLY,high_volatility,124,False,0.0113,3,0.361,0.667,0.01,0.0385,5,0.756,0.8,mut-5648c7,1784363164.0287595,True,
2026-07-30T02:40:00.171428+00:00,V,trending_up,124,False,0.0,0,,,,0.0391,5,0.784,0.8,mut-1b8e6f,1785174490.8748248,True,
2026-07-30T02:40:05.148009+00:00,JPM,high_volatility,124,False,0.0184,4,0.428,0.5,0.01,0.0529,4,3.8,1.0,mut-1a805e,1785293689.6423478,True,
2026-07-30T10:27:51.141753+00:00,EURUSD,ranging,130,False,0.0231,3,0.734,0.667,0.0,0.0214,2,2.499,1.0,mut-9ac3c3,1784827527.8572602,True,
2026-07-30T10:27:55.053844+00:00,GBPUSD,ranging,130,False,-0.0094,5,-0.181,0.4,0.0297,0.013,3,0.408,0.667,mut-5089ff,1785321738.3398762,True,
2026-07-30T10:27:59.660870+00:00,USDJPY,ranging,130,False,0.0437,4,1.468,0.75,0.0,0.0436,3,18.115,1.0,mut-84bada,1784629717.863137,True,
2026-07-30T10:28:04.300107+00:00,AUDUSD,ranging,130,False,-0.0158,3,-0.795,0.333,0.0199,0.0208,2,2.255,1.0,mut-56a4e2,1785345504.775803,True,
2026-07-30T10:28:09.225869+00:00,USDCAD,ranging,130,False,0.0001,3,0.003,0.333,0.01,0.0424,4,1.321,0.75,mut-fd7afd,1784124334.4320092,True,
2026-07-30T10:28:13.927758+00:00,USDCHF,trending_up,130,False,0.0124,3,0.397,0.667,0.01,0.0451,3,108.416,1.0,mut-4ad71b,1783971987.3191102,True,
2026-07-30T10:28:17.983884+00:00,NZDUSD,ranging,130,False,-0.0234,3,-2.547,0.0,0.0199,0.0146,2,0.951,0.5,mut-9ac759,1785321761.60003,True,
2026-07-30T10:28:22.549760+00:00,EURGBP,ranging,130,False,0.0257,3,0.922,0.667,0.0,0.0266,3,1.006,0.667,mut-22b6d1,1785345523.0752964,True,
2026-07-30T10:28:26.456083+00:00,EURJPY,ranging,130,False,0.0,0,,,,0.0049,2,0.193,0.5,mut-74bdf5,1785122908.0481284,True,
2026-07-30T10:28:31.327743+00:00,GBPJPY,trending_up,130,False,0.0,0,,,,0.0234,2,3.544,1.0,mut-e6e38b,1785260307.1083846,True,
2026-07-30T10:28:35.279571+00:00,XAUUSD,ranging,125,True,0.0232,3,0.743,0.667,0.0,0.0232,3,0.743,0.667,mut-6fa33a,1785407315.1494973,True,
2026-07-30T10:28:39.964067+00:00,USOIL,high_volatility,125,False,-0.0031,4,-0.076,0.5,0.0199,0.0203,2,2.087,1.0,mut-44fc90,1783821407.0754356,True,
2026-07-30T10:28:46.264768+00:00,BTCUSD,high_volatility,182,False,0.0219,4,0.519,0.75,0.01,0.0607,5,1.893,0.8,mut-785457,1783821498.0682824,True,
2026-07-30T10:28:50.999643+00:00,ETHUSD,high_volatility,182,False,0.0101,6,0.141,0.5,0.0297,0.0338,5,0.629,0.6,imm-7ac82e,1784277230.6638775,True,
2026-07-30T10:28:56.866011+00:00,SOLUSD,high_volatility,182,False,0.0,0,,,,0.0223,4,0.53,0.75,mut-db8220,1785206756.6628072,True,
2026-07-30T10:29:02.737949+00:00,XRPUSD,high_volatility,182,False,0.013,5,0.229,0.6,0.0199,0.0376,5,0.738,0.8,mut-eb4a78,1785174380.1173518,True,
2026-07-30T10:29:08.502003+00:00,BNBUSD,high_volatility,182,False,-0.0112,5,-0.221,0.4,0.0297,0.0213,4,0.509,0.75,init-ed6e0c,1785206767.0475347,True,
2026-07-30T10:29:14.164877+00:00,ADAUSD,high_volatility,182,False,0.0441,9,0.41,0.556,0.0199,0.0435,5,0.874,0.8,mut-a36803,1785235220.1110218,True,
2026-07-30T10:29:18.908925+00:00,SPX,ranging,124,False,-0.0078,3,-0.25,0.333,0.0199,0.004,1,0.0,1.0,mut-a5176c,1784861666.493881,True,
2026-07-30T10:29:23.790863+00:00,NASDAQ,trending_down,124,False,-0.0204,4,-0.615,0.25,0.0297,,,,,,,True,
2026-07-30T10:29:27.726333+00:00,DJI,ranging,124,False,-0.0209,5,-0.436,0.2,0.0199,0.017,2,1.3,1.0,mut-28bf02,1784827628.5364316,True,
2026-07-30T10:29:32.500305+00:00,RUT,ranging,124,False,-0.0175,2,-6.937,0.0,0.01,0.0187,2,1.663,1.0,mut-71c912,1784688870.3744597,True,
2026-07-30T10:29:37.144903+00:00,VIX,high_volatility,126,False,-0.0272,6,-0.5,0.167,0.025,,,,,,,True,
2026-07-30T10:29:41.962610+00:00,FTSE,trending_up,126,False,-0.007,5,-0.13,0.4,0.0199,0.0103,3,0.33,0.667,mut-1f332c,1784382988.2949674,True,
2026-07-30T10:29:46.080908+00:00,DAX,ranging,127,False,0.0,0,,,,0.0064,3,0.206,0.667,mut-9657c6,1784212009.9277182,True,
2026-07-30T10:29:50.189656+00:00,CAC40,ranging,127,False,-0.0394,4,-88.999,0.0,0.0394,0.0141,2,0.89,0.5,mut-b9b556,1784630003.5888314,True,
2026-07-30T10:29:54.060602+00:00,NIKKEI,high_volatility,122,False,-0.0431,8,-0.632,0.25,0.0585,0.0244,3,0.828,0.667,mut-c1d5a1,1783914987.901319,True,
2026-07-30T10:29:58.854640+00:00,HSI,high_volatility,120,False,0.0103,5,0.184,0.6,0.01,0.0352,4,0.792,0.75,mut-744d4e,1783955409.693752,True,
2026-07-30T10:30:02.750360+00:00,SENSEX,ranging,122,False,-0.02,4,-0.59,0.25,0.0297,0.001,3,0.03,0.333,mut-dddd39,1784038554.1117454,True,
2026-07-30T10:30:06.926266+00:00,ASX200,trending_up,127,False,-0.0116,3,-0.452,0.333,0.0199,,,,,,,True,
2026-07-30T10:30:11.756638+00:00,AAPL,high_volatility,124,False,-0.0225,6,-0.392,0.333,0.0394,0.01,5,0.179,0.6,mut-98c72c,1784086472.9613838,True,
2026-07-30T10:30:16.686910+00:00,MSFT,ranging,124,False,0.0007,3,0.023,0.333,0.01,0.0336,6,0.49,0.667,mut-c1d1a2,1785293652.4775221,True,
2026-07-30T10:30:21.520600+00:00,NVDA,high_volatility,124,False,0.0,0,,,,0.0128,2,0.74,0.5,mut-361ee8,1784059084.653737,True,
2026-07-30T10:30:26.311456+00:00,GOOGL,high_volatility,124,False,0.0199,4,0.463,0.5,0.01,0.0229,2,3.208,1.0,mut-bf5889,1784776571.9995205,True,
2026-07-30T10:30:30.532851+00:00,AMZN,high_volatility,124,False,0.0,0,,,,0.025,2,5.016,1.0,imm-5ecbb6,1784948103.51404,True,
2026-07-30T10:30:35.448570+00:00,META,high_volatility,124,False,0.0051,4,0.112,0.5,0.01,0.0191,4,0.44,0.5,mut-c58e56,1784059191.2592885,True,
2026-07-30T10:30:40.481540+00:00,TSLA,high_volatility,124,False,0.0,0,,,,0.0236,4,0.569,0.75,mut-842635,1783887921.345828,True,
2026-07-30T10:30:45.218934+00:00,BRKB,trending_up,124,False,0.0043,4,0.096,0.5,0.01,0.0107,2,0.551,0.5,mut-b3b3f6,1783888008.384338,True,
2026-07-30T10:30:50.193696+00:00,LLY,high_volatility,124,False,0.0,0,,,,0.0385,5,0.756,0.8,mut-5648c7,1784363164.0287595,True,
2026-07-30T10:30:54.175632+00:00,V,trending_up,124,False,-0.0253,7,-0.357,0.286,0.049,0.0391,5,0.784,0.8,mut-1b8e6f,1785174490.8748248,True,
2026-07-30T10:30:58.995143+00:00,JPM,high_volatility,124,False,0.0184,4,0.428,0.5,0.01,0.0529,4,3.8,1.0,mut-1a805e,1785293689.6423478,True,
2026-07-30T17:38:20.393010+00:00,EURUSD,ranging,130,False,0.0199,3,0.554,0.667,0.01,0.0214,2,2.499,1.0,mut-9ac3c3,1784827527.8572602,True,
2026-07-30T17:38:25.042536+00:00,GBPUSD,ranging,130,False,0.0016,3,0.051,0.333,0.01,0.013,3,0.408,0.667,mut-5089ff,1785321738.3398762,True,
2026-07-30T17:38:29.721238+00:00,USDJPY,ranging,130,False,0.0614,5,1.999,0.8,0.0,0.0436,3,18.115,1.0,mut-84bada,1784629717.863137,True,
2026-07-30T17:38:34.357733+00:00,AUDUSD,ranging,130,False,-0.0205,3,-1.553,0.0,0.0199,0.0208,2,2.255,1.0,mut-56a4e2,1785345504.775803,True,
2026-07-30T17:38:39.205157+00:00,USDCAD,ranging,130,False,0.0215,3,0.637,0.667,0.0,0.0424,4,1.321,0.75,mut-fd7afd,1784124334.4320092,True,
2026-07-30T17:38:43.927321+00:00,USDCHF,ranging,130,False,0.0,0,,,,0.0293,2,44.593,1.0,imm-4fc33a,1784741046.2585468,True,
2026-07-30T17:38:48.833440+00:00,NZDUSD,ranging,130,False,-0.0059,1,0.0,0.0,0.0,0.0146,2,0.951,0.5,mut-9ac759,1785321761.60003,True,
2026-07-30T17:38:53.431516+00:00,EURGBP,ranging,130,False,0.0199,4,0.463,0.5,0.01,0.028,3,1.139,0.667,mut-e402c5,1785433132.65746,True,
2026-07-30T17:38:58.108572+00:00,EURJPY,ranging,130,False,-0.0052,4,-0.129,0.25,0.0199,0.0049,2,0.193,0.5,mut-74bdf5,1785122908.0481284,True,
2026-07-30T17:39:02.940443+00:00,GBPJPY,ranging,130,False,-0.0151,5,-0.313,0.2,0.0199,0.0008,4,0.02,0.5,mut-2269fc,1784038083.5193317,True,
2026-07-30T17:39:06.782523+00:00,XAUUSD,ranging,125,False,0.0219,3,0.658,0.667,0.0,0.0232,3,0.743,0.667,mut-6fa33a,1785407315.1494973,True,
2026-07-30T17:39:10.803604+00:00,USOIL,high_volatility,125,False,-0.0052,3,-0.146,0.333,0.0199,0.0203,2,2.087,1.0,mut-44fc90,1783821407.0754356,True,
2026-07-30T17:39:15.278403+00:00,BTCUSD,high_volatility,182,False,-0.0008,6,-0.011,0.333,0.0297,0.0607,5,1.893,0.8,mut-785457,1783821498.0682824,True,
2026-07-30T17:39:21.561200+00:00,ETHUSD,high_volatility,182,False,0.0,0,,,,0.0338,5,0.629,0.6,imm-7ac82e,1784277230.6638775,True,
2026-07-30T17:39:27.270336+00:00,SOLUSD,high_volatility,182,False,-0.0023,6,-0.034,0.333,0.0297,0.0223,4,0.53,0.75,mut-db8220,1785206756.6628072,True,
2026-07-30T17:39:33.008207+00:00,XRPUSD,high_volatility,182,False,0.0122,5,0.214,0.6,0.0199,0.0376,5,0.738,0.8,mut-eb4a78,1785174380.1173518,True,
2026-07-30T17:39:38.832980+00:00,BNBUSD,high_volatility,182,False,-0.0185,5,-0.391,0.2,0.0297,0.0213,4,0.509,0.75,init-ed6e0c,1785206767.0475347,True,
2026-07-30T17:39:44.518306+00:00,ADAUSD,high_volatility,182,False,0.0406,9,0.37,0.556,0.0199,0.0435,5,0.874,0.8,mut-a36803,1785235220.1110218,True,
2026-07-30T17:39:49.284371+00:00,SPX,ranging,125,False,-0.0319,4,-2.392,0.0,0.0297,0.004,1,0.0,1.0,mut-a5176c,1784861666.493881,True,
2026-07-30T17:39:54.104610+00:00,NASDAQ,high_volatility,125,False,0.0,0,,,,,,,,,,True,
2026-07-30T17:39:58.038056+00:00,DJI,ranging,125,False,0.0,0,,,,0.017,2,1.3,1.0,mut-28bf02,1784827628.5364316,True,
2026-07-30T17:40:02.013093+00:00,RUT,ranging,125,False,-0.0154,2,-3.37,0.0,0.01,0.0187,2,1.663,1.0,mut-71c912,1784688870.3744597,True,
2026-07-30T17:40:07.242852+00:00,VIX,high_volatility,126,False,-0.0242,6,-0.437,0.333,0.025,,,,,,,True,
2026-07-30T17:40:11.235651+00:00,FTSE,trending_up,126,False,-0.0077,5,-0.145,0.4,0.0199,0.0103,3,0.33,0.667,mut-1f332c,1784382988.2949674,True,
2026-07-30T17:40:15.221535+00:00,DAX,ranging,127,False,0.0,0,,,,0.0064,3,0.206,0.667,mut-9657c6,1784212009.9277182,True,
2026-07-30T17:40:20.245746+00:00,CAC40,ranging,127,False,-0.0028,4,-0.067,0.5,0.0199,0.0141,2,0.89,0.5,mut-b9b556,1784630003.5888314,True,
2026-07-30T17:40:24.308602+00:00,NIKKEI,high_volatility,121,False,0.0175,2,1.405,1.0,0.0,0.0244,3,0.828,0.667,mut-c1d5a1,1783914987.901319,True,
2026-07-30T17:40:28.303051+00:00,HSI,high_volatility,119,False,0.0249,6,0.364,0.5,0.01,0.0352,4,0.792,0.75,mut-744d4e,1783955409.693752,True,
2026-07-30T17:40:32.156037+00:00,SENSEX,ranging,122,False,-0.0233,4,-0.827,0.25,0.0297,0.001,3,0.03,0.333,mut-dddd39,1784038554.1117454,True,
2026-07-30T17:40:36.197915+00:00,ASX200,trending_up,126,False,-0.0199,2,-199.0,0.0,0.0199,,,,,,,True,
2026-07-30T17:40:41.032272+00:00,AAPL,high_volatility,125,False,-0.0158,5,-0.33,0.2,0.0297,0.01,5,0.179,0.6,mut-98c72c,1784086472.9613838,True,
2026-07-30T17:40:46.123517+00:00,MSFT,high_volatility,125,False,0.0249,6,0.364,0.5,0.01,0.0367,6,0.526,0.667,mut-ad0f70,1784230939.7517087,True,
2026-07-30T17:40:50.971878+00:00,NVDA,high_volatility,125,True,0.0225,2,3.025,1.0,0.0,0.0225,2,3.025,1.0,mut-78d460,1785433250.8173203,True,
2026-07-30T17:40:55.969384+00:00,GOOGL,high_volatility,125,False,0.0,0,,,,0.0229,2,3.208,1.0,mut-bf5889,1784776571.9995205,True,
2026-07-30T17:41:00.051574+00:00,AMZN,high_volatility,125,False,0.0,0,,,,0.025,2,5.016,1.0,imm-5ecbb6,1784948103.51404,True,
2026-07-30T17:41:04.975461+00:00,META,high_volatility,125,False,-0.0118,6,-0.175,0.333,0.0297,0.0191,4,0.44,0.5,mut-c58e56,1784059191.2592885,True,
2026-07-30T17:41:10.083276+00:00,TSLA,high_volatility,125,False,0.0134,5,0.238,0.6,0.0199,0.0236,4,0.569,0.75,mut-842635,1783887921.345828,True,
2026-07-30T17:41:14.213417+00:00,BRKB,ranging,125,True,0.014,3,0.439,0.667,0.01,0.014,3,0.439,0.667,mut-43a374,1785433274.0539877,True,
2026-07-30T17:41:19.232680+00:00,LLY,high_volatility,125,False,0.0054,3,0.174,0.667,0.01,0.0385,5,0.756,0.8,mut-5648c7,1784363164.0287595,True,
2026-07-30T17:41:23.966479+00:00,V,ranging,125,False,-0.0087,4,-0.215,0.25,0.0199,,,,,,,True,
2026-07-30T17:41:28.858146+00:00,JPM,high_volatility,125,False,0.0231,4,0.562,0.75,0.01,0.0529,4,3.8,1.0,mut-1a805e,1785293689.6423478,True,
2026-07-31T03:17:56.494833+00:00,EURUSD,ranging,130,False,0.015,4,0.326,0.5,0.01,0.0214,2,2.499,1.0,mut-9ac3c3,1784827527.8572602,True,
2026-07-31T03:18:01.194580+00:00,GBPUSD,ranging,130,False,0.001,3,0.03,0.333,0.01,0.013,3,0.408,0.667,mut-5089ff,1785321738.3398762,True,
2026-07-31T03:18:05.981139+00:00,USDJPY,ranging,130,False,0.0249,6,0.357,0.5,0.0199,0.0436,3,18.115,1.0,mut-84bada,1784629717.863137,True,
2026-07-31T03:18:09.810860+00:00,AUDUSD,ranging,130,False,-0.0326,4,-2.708,0.0,0.0297,0.0208,2,2.255,1.0,mut-56a4e2,1785345504.775803,True,
2026-07-31T03:18:14.671761+00:00,USDCAD,ranging,130,False,0.0234,3,0.754,0.667,0.0,0.0424,4,1.321,0.75,mut-fd7afd,1784124334.4320092,True,
2026-07-31T03:18:18.638699+00:00,USDCHF,ranging,130,False,0.0234,3,0.754,0.667,0.0,0.0293,2,44.593,1.0,imm-4fc33a,1784741046.2585468,True,
2026-07-31T03:18:22.626332+00:00,NZDUSD,ranging,130,False,0.003,3,0.096,0.333,0.01,0.0146,2,0.951,0.5,mut-9ac759,1785321761.60003,True,
2026-07-31T03:18:26.503940+00:00,EURGBP,ranging,130,False,0.0199,3,0.554,0.667,0.01,0.028,3,1.139,0.667,mut-e402c5,1785433132.65746,True,
2026-07-31T03:18:31.293419+00:00,EURJPY,ranging,130,False,0.0049,3,0.156,0.333,0.01,0.0049,2,0.193,0.5,mut-74bdf5,1785122908.0481284,True,
2026-07-31T03:18:36.067687+00:00,GBPJPY,ranging,130,False,-0.025,6,-0.454,0.167,0.025,0.0008,4,0.02,0.5,mut-2269fc,1784038083.5193317,True,
2026-07-31T03:18:39.974915+00:00,XAUUSD,ranging,125,False,0.0232,3,0.743,0.667,0.0,0.0232,3,0.743,0.667,mut-6fa33a,1785407315.1494973,True,
2026-07-31T03:18:44.119640+00:00,USOIL,high_volatility,125,False,0.0,0,,,,0.0203,2,2.087,1.0,mut-44fc90,1783821407.0754356,True,
2026-07-31T03:18:48.593388+00:00,BTCUSD,high_volatility,181,False,0.0227,4,0.539,0.75,0.01,0.0607,5,1.893,0.8,mut-785457,1783821498.0682824,True,
2026-07-31T03:18:53.094929+00:00,ETHUSD,high_volatility,181,False,0.0142,4,0.304,0.5,0.01,0.0338,5,0.629,0.6,imm-7ac82e,1784277230.6638775,True,
2026-07-31T03:18:57.667644+00:00,SOLUSD,high_volatility,181,False,0.0,0,,,,0.0223,4,0.53,0.75,mut-db8220,1785206756.6628072,True,
2026-07-31T03:19:03.468953+00:00,XRPUSD,high_volatility,181,False,0.0129,5,0.227,0.6,0.0199,0.0376,5,0.738,0.8,mut-eb4a78,1785174380.1173518,True,
2026-07-31T03:19:09.198147+00:00,BNBUSD,high_volatility,181,False,-0.0175,5,-0.37,0.2,0.0297,0.0213,4,0.509,0.75,init-ed6e0c,1785206767.0475347,True,
2026-07-31T03:19:13.676489+00:00,ADAUSD,high_volatility,181,False,0.0269,8,0.276,0.5,0.0199,0.0435,5,0.874,0.8,mut-a36803,1785235220.1110218,True,
2026-07-31T03:19:18.409137+00:00,SPX,ranging,124,False,-0.0328,4,-2.771,0.0,0.0297,0.004,1,0.0,1.0,mut-a5176c,1784861666.493881,True,
2026-07-31T03:19:23.359917+00:00,NASDAQ,high_volatility,124,False,0.0,0,,,,,,,,,,True,
2026-07-31T03:19:28.074748+00:00,DJI,ranging,124,False,-0.0117,5,-0.235,0.4,0.0199,0.017,2,1.3,1.0,mut-28bf02,1784827628.5364316,True,
2026-07-31T03:19:32.760649+00:00,RUT,ranging,124,False,-0.0197,3,-1.377,0.333,0.0199,0.0187,2,1.663,1.0,mut-71c912,1784688870.3744597,True,
2026-07-31T03:19:37.436503+00:00,VIX,high_volatility,126,False,-0.0228,6,-0.404,0.333,0.025,,,,,,,True,
2026-07-31T03:19:41.434850+00:00,FTSE,trending_up,126,False,-0.0077,5,-0.145,0.4,0.0199,0.0103,3,0.33,0.667,mut-1f332c,1784382988.2949674,True,
2026-07-31T03:19:45.539583+00:00,DAX,ranging,127,False,0.0,0,,,,0.0064,3,0.206,0.667,mut-9657c6,1784212009.9277182,True,
2026-07-31T03:19:50.473979+00:00,CAC40,ranging,127,False,-0.0141,2,-2.399,0.0,0.01,0.0141,2,0.89,0.5,mut-b9b556,1784630003.5888314,True,
2026-07-31T03:19:55.244097+00:00,NIKKEI,high_volatility,122,False,-0.049,6,-2.235,0.0,0.049,0.0244,3,0.828,0.667,mut-c1d5a1,1783914987.901319,True,
2026-07-31T03:19:59.992323+00:00,HSI,high_volatility,120,False,0.036,5,0.693,0.8,0.01,0.0352,4,0.792,0.75,mut-744d4e,1783955409.693752,True,
2026-07-31T03:20:03.927031+00:00,SENSEX,ranging,122,False,-0.0199,2,-199.0,0.0,0.0199,0.001,3,0.03,0.333,mut-dddd39,1784038554.1117454,True,
2026-07-31T03:20:08.040719+00:00,ASX200,trending_up,127,False,-0.0139,2,-2.254,0.0,0.01,,,,,,,True,
2026-07-31T03:20:12.809210+00:00,AAPL,high_volatility,124,False,-0.0151,5,-0.314,0.4,0.0297,0.01,5,0.179,0.6,mut-98c72c,1784086472.9613838,True,
2026-07-31T03:20:17.008203+00:00,MSFT,high_volatility,124,False,0.0249,6,0.364,0.5,0.01,0.0367,6,0.526,0.667,mut-ad0f70,1784230939.7517087,True,
2026-07-31T03:20:21.979395+00:00,NVDA,high_volatility,124,False,-0.0121,3,-0.484,0.333,0.0199,0.0225,2,3.025,1.0,mut-78d460,1785433250.8173203,True,
2026-07-31T03:20:26.986149+00:00,GOOGL,high_volatility,124,False,0.0,0,,,,0.0229,2,3.208,1.0,mut-bf5889,1784776571.9995205,True,
2026-07-31T03:20:31.988341+00:00,AMZN,high_volatility,124,False,0.0212,2,2.393,1.0,0.0,0.025,2,5.016,1.0,imm-5ecbb6,1784948103.51404,True,
2026-07-31T03:20:36.089513+00:00,META,high_volatility,124,False,-0.0052,4,-0.129,0.25,0.0199,0.0191,4,0.44,0.5,mut-c58e56,1784059191.2592885,True,
2026-07-31T03:20:41.061769+00:00,TSLA,high_volatility,124,False,0.013,5,0.232,0.6,0.0199,0.0236,4,0.569,0.75,mut-842635,1783887921.345828,True,
2026-07-31T03:20:45.036680+00:00,BRKB,ranging,124,False,-0.0271,6,-0.505,0.167,0.0394,0.014,3,0.439,0.667,mut-43a374,1785433274.0539877,True,
2026-07-31T03:20:49.963337+00:00,LLY,high_volatility,124,False,0.0051,3,0.163,0.667,0.01,0.0385,5,0.756,0.8,mut-5648c7,1784363164.0287595,True,
2026-07-31T03:20:54.104397+00:00,V,trending_up,124,False,0.0182,4,0.42,0.5,0.01,0.0391,5,0.784,0.8,mut-1b8e6f,1785174490.8748248,True,
2026-07-31T03:20:58.915450+00:00,JPM,high_volatility,124,False,0.0226,4,0.546,0.75,0.01,0.0529,4,3.8,1.0,mut-1a805e,1785293689.6423478,True,
2026-07-31T10:42:31.922453+00:00,EURUSD,ranging,130,False,0.016,4,0.353,0.5,0.01,0.0214,2,2.499,1.0,mut-9ac3c3,1784827527.8572602,True,
2026-07-31T10:42:36.647407+00:00,GBPUSD,ranging,130,False,0.0027,3,0.085,0.333,0.01,0.013,3,0.408,0.667,mut-5089ff,1785321738.3398762,True,
2026-07-31T10:42:41.443596+00:00,USDJPY,ranging,130,False,0.0,1,0.0,0.0,0.0,0.0436,3,18.115,1.0,mut-84bada,1784629717.863137,True,
2026-07-31T10:42:46.134193+00:00,AUDUSD,ranging,130,False,0.0139,2,0.863,0.5,0.0,0.0208,2,2.255,1.0,mut-56a4e2,1785345504.775803,True,
2026-07-31T10:42:51.065697+00:00,USDCAD,ranging,130,False,0.0234,3,0.753,0.667,0.0,0.0424,4,1.321,0.75,mut-fd7afd,1784124334.4320092,True,
2026-07-31T10:42:54.943094+00:00,USDCHF,ranging,130,False,0.0252,3,0.882,0.667,0.0,0.0293,2,44.593,1.0,imm-4fc33a,1784741046.2585468,True,
2026-07-31T10:42:58.986786+00:00,NZDUSD,ranging,130,False,-0.0003,3,-0.011,0.333,0.01,0.0146,2,0.951,0.5,mut-9ac759,1785321761.60003,True,
2026-07-31T10:43:03.005815+00:00,EURGBP,ranging,130,False,0.0199,3,0.554,0.667,0.01,0.028,3,1.139,0.667,mut-e402c5,1785433132.65746,True,
2026-07-31T10:43:07.824082+00:00,EURJPY,ranging,130,False,0.0049,2,0.193,0.5,0.01,0.0049,2,0.193,0.5,mut-74bdf5,1785122908.0481284,True,
2026-07-31T10:43:12.730140+00:00,GBPJPY,ranging,130,False,0.0,0,,,,0.0008,4,0.02,0.5,mut-2269fc,1784038083.5193317,True,
2026-07-31T10:43:16.720119+00:00,XAUUSD,trending_down,125,True,0.0243,3,0.816,0.667,0.0,0.0243,3,0.816,0.667,mut-c180d7,1785494596.5614965,True,
2026-07-31T10:43:21.471420+00:00,USOIL,high_volatility,125,False,-0.0106,4,-0.255,0.25,0.0199,0.0203,2,2.087,1.0,mut-44fc90,1783821407.0754356,True,
2026-07-31T10:43:26.038981+00:00,BTCUSD,high_volatility,182,False,0.0212,4,0.497,0.75,0.01,0.0607,5,1.893,0.8,mut-785457,1783821498.0682824,True,
2026-07-31T10:43:31.962553+00:00,ETHUSD,high_volatility,182,False,0.015,4,0.327,0.5,0.01,0.0338,5,0.629,0.6,imm-7ac82e,1784277230.6638775,True,
2026-07-31T10:43:37.968889+00:00,SOLUSD,high_volatility,182,False,-0.0,6,-0.0,0.5,0.0297,0.0223,4,0.53,0.75,mut-db8220,1785206756.6628072,True,
2026-07-31T10:43:43.741472+00:00,XRPUSD,high_volatility,182,False,0.0137,5,0.241,0.6,0.0199,0.0376,5,0.738,0.8,mut-eb4a78,1785174380.1173518,True,
2026-07-31T10:43:49.369844+00:00,BNBUSD,high_volatility,182,False,-0.0482,6,-2.035,0.167,0.049,0.0213,4,0.509,0.75,init-ed6e0c,1785206767.0475347,True,
2026-07-31T10:43:53.834223+00:00,ADAUSD,high_volatility,182,False,0.0,0,,,,0.0435,5,0.874,0.8,mut-a36803,1785235220.1110218,True,
2026-07-31T10:43:58.467040+00:00,SPX,ranging,124,False,-0.0165,3,-0.869,0.333,0.0199,0.004,1,0.0,1.0,mut-a5176c,1784861666.493881,True,
2026-07-31T10:44:03.285202+00:00,NASDAQ,high_volatility,124,False,-0.0259,4,-1.095,0.25,0.0297,,,,,,,True,
2026-07-31T10:44:07.282711+00:00,DJI,ranging,124,False,0.0,0,,,,0.017,2,1.3,1.0,mut-28bf02,1784827628.5364316,True,
2026-07-31T10:44:11.970813+00:00,RUT,ranging,124,False,-0.0197,3,-1.377,0.333,0.0199,0.0187,2,1.663,1.0,mut-71c912,1784688870.3744597,True,
2026-07-31T10:44:15.934354+00:00,VIX,high_volatility,126,False,-0.0222,6,-0.392,0.333,0.025,,,,,,,True,
2026-07-31T10:44:19.957693+00:00,FTSE,trending_up,126,False,-0.0054,5,-0.097,0.4,0.0199,0.0103,3,0.33,0.667,mut-1f332c,1784382988.2949674,True,
2026-07-31T10:44:24.651358+00:00,DAX,ranging,127,False,0.0,0,,,,0.0064,3,0.206,0.667,mut-9657c6,1784212009.9277182,True,
2026-07-31T10:44:29.628254+00:00,CAC40,trending_up,127,False,-0.0394,4,-88.999,0.0,0.0394,0.0095,1,0.0,1.0,mut-c37df1,1785151776.1300797,True,
2026-07-31T10:44:34.275857+00:00,NIKKEI,high_volatility,122,False,-0.0058,4,-0.143,0.25,0.01,0.0244,3,0.828,0.667,mut-c1d5a1,1783914987.901319,True,
2026-07-31T10:44:39.144537+00:00,HSI,high_volatility,120,False,0.0361,5,0.697,0.8,0.01,0.0352,4,0.792,0.75,mut-744d4e,1783955409.693752,True,
2026-07-31T10:44:43.686901+00:00,SENSEX,ranging,122,False,-0.0007,2,-0.039,0.5,0.01,0.001,3,0.03,0.333,mut-dddd39,1784038554.1117454,True,
2026-07-31T10:44:47.777204+00:00,ASX200,trending_up,127,False,-0.0129,2,-1.832,0.0,0.01,,,,,,,True,
2026-07-31T10:44:52.562256+00:00,AAPL,high_volatility,124,False,-0.0151,5,-0.314,0.4,0.0297,0.01,5,0.179,0.6,mut-98c72c,1784086472.9613838,True,
2026-07-31T10:44:56.666883+00:00,MSFT,high_volatility,124,False,0.0146,7,0.179,0.429,0.0199,0.0367,6,0.526,0.667,mut-ad0f70,1784230939.7517087,True,
2026-07-31T10:45:01.532850+00:00,NVDA,high_volatility,124,False,-0.0121,3,-0.484,0.333,0.0199,0.0225,2,3.025,1.0,mut-78d460,1785433250.8173203,True,
2026-07-31T10:45:06.454485+00:00,GOOGL,high_volatility,124,False,0.0,0,,,,0.0229,2,3.208,1.0,mut-bf5889,1784776571.9995205,True,
2026-07-31T10:45:10.594210+00:00,AMZN,high_volatility,124,False,0.0212,2,2.393,1.0,0.0,0.025,2,5.016,1.0,imm-5ecbb6,1784948103.51404,True,
2026-07-31T10:45:14.790036+00:00,META,high_volatility,124,False,0.0,0,,,,0.0191,4,0.44,0.5,mut-c58e56,1784059191.2592885,True,
2026-07-31T10:45:19.694594+00:00,TSLA,high_volatility,124,False,0.013,5,0.232,0.6,0.0199,0.0236,4,0.569,0.75,mut-842635,1783887921.345828,True,
2026-07-31T10:45:23.567494+00:00,BRKB,ranging,124,False,-0.0271,6,-0.505,0.167,0.0394,0.014,3,0.439,0.667,mut-43a374,1785433274.0539877,True,
2026-07-31T10:45:28.571023+00:00,LLY,high_volatility,124,False,0.0046,3,0.15,0.333,0.01,0.0385,5,0.756,0.8,mut-5648c7,1784363164.0287595,True,
2026-07-31T10:45:32.663907+00:00,V,trending_up,124,False,0.0182,4,0.42,0.5,0.01,0.0391,5,0.784,0.8,mut-1b8e6f,1785174490.8748248,True,
2026-07-31T10:45:37.545818+00:00,JPM,high_volatility,124,False,0.0226,4,0.546,0.75,0.01,0.0529,4,3.8,1.0,mut-1a805e,1785293689.6423478,True,
2026-07-31T17:42:00.564468+00:00,EURUSD,ranging,130,False,0.0127,4,0.264,0.5,0.01,0.0214,2,2.499,1.0,mut-9ac3c3,1784827527.8572602,True,
2026-07-31T17:42:05.484347+00:00,GBPUSD,ranging,130,False,0.0004,3,0.014,0.333,0.01,0.013,3,0.408,0.667,mut-5089ff,1785321738.3398762,True,
2026-07-31T17:42:09.435369+00:00,USDJPY,ranging,130,False,0.0,1,0.0,0.0,0.0,0.0436,3,18.115,1.0,mut-84bada,1784629717.863137,True,
2026-07-31T17:42:14.283758+00:00,AUDUSD,ranging,130,False,0.0135,2,0.821,0.5,0.0,0.0208,2,2.255,1.0,mut-56a4e2,1785345504.775803,True,
2026-07-31T17:42:19.169429+00:00,USDCAD,ranging,130,False,0.0227,3,0.708,0.667,0.0,0.0424,4,1.321,0.75,mut-fd7afd,1784124334.4320092,True,
2026-07-31T17:42:23.277682+00:00,USDCHF,ranging,130,False,0.0237,3,0.772,0.667,0.0,0.0293,2,44.593,1.0,imm-4fc33a,1784741046.2585468,True,
2026-07-31T17:42:27.339776+00:00,NZDUSD,ranging,130,False,-0.0016,3,-0.048,0.333,0.01,0.0146,2,0.951,0.5,mut-9ac759,1785321761.60003,True,
2026-07-31T17:42:32.044100+00:00,EURGBP,ranging,130,False,0.0199,3,0.554,0.667,0.01,0.028,3,1.139,0.667,mut-e402c5,1785433132.65746,True,
2026-07-31T17:42:36.770036+00:00,EURJPY,ranging,130,False,-0.01,1,0.0,0.0,0.01,0.0049,2,0.193,0.5,mut-74bdf5,1785122908.0481284,True,
2026-07-31T17:42:41.697010+00:00,GBPJPY,ranging,130,False,-0.025,6,-0.454,0.167,0.025,0.0008,4,0.02,0.5,mut-2269fc,1784038083.5193317,True,
2026-07-31T17:42:46.382185+00:00,XAUUSD,trending_down,125,False,0.0244,3,0.827,0.667,0.0,0.0244,3,0.827,0.667,mut-cf25fd,1785519765.5542407,True,
2026-07-31T17:42:51.240929+00:00,USOIL,high_volatility,125,False,-0.0113,4,-0.272,0.25,0.0199,0.0203,2,2.087,1.0,mut-44fc90,1783821407.0754356,True,
2026-07-31T17:42:55.851132+00:00,BTCUSD,high_volatility,182,False,0.0229,4,0.546,0.75,0.01,0.0607,5,1.893,0.8,mut-785457,1783821498.0682824,True,
2026-07-31T17:43:00.294002+00:00,ETHUSD,high_volatility,182,False,0.0159,4,0.35,0.5,0.01,0.0338,5,0.629,0.6,imm-7ac82e,1784277230.6638775,True,
2026-07-31T17:43:06.344766+00:00,SOLUSD,high_volatility,182,False,0.0,0,,,,0.0223,4,0.53,0.75,mut-db8220,1785206756.6628072,True,
2026-07-31T17:43:12.187531+00:00,XRPUSD,high_volatility,182,False,0.0143,5,0.251,0.6,0.0199,0.0376,5,0.738,0.8,mut-eb4a78,1785174380.1173518,True,
2026-07-31T17:43:17.956843+00:00,BNBUSD,high_volatility,182,False,0.0172,4,0.391,0.5,0.01,0.0213,4,0.509,0.75,init-ed6e0c,1785206767.0475347,True,
2026-07-31T17:43:23.591248+00:00,ADAUSD,high_volatility,182,False,0.0315,6,0.459,0.667,0.01,0.0435,5,0.874,0.8,mut-a36803,1785235220.1110218,True,
2026-07-31T17:43:28.418981+00:00,SPX,ranging,125,False,-0.0162,3,-0.839,0.333,0.0199,0.004,1,0.0,1.0,mut-a5176c,1784861666.493881,True,
2026-07-31T17:43:33.605385+00:00,NASDAQ,high_volatility,125,False,-0.0276,4,-1.326,0.25,0.0297,,,,,,,True,
2026-07-31T17:43:37.571942+00:00,DJI,ranging,125,False,-0.0428,7,-0.718,0.143,0.0347,0.017,2,1.3,1.0,mut-28bf02,1784827628.5364316,True,
2026-07-31T17:43:42.326667+00:00,RUT,ranging,125,False,-0.0303,4,-1.883,0.0,0.0297,0.0187,2,1.663,1.0,mut-71c912,1784688870.3744597,True,
2026-07-31T17:43:47.060684+00:00,VIX,high_volatility,126,False,-0.0218,6,-0.382,0.333,0.025,,,,,,,True,
2026-07-31T17:43:51.919368+00:00,FTSE,trending_up,126,False,-0.0333,5,-1.045,0.2,0.0394,0.0103,3,0.33,0.667,mut-1f332c,1784382988.2949674,True,
2026-07-31T17:43:56.770369+00:00,DAX,ranging,127,False,-0.0052,4,-0.129,0.25,0.0199,0.0064,3,0.206,0.667,mut-9657c6,1784212009.9277182,True,
2026-07-31T17:44:01.785264+00:00,CAC40,ranging,127,False,-0.0394,4,-88.999,0.0,0.0394,0.0141,2,0.89,0.5,mut-b9b556,1784630003.5888314,True,
2026-07-31T17:44:06.549519+00:00,NIKKEI,high_volatility,121,False,0.0062,3,0.203,0.667,0.01,0.0244,3,0.828,0.667,mut-c1d5a1,1783914987.901319,True,
2026-07-31T17:44:10.538041+00:00,HSI,high_volatility,119,False,0.0103,5,0.184,0.6,0.01,0.0352,4,0.792,0.75,mut-744d4e,1783955409.693752,True,
2026-07-31T17:44:14.493344+00:00,SENSEX,ranging,122,False,-0.0189,4,-0.527,0.25,0.0297,0.001,3,0.03,0.333,mut-dddd39,1784038554.1117454,True,
2026-07-31T17:44:18.516188+00:00,ASX200,trending_up,126,False,-0.0199,2,-199.0,0.0,0.0199,,,,,,,True,
2026-07-31T17:44:23.407329+00:00,AAPL,high_volatility,125,False,-0.0151,5,-0.309,0.2,0.0297,0.01,5,0.179,0.6,mut-98c72c,1784086472.9613838,True,
2026-07-31T17:44:28.508319+00:00,MSFT,high_volatility,125,False,0.0294,6,0.431,0.667,0.0199,0.0398,5,0.794,0.8,mut-955852,1785519867.5357225,True,
2026-07-31T17:44:33.538768+00:00,NVDA,high_volatility,125,False,0.0203,2,2.081,1.0,0.0,0.0225,2,3.025,1.0,mut-78d460,1785433250.8173203,True,
2026-07-31T17:44:38.639355+00:00,GOOGL,high_volatility,125,False,0.0,0,,,,0.0229,2,3.208,1.0,mut-bf5889,1784776571.9995205,True,
2026-07-31T17:44:42.817911+00:00,AMZN,high_volatility,125,False,-0.0151,5,-0.309,0.2,0.0297,0.025,2,5.016,1.0,imm-5ecbb6,1784948103.51404,True,
2026-07-31T17:44:47.020984+00:00,META,high_volatility,125,False,0.0,0,,,,0.0191,4,0.44,0.5,mut-c58e56,1784059191.2592885,True,
2026-07-31T17:44:52.073267+00:00,TSLA,high_volatility,125,False,0.0126,5,0.225,0.6,0.0199,0.0236,4,0.569,0.75,mut-842635,1783887921.345828,True,
2026-07-31T17:44:56.042302+00:00,BRKB,trending_up,125,False,0.0064,4,0.136,0.5,0.01,0.0107,2,0.551,0.5,mut-b3b3f6,1783888008.384338,True,
2026-07-31T17:45:00.295179+00:00,LLY,high_volatility,125,False,0.0143,2,0.909,0.5,0.0,0.0385,5,0.756,0.8,mut-5648c7,1784363164.0287595,True,
2026-07-31T17:45:05.383065+00:00,V,trending_up,125,False,0.0024,4,0.056,0.5,0.01,0.0391,5,0.784,0.8,mut-1b8e6f,1785174490.8748248,True,
2026-07-31T17:45:10.342447+00:00,JPM,high_volatility,125,False,0.0244,4,0.596,0.75,0.01,0.0529,4,3.8,1.0,mut-1a805e,1785293689.6423478,True,
2026-08-01T03:16:16.303649+00:00,EURUSD,ranging,130,False,0.0137,4,0.29,0.5,0.01,0.0214,2,2.499,1.0,mut-9ac3c3,1784827527.8572602,True,
2026-08-01T03:16:20.756128+00:00,GBPUSD,ranging,130,False,-0.0052,3,-0.146,0.333,0.0199,0.013,3,0.408,0.667,mut-5089ff,1785321738.3398762,True,
2026-08-01T03:16:24.638172+00:00,USDJPY,ranging,131,False,0.015,2,1.0,0.5,0.0,0.0436,3,18.115,1.0,mut-84bada,1784629717.863137,True,
2026-08-01T03:16:29.287394+00:00,AUDUSD,ranging,130,False,0.0148,2,0.971,0.5,0.0,0.0208,2,2.255,1.0,mut-56a4e2,1785345504.775803,True,
2026-08-01T03:16:33.958537+00:00,USDCAD,ranging,131,False,0.0227,3,0.707,0.667,0.0,0.0424,4,1.321,0.75,mut-fd7afd,1784124334.4320092,True,
2026-08-01T03:16:38.479352+00:00,USDCHF,ranging,130,False,0.0237,3,0.777,0.667,0.0,0.0293,2,44.593,1.0,imm-4fc33a,1784741046.2585468,True,
2026-08-01T03:16:44.088094+00:00,NZDUSD,ranging,130,False,-0.0057,1,0.0,0.0,0.0,0.0146,2,0.951,0.5,mut-9ac759,1785321761.60003,True,
2026-08-01T03:16:47.986561+00:00,EURGBP,ranging,130,False,0.0241,4,0.578,0.75,0.01,0.028,3,1.139,0.667,mut-e402c5,1785433132.65746,True,
2026-08-01T03:16:52.508509+00:00,EURJPY,ranging,130,False,0.0049,2,0.193,0.5,0.01,0.0049,2,0.193,0.5,mut-74bdf5,1785122908.0481284,True,
2026-08-01T03:16:57.116117+00:00,GBPJPY,ranging,130,False,-0.025,6,-0.454,0.167,0.025,0.0008,4,0.02,0.5,mut-2269fc,1784038083.5193317,True,
2026-08-01T03:17:01.159541+00:00,XAUUSD,trending_down,125,True,0.0249,3,0.865,0.667,0.0,0.0249,3,0.865,0.667,mut-88bbda,1785554220.9155602,True,
2026-08-01T03:17:05.744815+00:00,USOIL,high_volatility,125,False,0.0,0,,,,0.0203,2,2.087,1.0,mut-44fc90,1783821407.0754356,True,
2026-08-01T03:17:10.977715+00:00,BTCUSD,high_volatility,181,False,0.0252,4,0.605,0.75,0.01,0.0607,5,1.893,0.8,mut-785457,1783821498.0682824,True,
2026-08-01T03:17:16.622145+00:00,ETHUSD,high_volatility,181,False,0.0067,6,0.096,0.5,0.0297,0.0338,5,0.629,0.6,imm-7ac82e,1784277230.6638775,True,
2026-08-01T03:17:21.895250+00:00,SOLUSD,high_volatility,181,False,0.0192,5,0.329,0.6,0.0199,0.0223,4,0.53,0.75,mut-db8220,1785206756.6628072,True,
2026-08-01T03:17:27.337386+00:00,XRPUSD,high_volatility,181,False,0.0147,5,0.257,0.6,0.0199,0.0376,5,0.738,0.8,mut-eb4a78,1785174380.1173518,True,
2026-08-01T03:17:32.808192+00:00,BNBUSD,high_volatility,181,False,-0.0243,4,-0.918,0.25,0.0297,0.0213,4,0.509,0.75,init-ed6e0c,1785206767.0475347,True,
2026-08-01T03:17:38.056668+00:00,ADAUSD,high_volatility,181,False,0.0257,8,0.265,0.5,0.0199,0.0435,5,0.874,0.8,mut-a36803,1785235220.1110218,True,
2026-08-01T03:17:42.660204+00:00,SPX,ranging,125,False,-0.0166,3,-0.888,0.333,0.0199,0.004,1,0.0,1.0,mut-a5176c,1784861666.493881,True,
2026-08-01T03:17:47.282960+00:00,NASDAQ,high_volatility,125,False,-0.028,4,-1.389,0.25,0.0297,,,,,,,True,
2026-08-01T03:17:51.804044+00:00,DJI,ranging,125,False,-0.0428,7,-0.717,0.143,0.0347,0.017,2,1.3,1.0,mut-28bf02,1784827628.5364316,True,
2026-08-01T03:17:56.215738+00:00,RUT,ranging,125,False,-0.0307,4,-2.003,0.0,0.0297,0.0187,2,1.663,1.0,mut-71c912,1784688870.3744597,True,
2026-08-01T03:18:00.909368+00:00,VIX,high_volatility,126,True,0.0633,6,1.142,0.833,0.01,0.0633,6,1.142,0.833,imm-16ac8a,1785554280.6698093,True,
2026-08-01T03:18:04.896722+00:00,FTSE,trending_up,126,False,-0.0089,5,-0.171,0.4,0.0199,0.0103,3,0.33,0.667,mut-1f332c,1784382988.2949674,True,
2026-08-01T03:18:08.912862+00:00,DAX,ranging,127,False,0.0,0,,,,0.0064,3,0.206,0.667,mut-9657c6,1784212009.9277182,True,
2026-08-01T03:18:12.880465+00:00,CAC40,ranging,127,False,-0.0394,4,-88.999,0.0,0.0394,0.0141,2,0.89,0.5,mut-b9b556,1784630003.5888314,True,
2026-08-01T03:18:17.020684+00:00,NIKKEI,high_volatility,122,False,-0.0058,4,-0.143,0.25,0.01,0.0244,3,0.828,0.667,mut-c1d5a1,1783914987.901319,True,
2026-08-01T03:18:21.579700+00:00,HSI,high_volatility,120,True,0.0446,5,0.904,0.8,0.01,0.0446,5,0.904,0.8,mut-72c855,1785554301.4431474,True,
2026-08-01T03:18:25.409410+00:00,SENSEX,ranging,122,False,-0.0007,2,-0.039,0.5,0.01,0.001,3,0.03,0.333,mut-dddd39,1784038554.1117454,True,
2026-08-01T03:18:29.471162+00:00,ASX200,trending_up,127,False,-0.0112,3,-0.423,0.333,0.0199,,,,,,,True,
2026-08-01T03:18:34.127088+00:00,AAPL,high_volatility,125,False,-0.0679,7,-49.767,0.0,0.0679,0.01,5,0.179,0.6,mut-98c72c,1784086472.9613838,True,
2026-08-01T03:18:39.001744+00:00,MSFT,high_volatility,125,False,0.0412,5,0.83,0.8,0.01,0.0412,5,0.83,0.8,mut-f5b501,1785554318.1520886,True,
2026-08-01T03:18:43.905592+00:00,NVDA,high_volatility,125,False,-0.0074,2,-0.586,0.5,0.01,0.0225,2,3.025,1.0,mut-78d460,1785433250.8173203,True,
2026-08-01T03:18:48.762261+00:00,GOOGL,high_volatility,125,False,0.0,0,,,,0.0229,2,3.208,1.0,mut-bf5889,1784776571.9995205,True,
2026-08-01T03:18:52.830840+00:00,AMZN,high_volatility,125,False,-0.0151,5,-0.309,0.2,0.0297,0.025,2,5.016,1.0,imm-5ecbb6,1784948103.51404,True,
2026-08-01T03:18:56.849537+00:00,META,high_volatility,125,False,-0.009,4,-0.222,0.25,0.0199,0.0191,4,0.44,0.5,mut-c58e56,1784059191.2592885,True,
2026-08-01T03:19:01.554221+00:00,TSLA,high_volatility,125,False,0.0123,5,0.219,0.6,0.0199,0.0236,4,0.569,0.75,mut-842635,1783887921.345828,True,
2026-08-01T03:19:05.469020+00:00,BRKB,ranging,125,False,-0.0199,2,-199.0,0.0,0.0199,0.014,3,0.439,0.667,mut-43a374,1785433274.0539877,True,
2026-08-01T03:19:10.217235+00:00,LLY,high_volatility,125,False,0.015,2,0.995,0.5,0.0,0.0385,5,0.756,0.8,mut-5648c7,1784363164.0287595,True,
2026-08-01T03:19:14.898409+00:00,V,trending_up,125,False,-0.0292,4,-1.616,0.25,0.0297,0.0391,5,0.784,0.8,mut-1b8e6f,1785174490.8748248,True,
2026-08-01T03:19:19.591421+00:00,JPM,high_volatility,125,False,0.0232,4,0.564,0.75,0.01,0.0529,4,3.8,1.0,mut-1a805e,1785293689.6423478,True,
2026-08-01T10:02:13.545123+00:00,EURUSD,ranging,130,False,0.0137,4,0.29,0.5,0.01,0.0214,2,2.499,1.0,mut-9ac3c3,1784827527.8572602,True,
2026-08-01T10:02:18.172090+00:00,GBPUSD,ranging,131,False,0.0005,3,0.016,0.333,0.01,0.013,3,0.408,0.667,mut-5089ff,1785321738.3398762,True,
2026-08-01T10:02:22.853865+00:00,USDJPY,ranging,131,False,0.0398,6,0.551,0.667,0.0199,0.0436,3,18.115,1.0,mut-84bada,1784629717.863137,True,
2026-08-01T10:02:26.662587+00:00,AUDUSD,ranging,131,False,-0.0327,4,-2.731,0.0,0.0297,0.0208,2,2.255,1.0,mut-56a4e2,1785345504.775803,True,
2026-08-01T10:02:31.475112+00:00,USDCAD,ranging,131,False,0.023,3,0.729,0.667,0.0,0.0424,4,1.321,0.75,mut-fd7afd,1784124334.4320092,True,
2026-08-01T10:02:36.175714+00:00,USDCHF,ranging,130,False,0.0237,3,0.777,0.667,0.0,0.0293,2,44.593,1.0,imm-4fc33a,1784741046.2585468,True,
2026-08-01T10:02:40.213725+00:00,NZDUSD,ranging,131,False,0.0049,2,0.193,0.5,0.01,0.0146,2,0.951,0.5,mut-9ac759,1785321761.60003,True,
2026-08-01T10:02:44.903096+00:00,EURGBP,ranging,130,False,0.0199,3,0.554,0.667,0.01,0.028,3,1.139,0.667,mut-e402c5,1785433132.65746,True,
2026-08-01T10:02:49.643969+00:00,EURJPY,ranging,130,False,0.0,0,,,,0.0049,2,0.193,0.5,mut-74bdf5,1785122908.0481284,True,
2026-08-01T10:02:54.422888+00:00,GBPJPY,ranging,131,False,-0.0133,6,-0.203,0.333,0.025,0.0008,4,0.02,0.5,mut-2269fc,1784038083.5193317,True,
2026-08-01T10:02:58.304725+00:00,XAUUSD,trending_down,125,True,0.0274,3,1.076,0.667,0.0,0.0274,3,1.076,0.667,mut-6544d3,1785578578.1723938,True,
2026-08-01T10:03:03.000660+00:00,USOIL,high_volatility,125,False,-0.0111,4,-0.267,0.25,0.0199,0.0203,2,2.087,1.0,mut-44fc90,1783821407.0754356,True,
2026-08-01T10:03:08.608718+00:00,BTCUSD,high_volatility,182,False,0.025,4,0.602,0.75,0.01,0.0607,5,1.893,0.8,mut-785457,1783821498.0682824,True,
2026-08-01T10:03:14.315386+00:00,ETHUSD,high_volatility,182,False,0.0163,4,0.36,0.5,0.01,0.0338,5,0.629,0.6,imm-7ac82e,1784277230.6638775,True,
2026-08-01T10:03:18.730700+00:00,SOLUSD,high_volatility,182,False,0.0195,5,0.333,0.6,0.0199,0.0223,4,0.53,0.75,mut-db8220,1785206756.6628072,True,
2026-08-01T10:03:24.383871+00:00,XRPUSD,high_volatility,182,False,0.0338,5,0.632,0.6,0.01,0.0376,5,0.738,0.8,mut-eb4a78,1785174380.1173518,True,
2026-08-01T10:03:30.168073+00:00,BNBUSD,high_volatility,182,False,-0.0235,4,-0.84,0.25,0.0297,0.0213,4,0.509,0.75,init-ed6e0c,1785206767.0475347,True,
2026-08-01T10:03:34.606457+00:00,ADAUSD,high_volatility,182,False,0.0249,8,0.255,0.5,0.0199,0.0435,5,0.874,0.8,mut-a36803,1785235220.1110218,True,
2026-08-01T10:03:39.243399+00:00,SPX,ranging,125,False,-0.035,4,-4.381,0.0,0.0297,0.004,1,0.0,1.0,mut-a5176c,1784861666.493881,True,
2026-08-01T10:03:44.145934+00:00,NASDAQ,high_volatility,125,False,-0.028,4,-1.389,0.25,0.0297,,,,,,,True,
2026-08-01T10:03:48.171318+00:00,DJI,ranging,125,False,0.0087,3,0.287,0.667,0.01,0.017,2,1.3,1.0,mut-28bf02,1784827628.5364316,True,
2026-08-01T10:03:52.819584+00:00,RUT,ranging,125,False,-0.0307,4,-2.003,0.0,0.0297,0.0187,2,1.663,1.0,mut-71c912,1784688870.3744597,True,
2026-08-01T10:03:57.355116+00:00,VIX,high_volatility,126,False,0.0,0,,,,0.0633,6,1.142,0.833,imm-16ac8a,1785554280.6698093,True,
2026-08-01T10:04:02.058104+00:00,FTSE,trending_up,126,False,-0.0333,5,-1.045,0.2,0.0394,0.0103,3,0.33,0.667,mut-1f332c,1784382988.2949674,True,
2026-08-01T10:04:06.859573+00:00,DAX,ranging,127,False,0.0,0,,,,0.0064,3,0.206,0.667,mut-9657c6,1784212009.9277182,True,
2026-08-01T10:04:10.889687+00:00,CAC40,ranging,127,False,-0.0394,4,-88.999,0.0,0.0394,0.0141,2,0.89,0.5,mut-b9b556,1784630003.5888314,True,
2026-08-01T10:04:15.511110+00:00,NIKKEI,high_volatility,122,False,-0.0058,4,-0.143,0.25,0.01,0.0244,3,0.828,0.667,mut-c1d5a1,1783914987.901319,True,
2026-08-01T10:04:20.146339+00:00,HSI,high_volatility,120,False,0.0,0,,,,0.0446,5,0.904,0.8,mut-72c855,1785554301.4431474,True,
2026-08-01T10:04:24.046412+00:00,SENSEX,ranging,122,False,-0.0007,2,-0.039,0.5,0.01,0.001,3,0.03,0.333,mut-dddd39,1784038554.1117454,True,
2026-08-01T10:04:28.162500+00:00,ASX200,trending_up,127,False,-0.0199,2,-199.0,0.0,0.0199,,,,,,,True,
2026-08-01T10:04:32.976861+00:00,AAPL,high_volatility,125,False,0.0,0,,,,0.01,5,0.179,0.6,mut-98c72c,1784086472.9613838,True,
2026-08-01T10:04:38.140748+00:00,MSFT,high_volatility,125,False,0.0308,6,0.452,0.667,0.0199,0.0412,5,0.83,0.8,mut-f5b501,1785554318.1520886,True,
2026-08-01T10:04:42.969949+00:00,NVDA,high_volatility,125,False,0.0194,2,1.839,1.0,0.0,0.0225,2,3.025,1.0,mut-78d460,1785433250.8173203,True,
2026-08-01T10:04:47.975297+00:00,GOOGL,high_volatility,125,False,0.0,0,,,,0.0229,2,3.208,1.0,mut-bf5889,1784776571.9995205,True,
2026-08-01T10:04:52.871472+00:00,AMZN,high_volatility,125,False,-0.0151,5,-0.309,0.2,0.0297,0.025,2,5.016,1.0,imm-5ecbb6,1784948103.51404,True,
2026-08-01T10:04:57.043784+00:00,META,high_volatility,125,False,-0.009,4,-0.222,0.25,0.0199,0.0191,4,0.44,0.5,mut-c58e56,1784059191.2592885,True,
2026-08-01T10:05:01.157375+00:00,TSLA,high_volatility,125,False,0.0,0,,,,0.0236,4,0.569,0.75,mut-842635,1783887921.345828,True,
2026-08-01T10:05:05.759038+00:00,BRKB,ranging,125,False,-0.0117,3,-0.456,0.333,0.0199,0.014,3,0.439,0.667,mut-43a374,1785433274.0539877,True,
2026-08-01T10:05:10.700945+00:00,LLY,high_volatility,125,False,-0.0048,4,-0.117,0.5,0.01,0.0385,5,0.756,0.8,mut-5648c7,1784363164.0287595,True,
2026-08-01T10:05:14.838946+00:00,V,trending_up,125,False,-0.007,4,-0.174,0.25,0.0199,0.0391,5,0.784,0.8,mut-1b8e6f,1785174490.8748248,True,
2026-08-01T10:05:19.646618+00:00,JPM,high_volatility,125,False,0.0336,3,2.013,1.0,0.0,0.0529,4,3.8,1.0,mut-1a805e,1785293689.6423478,True,
2026-08-01T17:03:06.046799+00:00,EURUSD,ranging,130,False,0.0137,4,0.29,0.5,0.01,0.0214,2,2.499,1.0,mut-9ac3c3,1784827527.8572602,True,
2026-08-01T17:03:10.902519+00:00,GBPUSD,ranging,131,False,-0.001,3,-0.029,0.333,0.01,0.013,3,0.408,0.667,mut-5089ff,1785321738.3398762,True,
2026-08-01T17:03:15.603109+00:00,USDJPY,ranging,131,False,-0.0728,11,-0.93,0.091,0.0728,0.0436,3,18.115,1.0,mut-84bada,1784629717.863137,True,
2026-08-01T17:03:20.378180+00:00,AUDUSD,ranging,131,False,-0.0327,4,-2.731,0.0,0.0297,0.0208,2,2.255,1.0,mut-56a4e2,1785345504.775803,True,
2026-08-01T17:03:25.326128+00:00,USDCAD,ranging,131,False,0.0,0,,,,0.0424,4,1.321,0.75,mut-fd7afd,1784124334.4320092,True,
2026-08-01T17:03:30.130377+00:00,USDCHF,ranging,130,False,0.0237,3,0.777,0.667,0.0,0.0293,2,44.593,1.0,imm-4fc33a,1784741046.2585468,True,
2026-08-01T17:03:34.171459+00:00,NZDUSD,ranging,131,False,0.0049,2,0.193,0.5,0.01,0.0146,2,0.951,0.5,mut-9ac759,1785321761.60003,True,
2026-08-01T17:03:38.107018+00:00,EURGBP,ranging,130,False,0.0199,3,0.554,0.667,0.01,0.028,3,1.139,0.667,mut-e402c5,1785433132.65746,True,
2026-08-01T17:03:42.796599+00:00,EURJPY,ranging,130,False,-0.0151,5,-0.309,0.2,0.0297,0.0049,2,0.193,0.5,mut-74bdf5,1785122908.0481284,True,
2026-08-01T17:03:47.792539+00:00,GBPJPY,ranging,131,False,0.0,0,,,,0.0008,4,0.02,0.5,mut-2269fc,1784038083.5193317,True,
2026-08-01T17:03:51.709184+00:00,XAUUSD,trending_down,125,False,0.0274,3,1.076,0.667,0.0,0.0274,3,1.076,0.667,mut-6544d3,1785578578.1723938,True,
2026-08-01T17:03:56.534570+00:00,USOIL,high_volatility,125,False,0.0,0,,,,0.0203,2,2.087,1.0,mut-44fc90,1783821407.0754356,True,
2026-08-01T17:04:02.461743+00:00,BTCUSD,high_volatility,182,False,0.0252,4,0.605,0.75,0.01,0.0607,5,1.893,0.8,mut-785457,1783821498.0682824,True,
2026-08-01T17:04:08.303585+00:00,ETHUSD,high_volatility,182,False,0.0161,4,0.355,0.5,0.01,0.0338,5,0.629,0.6,imm-7ac82e,1784277230.6638775,True,
2026-08-01T17:04:14.255199+00:00,SOLUSD,high_volatility,182,False,0.0195,5,0.332,0.6,0.0199,0.0223,4,0.53,0.75,mut-db8220,1785206756.6628072,True,
2026-08-01T17:04:20.067280+00:00,XRPUSD,high_volatility,182,False,0.0,0,,,,0.0376,5,0.738,0.8,mut-eb4a78,1785174380.1173518,True,
2026-08-01T17:04:25.855517+00:00,BNBUSD,high_volatility,182,False,-0.0403,5,-2.249,0.0,0.0394,0.0213,4,0.509,0.75,init-ed6e0c,1785206767.0475347,True,
2026-08-01T17:04:30.231811+00:00,ADAUSD,high_volatility,182,False,0.0234,8,0.238,0.5,0.0199,0.0435,5,0.874,0.8,mut-a36803,1785235220.1110218,True,
2026-08-01T17:04:34.975741+00:00,SPX,ranging,125,False,-0.0166,3,-0.888,0.333,0.0199,0.004,1,0.0,1.0,mut-a5176c,1784861666.493881,True,
2026-08-01T17:04:40.003781+00:00,NASDAQ,high_volatility,125,False,0.0,0,,,,,,,,,,True,
2026-08-01T17:04:43.968765+00:00,DJI,ranging,125,False,0.0087,3,0.287,0.667,0.01,0.017,2,1.3,1.0,mut-28bf02,1784827628.5364316,True,
2026-08-01T17:04:48.701073+00:00,RUT,ranging,125,False,-0.0307,4,-2.003,0.0,0.0297,0.0187,2,1.663,1.0,mut-71c912,1784688870.3744597,True,
2026-08-01T17:04:53.463528+00:00,VIX,high_volatility,126,False,0.0038,6,0.056,0.5,0.0199,0.0633,6,1.142,0.833,imm-16ac8a,1785554280.6698093,True,
2026-08-01T17:04:58.425229+00:00,FTSE,trending_up,126,False,-0.0315,4,-2.234,0.0,0.0297,0.0103,3,0.33,0.667,mut-1f332c,1784382988.2949674,True,
2026-08-01T17:05:03.252905+00:00,DAX,ranging,127,False,-0.0052,4,-0.129,0.25,0.0199,0.0064,3,0.206,0.667,mut-9657c6,1784212009.9277182,True,
2026-08-01T17:05:08.395315+00:00,CAC40,ranging,127,False,-0.0203,4,-0.606,0.25,0.0297,0.0141,2,0.89,0.5,mut-b9b556,1784630003.5888314,True,
2026-08-01T17:05:12.311188+00:00,NIKKEI,high_volatility,122,False,-0.0495,8,-0.758,0.125,0.0585,0.0244,3,0.828,0.667,mut-c1d5a1,1783914987.901319,True,
2026-08-01T17:05:17.124367+00:00,HSI,high_volatility,120,False,0.0446,5,0.904,0.8,0.01,0.0446,5,0.904,0.8,mut-72c855,1785554301.4431474,True,
2026-08-01T17:05:21.776998+00:00,SENSEX,ranging,122,False,-0.0334,4,-3.114,0.0,0.0297,0.001,3,0.03,0.333,mut-dddd39,1784038554.1117454,True,
2026-08-01T17:05:25.885509+00:00,ASX200,trending_up,127,False,-0.0199,2,-199.0,0.0,0.0199,,,,,,,True,
2026-08-01T17:05:30.813235+00:00,AAPL,high_volatility,125,False,0.0,0,,,,0.01,5,0.179,0.6,mut-98c72c,1784086472.9613838,True,
2026-08-01T17:05:35.947091+00:00,MSFT,high_volatility,125,False,0.0412,5,0.83,0.8,0.01,0.0412,5,0.83,0.8,mut-f5b501,1785554318.1520886,True,
2026-08-01T17:05:40.957626+00:00,NVDA,high_volatility,125,False,0.0194,2,1.839,1.0,0.0,0.0225,2,3.025,1.0,mut-78d460,1785433250.8173203,True,
2026-08-01T17:05:46.084372+00:00,GOOGL,high_volatility,125,False,0.0,0,,,,0.0229,2,3.208,1.0,mut-bf5889,1784776571.9995205,True,
2026-08-01T17:05:51.080429+00:00,AMZN,high_volatility,125,False,0.0097,5,0.172,0.4,0.01,0.025,2,5.016,1.0,imm-5ecbb6,1784948103.51404,True,
2026-08-01T17:05:56.169030+00:00,META,high_volatility,125,False,-0.009,4,-0.222,0.25,0.0199,0.0191,4,0.44,0.5,mut-c58e56,1784059191.2592885,True,
2026-08-01T17:06:01.257577+00:00,TSLA,high_volatility,125,False,0.0123,5,0.219,0.6,0.0199,0.0236,4,0.569,0.75,mut-842635,1783887921.345828,True,
2026-08-01T17:06:05.997812+00:00,BRKB,ranging,125,False,-0.0117,3,-0.456,0.333,0.0199,0.014,3,0.439,0.667,mut-43a374,1785433274.0539877,True,
2026-08-01T17:06:11.013854+00:00,LLY,high_volatility,125,False,-0.0048,4,-0.117,0.5,0.01,0.0385,5,0.756,0.8,mut-5648c7,1784363164.0287595,True,
2026-08-01T17:06:15.986897+00:00,V,trending_up,125,False,0.003,4,0.068,0.5,0.01,0.0391,5,0.784,0.8,mut-1b8e6f,1785174490.8748248,True,
2026-08-01T17:06:20.859997+00:00,JPM,high_volatility,125,False,0.0068,5,0.12,0.4,0.0199,0.0529,4,3.8,1.0,mut-1a805e,1785293689.6423478,True,
2026-08-02T03:16:29.898039+00:00,EURUSD,ranging,130,False,0.0137,4,0.29,0.5,0.01,0.0214,2,2.499,1.0,mut-9ac3c3,1784827527.8572602,True,
2026-08-02T03:16:34.347046+00:00,GBPUSD,ranging,131,False,-0.0015,3,-0.044,0.333,0.01,0.013,3,0.408,0.667,mut-5089ff,1785321738.3398762,True,
2026-08-02T03:16:38.245004+00:00,USDJPY,ranging,131,False,0.0146,1,0.0,1.0,0.0,0.0436,3,18.115,1.0,mut-84bada,1784629717.863137,True,
2026-08-02T03:16:42.777481+00:00,AUDUSD,ranging,131,False,0.0148,2,0.971,0.5,0.0,0.0208,2,2.255,1.0,mut-56a4e2,1785345504.775803,True,
2026-08-02T03:16:48.750866+00:00,USDCAD,ranging,131,False,0.023,3,0.729,0.667,0.0,0.0424,4,1.321,0.75,mut-fd7afd,1784124334.4320092,True,
2026-08-02T03:16:53.445887+00:00,USDCHF,ranging,130,False,0.0237,3,0.777,0.667,0.0,0.0293,2,44.593,1.0,imm-4fc33a,1784741046.2585468,True,
2026-08-02T03:16:58.207493+00:00,NZDUSD,ranging,131,False,-0.0002,3,-0.008,0.333,0.01,0.0146,2,0.951,0.5,mut-9ac759,1785321761.60003,True,
2026-08-02T03:17:03.046118+00:00,EURGBP,ranging,130,False,0.0199,3,0.554,0.667,0.01,0.028,3,1.139,0.667,mut-e402c5,1785433132.65746,True,
2026-08-02T03:17:09.609757+00:00,EURJPY,ranging,130,False,-0.01,1,0.0,0.0,0.01,0.0049,2,0.193,0.5,mut-74bdf5,1785122908.0481284,True,
2026-08-02T03:17:14.061040+00:00,GBPJPY,ranging,131,False,-0.0133,6,-0.203,0.333,0.025,0.0008,4,0.02,0.5,mut-2269fc,1784038083.5193317,True,
2026-08-02T03:17:18.344911+00:00,XAUUSD,trending_down,125,False,0.0274,3,1.076,0.667,0.0,0.0274,3,1.076,0.667,mut-6544d3,1785578578.1723938,True,
2026-08-02T03:17:22.899357+00:00,USOIL,high_volatility,125,False,0.0007,4,0.016,0.5,0.0199,0.0203,2,2.087,1.0,mut-44fc90,1783821407.0754356,True,
2026-08-02T03:17:27.543382+00:00,BTCUSD,high_volatility,181,False,0.0,0,,,,0.0607,5,1.893,0.8,mut-785457,1783821498.0682824,True,
2026-08-02T03:17:32.146624+00:00,ETHUSD,high_volatility,181,False,0.0072,6,0.103,0.5,0.0297,0.0338,5,0.629,0.6,imm-7ac82e,1784277230.6638775,True,
2026-08-02T03:17:37.396804+00:00,SOLUSD,high_volatility,181,False,0.0011,6,0.017,0.5,0.0297,0.0223,4,0.53,0.75,mut-db8220,1785206756.6628072,True,
2026-08-02T03:17:41.778662+00:00,XRPUSD,high_volatility,181,False,0.0,0,,,,0.0376,5,0.738,0.8,mut-eb4a78,1785174380.1173518,True,
2026-08-02T03:17:47.546203+00:00,BNBUSD,high_volatility,181,False,0.0,0,,,,0.0213,4,0.509,0.75,init-ed6e0c,1785206767.0475347,True,
2026-08-02T03:17:51.769291+00:00,ADAUSD,high_volatility,181,False,0.021,8,0.209,0.5,0.0199,0.0435,5,0.874,0.8,mut-a36803,1785235220.1110218,True,
2026-08-02T03:17:56.217482+00:00,SPX,ranging,125,False,-0.035,4,-4.381,0.0,0.0297,0.004,1,0.0,1.0,mut-a5176c,1784861666.493881,True,
2026-08-02T03:18:00.787962+00:00,NASDAQ,high_volatility,125,False,-0.028,4,-1.389,0.25,0.0297,,,,,,,True,
2026-08-02T03:18:04.775011+00:00,DJI,ranging,125,False,0.0087,3,0.287,0.667,0.01,0.017,2,1.3,1.0,mut-28bf02,1784827628.5364316,True,
2026-08-02T03:18:09.155155+00:00,RUT,ranging,125,False,-0.0307,4,-2.003,0.0,0.0297,0.0187,2,1.663,1.0,mut-71c912,1784688870.3744597,True,
2026-08-02T03:18:13.441437+00:00,VIX,high_volatility,126,False,-0.0209,6,-0.363,0.333,0.025,0.0633,6,1.142,0.833,imm-16ac8a,1785554280.6698093,True,
2026-08-02T03:18:17.311213+00:00,FTSE,trending_up,126,False,-0.0394,4,-88.999,0.0,0.0394,0.0103,3,0.33,0.667,mut-1f332c,1784382988.2949674,True,
2026-08-02T03:18:21.207438+00:00,DAX,ranging,127,False,0.0,0,,,,0.0064,3,0.206,0.667,mut-9657c6,1784212009.9277182,True,
2026-08-02T03:18:25.139542+00:00,CAC40,ranging,127,False,-0.0394,4,-88.999,0.0,0.0394,0.0141,2,0.89,0.5,mut-b9b556,1784630003.5888314,True,
2026-08-02T03:18:28.913137+00:00,NIKKEI,high_volatility,122,False,-0.0203,8,-0.239,0.25,0.0347,0.0244,3,0.828,0.667,mut-c1d5a1,1783914987.901319,True,
2026-08-02T03:18:33.271408+00:00,HSI,high_volatility,120,False,0.0226,5,0.373,0.6,0.0199,0.0446,5,0.904,0.8,mut-72c855,1785554301.4431474,True,
2026-08-02T03:18:37.033451+00:00,SENSEX,ranging,122,False,-0.0334,4,-3.114,0.0,0.0297,0.001,3,0.03,0.333,mut-dddd39,1784038554.1117454,True,
2026-08-02T03:18:40.945579+00:00,ASX200,trending_up,127,False,-0.0199,2,-199.0,0.0,0.0199,,,,,,,True,
2026-08-02T03:18:45.419738+00:00,AAPL,high_volatility,125,False,-0.0004,6,-0.006,0.333,0.01,0.01,5,0.179,0.6,mut-98c72c,1784086472.9613838,True,
2026-08-02T03:18:50.225653+00:00,MSFT,high_volatility,125,False,0.0412,5,0.83,0.8,0.01,0.0412,5,0.83,0.8,mut-f5b501,1785554318.1520886,True,
2026-08-02T03:18:54.738788+00:00,NVDA,high_volatility,125,False,-0.0074,2,-0.586,0.5,0.01,0.0225,2,3.025,1.0,mut-78d460,1785433250.8173203,True,
2026-08-02T03:18:58.827263+00:00,GOOGL,high_volatility,125,False,0.0,0,,,,0.0229,2,3.208,1.0,mut-bf5889,1784776571.9995205,True,
2026-08-02T03:19:02.951217+00:00,AMZN,high_volatility,125,False,0.0,0,,,,0.025,2,5.016,1.0,imm-5ecbb6,1784948103.51404,True,
2026-08-02T03:19:07.645090+00:00,META,high_volatility,125,False,-0.0341,5,-1.122,0.2,0.0394,0.0191,4,0.44,0.5,mut-c58e56,1784059191.2592885,True,
2026-08-02T03:19:12.407043+00:00,TSLA,high_volatility,125,False,0.0123,5,0.219,0.6,0.0199,0.0236,4,0.569,0.75,mut-842635,1783887921.345828,True,
2026-08-02T03:19:16.738261+00:00,BRKB,ranging,125,False,-0.0117,3,-0.456,0.333,0.0199,0.014,3,0.439,0.667,mut-43a374,1785433274.0539877,True,
2026-08-02T03:19:21.296559+00:00,LLY,high_volatility,125,False,0.015,2,0.995,0.5,0.0,0.0385,5,0.756,0.8,mut-5648c7,1784363164.0287595,True,
2026-08-02T03:19:25.282184+00:00,V,trending_up,125,False,0.0,0,,,,0.0391,5,0.784,0.8,mut-1b8e6f,1785174490.8748248,True,
2026-08-02T03:19:29.731296+00:00,JPM,high_volatility,125,False,0.0232,4,0.564,0.75,0.01,0.0529,4,3.8,1.0,mut-1a805e,1785293689.6423478,True,
2026-08-02T10:00:31.309847+00:00,EURUSD,ranging,130,False,0.0137,4,0.29,0.5,0.01,0.0214,2,2.499,1.0,mut-9ac3c3,1784827527.8572602,True,
2026-08-02T10:00:36.009569+00:00,GBPUSD,ranging,131,False,-0.0052,3,-0.146,0.333,0.0199,0.013,3,0.408,0.667,mut-5089ff,1785321738.3398762,True,
2026-08-02T10:00:40.776253+00:00,USDJPY,ranging,131,False,0.0146,1,0.0,1.0,0.0,0.0436,3,18.115,1.0,mut-84bada,1784629717.863137,True,
2026-08-02T10:00:45.704028+00:00,AUDUSD,ranging,131,False,0.0148,2,0.971,0.5,0.0,0.0208,2,2.255,1.0,mut-56a4e2,1785345504.775803,True,
2026-08-02T10:00:50.495923+00:00,USDCAD,ranging,131,False,0.023,3,0.729,0.667,0.0,0.0424,4,1.321,0.75,mut-fd7afd,1784124334.4320092,True,
2026-08-02T10:00:54.530923+00:00,USDCHF,ranging,130,False,0.0237,3,0.777,0.667,0.0,0.0293,2,44.593,1.0,imm-4fc33a,1784741046.2585468,True,
2026-08-02T10:00:59.261095+00:00,NZDUSD,ranging,131,False,-0.0002,3,-0.008,0.333,0.01,0.0146,2,0.951,0.5,mut-9ac759,1785321761.60003,True,
2026-08-02T10:01:03.200594+00:00,EURGBP,ranging,130,False,0.0241,4,0.578,0.75,0.01,0.028,3,1.139,0.667,mut-e402c5,1785433132.65746,True,
2026-08-02T10:01:07.893186+00:00,EURJPY,ranging,130,False,0.0049,2,0.193,0.5,0.01,0.0049,2,0.193,0.5,mut-74bdf5,1785122908.0481284,True,
2026-08-02T10:01:12.782672+00:00,GBPJPY,ranging,131,False,-0.0133,6,-0.203,0.333,0.025,0.0008,4,0.02,0.5,mut-2269fc,1784038083.5193317,True,
2026-08-02T10:01:17.345049+00:00,XAUUSD,trending_down,125,False,0.0245,3,0.834,0.667,0.0,0.0274,3,1.076,0.667,mut-6544d3,1785578578.1723938,True,
2026-08-02T10:01:22.163665+00:00,USOIL,high_volatility,125,False,0.0,0,,,,0.0203,2,2.087,1.0,mut-44fc90,1783821407.0754356,True,
2026-08-02T10:01:27.070010+00:00,BTCUSD,high_volatility,182,False,0.0,0,,,,0.0607,5,1.893,0.8,mut-785457,1783821498.0682824,True,
2026-08-02T10:01:32.004739+00:00,ETHUSD,high_volatility,182,False,0.0069,6,0.099,0.5,0.0297,0.0338,5,0.629,0.6,imm-7ac82e,1784277230.6638775,True,
2026-08-02T10:01:37.687833+00:00,SOLUSD,high_volatility,182,False,0.0005,6,0.008,0.5,0.0297,0.0223,4,0.53,0.75,mut-db8220,1785206756.6628072,True,
2026-08-02T10:01:43.628368+00:00,XRPUSD,high_volatility,182,False,0.0264,4,0.635,0.75,0.01,0.0376,5,0.738,0.8,mut-eb4a78,1785174380.1173518,True,
2026-08-02T10:01:48.743552+00:00,BNBUSD,high_volatility,182,False,0.0,0,,,,0.0213,4,0.509,0.75,init-ed6e0c,1785206767.0475347,True,
2026-08-02T10:01:53.231582+00:00,ADAUSD,high_volatility,182,False,0.0151,6,0.199,0.5,0.01,0.0435,5,0.874,0.8,mut-a36803,1785235220.1110218,True,
2026-08-02T10:01:58.014012+00:00,SPX,ranging,125,False,0.0,0,,,,0.004,1,0.0,1.0,mut-a5176c,1784861666.493881,True,
2026-08-02T10:02:03.015040+00:00,NASDAQ,high_volatility,125,False,-0.028,4,-1.389,0.25,0.0297,,,,,,,True,
2026-08-02T10:02:07.687179+00:00,DJI,ranging,125,False,-0.0428,7,-0.717,0.143,0.0347,0.017,2,1.3,1.0,mut-28bf02,1784827628.5364316,True,
2026-08-02T10:02:12.414339+00:00,RUT,ranging,125,False,-0.0307,4,-2.003,0.0,0.0297,0.0187,2,1.663,1.0,mut-71c912,1784688870.3744597,True,
2026-08-02T10:02:16.329084+00:00,VIX,high_volatility,126,False,0.0,0,,,,0.0633,6,1.142,0.833,imm-16ac8a,1785554280.6698093,True,
2026-08-02T10:02:20.398946+00:00,FTSE,trending_up,126,False,-0.0089,5,-0.171,0.4,0.0199,0.0103,3,0.33,0.667,mut-1f332c,1784382988.2949674,True,
2026-08-02T10:02:24.411854+00:00,DAX,ranging,127,False,-0.0199,2,-199.0,0.0,0.0199,0.0064,3,0.206,0.667,mut-9657c6,1784212009.9277182,True,
2026-08-02T10:02:29.321261+00:00,CAC40,ranging,127,False,-0.0394,4,-88.999,0.0,0.0394,0.0141,2,0.89,0.5,mut-b9b556,1784630003.5888314,True,
2026-08-02T10:02:33.278352+00:00,NIKKEI,high_volatility,122,False,-0.0207,6,-0.353,0.333,0.0394,0.0244,3,0.828,0.667,mut-c1d5a1,1783914987.901319,True,
2026-08-02T10:02:37.227818+00:00,HSI,high_volatility,120,False,-0.0062,5,-0.114,0.4,0.0199,0.0446,5,0.904,0.8,mut-72c855,1785554301.4431474,True,
2026-08-02T10:02:41.847043+00:00,SENSEX,ranging,122,False,-0.0268,4,-1.206,0.25,0.0297,0.001,3,0.03,0.333,mut-dddd39,1784038554.1117454,True,
2026-08-02T10:02:45.922701+00:00,ASX200,trending_up,127,False,0.0,0,,,,,,,,,,True,
2026-08-02T10:02:50.831159+00:00,AAPL,high_volatility,125,False,-0.0104,7,-0.137,0.286,0.0199,0.01,5,0.179,0.6,mut-98c72c,1784086472.9613838,True,
2026-08-02T10:02:54.941287+00:00,MSFT,high_volatility,125,False,0.0006,4,0.013,0.5,0.01,0.0412,5,0.83,0.8,mut-f5b501,1785554318.1520886,True,
2026-08-02T10:02:59.857784+00:00,NVDA,high_volatility,125,False,0.0194,2,1.839,1.0,0.0,0.0225,2,3.025,1.0,mut-78d460,1785433250.8173203,True,
2026-08-02T10:03:04.863990+00:00,GOOGL,high_volatility,125,False,-0.0093,4,-0.226,0.25,0.0199,0.0229,2,3.208,1.0,mut-bf5889,1784776571.9995205,True,
2026-08-02T10:03:09.915666+00:00,AMZN,high_volatility,125,False,-0.0151,5,-0.309,0.2,0.0297,0.025,2,5.016,1.0,imm-5ecbb6,1784948103.51404,True,
2026-08-02T10:03:14.929948+00:00,META,high_volatility,125,False,-0.009,4,-0.222,0.25,0.0199,0.0191,4,0.44,0.5,mut-c58e56,1784059191.2592885,True,
2026-08-02T10:03:19.992134+00:00,TSLA,high_volatility,125,False,0.0,0,,,,0.0236,4,0.569,0.75,mut-842635,1783887921.345828,True,
2026-08-02T10:03:24.692193+00:00,BRKB,ranging,125,False,-0.0117,3,-0.456,0.333,0.0199,0.014,3,0.439,0.667,mut-43a374,1785433274.0539877,True,
2026-08-02T10:03:29.772305+00:00,LLY,high_volatility,125,False,0.015,2,0.995,0.5,0.0,0.0385,5,0.756,0.8,mut-5648c7,1784363164.0287595,True,
2026-08-02T10:03:33.991299+00:00,V,trending_up,125,False,-0.007,4,-0.174,0.25,0.0199,0.0391,5,0.784,0.8,mut-1b8e6f,1785174490.8748248,True,
2026-08-02T10:03:38.916620+00:00,JPM,high_volatility,125,False,-0.01,1,0.0,0.0,0.01,0.0529,4,3.8,1.0,mut-1a805e,1785293689.6423478,True,
2026-08-02T17:02:56.865928+00:00,EURUSD,ranging,130,False,0.0137,4,0.29,0.5,0.01,0.0214,2,2.499,1.0,mut-9ac3c3,1784827527.8572602,True,
2026-08-02T17:03:01.680116+00:00,GBPUSD,ranging,131,False,0.0005,3,0.016,0.333,0.01,0.013,3,0.408,0.667,mut-5089ff,1785321738.3398762,True,
2026-08-02T17:03:06.479229+00:00,USDJPY,ranging,131,False,0.0398,6,0.551,0.667,0.0199,0.0436,3,18.115,1.0,mut-84bada,1784629717.863137,True,
2026-08-02T17:03:11.359539+00:00,AUDUSD,ranging,131,False,0.0148,2,0.971,0.5,0.0,0.0208,2,2.255,1.0,mut-56a4e2,1785345504.775803,True,
2026-08-02T17:03:16.351976+00:00,USDCAD,ranging,131,False,0.023,3,0.729,0.667,0.0,0.0424,4,1.321,0.75,mut-fd7afd,1784124334.4320092,True,
2026-08-02T17:03:21.142055+00:00,USDCHF,ranging,130,False,0.0237,3,0.777,0.667,0.0,0.0293,2,44.593,1.0,imm-4fc33a,1784741046.2585468,True,
2026-08-02T17:03:26.125087+00:00,NZDUSD,ranging,131,False,-0.0015,3,-0.046,0.333,0.01,0.0146,2,0.951,0.5,mut-9ac759,1785321761.60003,True,
2026-08-02T17:03:30.224270+00:00,EURGBP,ranging,130,False,0.0199,3,0.554,0.667,0.01,0.028,3,1.139,0.667,mut-e402c5,1785433132.65746,True,
2026-08-02T17:03:34.310048+00:00,EURJPY,ranging,130,False,0.0,0,,,,0.0049,2,0.193,0.5,mut-74bdf5,1785122908.0481284,True,
2026-08-02T17:03:39.197594+00:00,GBPJPY,ranging,131,False,-0.0133,6,-0.203,0.333,0.025,0.0008,4,0.02,0.5,mut-2269fc,1784038083.5193317,True,
2026-08-02T17:03:43.885793+00:00,XAUUSD,trending_down,125,False,0.0245,3,0.834,0.667,0.0,0.0274,3,1.076,0.667,mut-6544d3,1785578578.1723938,True,
2026-08-02T17:03:48.739094+00:00,USOIL,high_volatility,125,False,-0.0111,4,-0.267,0.25,0.0199,0.0203,2,2.087,1.0,mut-44fc90,1783821407.0754356,True,
2026-08-02T17:03:55.411518+00:00,BTCUSD,high_volatility,182,False,0.0,0,,,,0.0607,5,1.893,0.8,mut-785457,1783821498.0682824,True,
2026-08-02T17:04:00.329604+00:00,ETHUSD,high_volatility,182,False,0.0164,4,0.363,0.5,0.01,0.0338,5,0.629,0.6,imm-7ac82e,1784277230.6638775,True,
2026-08-02T17:04:06.327606+00:00,SOLUSD,high_volatility,182,False,0.001,6,0.015,0.5,0.0297,0.0223,4,0.53,0.75,mut-db8220,1785206756.6628072,True,
2026-08-02T17:04:12.651887+00:00,XRPUSD,high_volatility,182,False,0.0,0,,,,0.0376,5,0.738,0.8,mut-eb4a78,1785174380.1173518,True,
2026-08-02T17:04:18.747057+00:00,BNBUSD,high_volatility,182,False,-0.0146,3,-0.676,0.333,0.0199,0.0213,4,0.509,0.75,init-ed6e0c,1785206767.0475347,True,
2026-08-02T17:04:23.369967+00:00,ADAUSD,high_volatility,182,False,0.0195,8,0.192,0.5,0.0199,0.0435,5,0.874,0.8,mut-a36803,1785235220.1110218,True,
2026-08-02T17:04:28.158966+00:00,SPX,ranging,125,False,-0.0166,3,-0.888,0.333,0.0199,0.004,1,0.0,1.0,mut-a5176c,1784861666.493881,True,
2026-08-02T17:04:33.198196+00:00,NASDAQ,high_volatility,125,False,-0.028,4,-1.389,0.25,0.0297,,,,,,,True,
2026-08-02T17:04:38.061102+00:00,DJI,ranging,125,False,0.0,0,,,,0.017,2,1.3,1.0,mut-28bf02,1784827628.5364316,True,
2026-08-02T17:04:42.848396+00:00,RUT,ranging,125,False,-0.0307,4,-2.003,0.0,0.0297,0.0187,2,1.663,1.0,mut-71c912,1784688870.3744597,True,
2026-08-02T17:04:47.508226+00:00,VIX,high_volatility,126,False,0.0165,6,0.223,0.5,0.01,0.0633,6,1.142,0.833,imm-16ac8a,1785554280.6698093,True,
2026-08-02T17:04:52.572361+00:00,FTSE,trending_up,126,False,-0.0089,5,-0.171,0.4,0.0199,0.0103,3,0.33,0.667,mut-1f332c,1784382988.2949674,True,
2026-08-02T17:04:56.707510+00:00,DAX,ranging,127,False,-0.0199,2,-199.0,0.0,0.0199,0.0064,3,0.206,0.667,mut-9657c6,1784212009.9277182,True,
2026-08-02T17:05:00.975252+00:00,CAC40,ranging,127,False,0.0,0,,,,0.0141,2,0.89,0.5,mut-b9b556,1784630003.5888314,True,
2026-08-02T17:05:05.103543+00:00,NIKKEI,high_volatility,122,False,-0.0058,4,-0.143,0.25,0.01,0.0244,3,0.828,0.667,mut-c1d5a1,1783914987.901319,True,
2026-08-02T17:05:09.300974+00:00,HSI,high_volatility,120,False,0.0257,6,0.375,0.667,0.0199,0.0446,5,0.904,0.8,mut-72c855,1785554301.4431474,True,
2026-08-02T17:05:13.307610+00:00,SENSEX,ranging,122,False,-0.0281,3,-11.265,0.0,0.0199,0.001,3,0.03,0.333,mut-dddd39,1784038554.1117454,True,
2026-08-02T17:05:17.511116+00:00,ASX200,trending_up,127,False,-0.024,3,-2.901,0.0,0.0199,,,,,,,True,
2026-08-02T17:05:22.507205+00:00,AAPL,high_volatility,125,False,0.0,0,,,,0.0146,7,0.179,0.429,imm-c4a531,1785690321.6809092,True,
2026-08-02T17:05:27.792124+00:00,MSFT,high_volatility,125,False,0.0412,5,0.83,0.8,0.01,0.0412,5,0.83,0.8,mut-f5b501,1785554318.1520886,True,
2026-08-02T17:05:33.064667+00:00,NVDA,high_volatility,125,False,-0.0074,2,-0.586,0.5,0.01,0.0225,2,3.025,1.0,mut-78d460,1785433250.8173203,True,
2026-08-02T17:05:38.265218+00:00,GOOGL,high_volatility,125,False,0.0,0,,,,0.0229,2,3.208,1.0,mut-bf5889,1784776571.9995205,True,
2026-08-02T17:05:42.586861+00:00,AMZN,high_volatility,125,False,0.0,0,,,,0.025,2,5.016,1.0,imm-5ecbb6,1784948103.51404,True,
2026-08-02T17:05:46.858146+00:00,META,high_volatility,125,False,-0.009,4,-0.222,0.25,0.0199,0.0191,4,0.44,0.5,mut-c58e56,1784059191.2592885,True,
2026-08-02T17:05:51.974069+00:00,TSLA,high_volatility,125,False,-0.0126,5,-0.258,0.4,0.0297,0.0236,4,0.569,0.75,mut-842635,1783887921.345828,True,
2026-08-02T17:05:56.068720+00:00,BRKB,ranging,125,False,-0.0199,2,-199.0,0.0,0.0199,0.014,3,0.439,0.667,mut-43a374,1785433274.0539877,True,
2026-08-02T17:06:01.111087+00:00,LLY,high_volatility,125,False,0.015,2,0.995,0.5,0.0,0.0385,5,0.756,0.8,mut-5648c7,1784363164.0287595,True,
2026-08-02T17:06:05.442809+00:00,V,trending_up,125,False,0.003,4,0.068,0.5,0.01,0.0391,5,0.784,0.8,mut-1b8e6f,1785174490.8748248,True,
2026-08-02T17:06:10.404017+00:00,JPM,high_volatility,125,False,0.0232,4,0.564,0.75,0.01,0.0529,4,3.8,1.0,mut-1a805e,1785293689.6423478,True,
2026-08-03T03:18:12.654244+00:00,EURUSD,ranging,130,False,0.0132,4,0.279,0.5,0.01,0.0214,2,2.499,1.0,mut-9ac3c3,1784827527.8572602,True,
2026-08-03T03:18:16.963089+00:00,GBPUSD,ranging,130,False,0.0015,3,0.047,0.333,0.01,0.013,3,0.408,0.667,mut-5089ff,1785321738.3398762,True,
2026-08-03T03:18:21.397576+00:00,USDJPY,ranging,130,False,0.015,2,1.0,0.5,0.0,0.0436,3,18.115,1.0,mut-84bada,1784629717.863137,True,
2026-08-03T03:18:25.949623+00:00,AUDUSD,ranging,130,False,0.0115,2,0.625,0.5,0.0,0.0208,2,2.255,1.0,mut-56a4e2,1785345504.775803,True,
2026-08-03T03:18:30.550471+00:00,USDCAD,ranging,130,False,0.0242,3,0.812,0.667,0.0,0.0424,4,1.321,0.75,mut-fd7afd,1784124334.4320092,True,
2026-08-03T03:18:34.400324+00:00,USDCHF,ranging,130,False,0.0188,2,1.678,1.0,0.0,0.0293,2,44.593,1.0,imm-4fc33a,1784741046.2585468,True,
2026-08-03T03:18:38.857475+00:00,NZDUSD,ranging,130,False,0.0,0,,,,0.0146,2,0.951,0.5,mut-9ac759,1785321761.60003,True,
2026-08-03T03:18:42.585312+00:00,EURGBP,ranging,130,False,0.0227,4,0.539,0.75,0.01,0.028,3,1.139,0.667,mut-e402c5,1785433132.65746,True,
2026-08-03T03:18:46.753540+00:00,EURJPY,ranging,130,False,-0.01,1,0.0,0.0,0.01,0.0049,2,0.193,0.5,mut-74bdf5,1785122908.0481284,True,
2026-08-03T03:18:50.677798+00:00,GBPJPY,ranging,130,False,-0.0104,7,-0.138,0.286,0.025,0.0008,4,0.02,0.5,mut-2269fc,1784038083.5193317,True,
2026-08-03T03:18:54.522144+00:00,XAUUSD,ranging,126,True,0.024,3,0.794,0.667,0.0,0.024,3,0.794,0.667,mut-6bbcc8,1785727134.4109955,True,
2026-08-03T03:18:58.900497+00:00,USOIL,high_volatility,126,False,-0.0059,4,-0.143,0.25,0.0199,0.0203,2,2.087,1.0,mut-44fc90,1783821407.0754356,True,
2026-08-03T03:19:04.166589+00:00,BTCUSD,high_volatility,181,False,-0.0298,6,-0.549,0.167,0.0297,0.0607,5,1.893,0.8,mut-785457,1783821498.0682824,True,
2026-08-03T03:19:09.398880+00:00,ETHUSD,high_volatility,181,False,0.0065,6,0.093,0.5,0.0297,0.0338,5,0.629,0.6,imm-7ac82e,1784277230.6638775,True,
2026-08-03T03:19:14.610720+00:00,SOLUSD,high_volatility,181,False,-0.0029,6,-0.043,0.333,0.0297,0.0223,4,0.53,0.75,mut-db8220,1785206756.6628072,True,
2026-08-03T03:19:19.935539+00:00,XRPUSD,high_volatility,181,False,0.0296,4,0.708,0.75,0.01,0.0376,5,0.738,0.8,mut-eb4a78,1785174380.1173518,True,
2026-08-03T03:19:25.532027+00:00,BNBUSD,high_volatility,181,False,0.0079,3,0.26,0.667,0.01,0.0213,4,0.509,0.75,init-ed6e0c,1785206767.0475347,True,
2026-08-03T03:19:30.615103+00:00,ADAUSD,high_volatility,181,False,0.0044,5,0.074,0.4,0.0199,0.0435,5,0.874,0.8,mut-a36803,1785235220.1110218,True,
2026-08-03T03:19:34.956969+00:00,SPX,ranging,125,False,-0.0166,3,-0.888,0.333,0.0199,0.004,1,0.0,1.0,mut-a5176c,1784861666.493881,True,
2026-08-03T03:19:39.485144+00:00,NASDAQ,high_volatility,125,False,-0.028,4,-1.389,0.25,0.0297,,,,,,,True,
2026-08-03T03:19:43.914780+00:00,DJI,ranging,125,False,-0.0428,7,-0.717,0.143,0.0347,0.017,2,1.3,1.0,mut-28bf02,1784827628.5364316,True,
2026-08-03T03:19:48.403460+00:00,RUT,ranging,125,False,-0.0307,4,-2.003,0.0,0.0297,0.0187,2,1.663,1.0,mut-71c912,1784688870.3744597,True,
2026-08-03T03:19:52.671007+00:00,VIX,high_volatility,126,False,0.0633,6,1.142,0.833,0.01,0.0633,6,1.142,0.833,imm-16ac8a,1785554280.6698093,True,
2026-08-03T03:19:56.566572+00:00,FTSE,trending_up,126,False,-0.0297,3,-121.863,0.0,0.0297,0.0103,3,0.33,0.667,mut-1f332c,1784382988.2949674,True,
2026-08-03T03:20:00.585339+00:00,DAX,ranging,127,False,0.0,0,,,,0.0064,3,0.206,0.667,mut-9657c6,1784212009.9277182,True,
2026-08-03T03:20:04.489633+00:00,CAC40,ranging,127,False,-0.0024,2,-0.134,0.5,0.01,0.0141,2,0.89,0.5,mut-b9b556,1784630003.5888314,True,
2026-08-03T03:20:09.011878+00:00,NIKKEI,high_volatility,122,False,-0.0026,4,-0.064,0.5,0.01,0.0244,3,0.828,0.667,mut-c1d5a1,1783914987.901319,True,
2026-08-03T03:20:12.861086+00:00,HSI,high_volatility,120,False,0.0199,4,0.466,0.5,0.01,0.0446,5,0.904,0.8,mut-72c855,1785554301.4431474,True,
2026-08-03T03:20:17.170038+00:00,SENSEX,ranging,122,False,-0.0044,2,-0.282,0.5,0.01,0.001,3,0.03,0.333,mut-dddd39,1784038554.1117454,True,
2026-08-03T03:20:21.112809+00:00,ASX200,trending_up,127,False,-0.0125,3,-0.508,0.333,0.0199,,,,,,,True,
2026-08-03T03:20:25.625193+00:00,AAPL,high_volatility,125,False,0.0,0,,,,0.0146,7,0.179,0.429,imm-c4a531,1785690321.6809092,True,
2026-08-03T03:20:29.679003+00:00,MSFT,high_volatility,125,False,0.0412,5,0.83,0.8,0.01,0.0412,5,0.83,0.8,mut-f5b501,1785554318.1520886,True,
2026-08-03T03:20:34.276638+00:00,NVDA,high_volatility,125,False,-0.0074,2,-0.586,0.5,0.01,0.0225,2,3.025,1.0,mut-78d460,1785433250.8173203,True,
2026-08-03T03:20:38.924041+00:00,GOOGL,high_volatility,125,False,0.0,0,,,,0.0229,2,3.208,1.0,mut-bf5889,1784776571.9995205,True,
2026-08-03T03:20:42.933460+00:00,AMZN,high_volatility,125,False,-0.0151,5,-0.309,0.2,0.0297,0.025,2,5.016,1.0,imm-5ecbb6,1784948103.51404,True,
2026-08-03T03:20:47.481923+00:00,META,high_volatility,125,False,-0.0341,5,-1.122,0.2,0.0394,0.0191,4,0.44,0.5,mut-c58e56,1784059191.2592885,True,
2026-08-03T03:20:52.162546+00:00,TSLA,high_volatility,125,False,0.0123,5,0.219,0.6,0.0199,0.0236,4,0.569,0.75,mut-842635,1783887921.345828,True,
2026-08-03T03:20:56.546242+00:00,BRKB,ranging,125,False,-0.0158,5,-0.331,0.2,0.0297,0.014,3,0.439,0.667,mut-43a374,1785433274.0539877,True,
2026-08-03T03:21:01.212458+00:00,LLY,high_volatility,125,False,0.015,2,0.995,0.5,0.0,0.0385,5,0.756,0.8,mut-5648c7,1784363164.0287595,True,
2026-08-03T03:21:05.743008+00:00,V,trending_up,125,False,0.003,4,0.068,0.5,0.01,0.0391,5,0.784,0.8,mut-1b8e6f,1785174490.8748248,True,
2026-08-03T03:21:10.274830+00:00,JPM,high_volatility,125,False,0.0232,4,0.564,0.75,0.01,0.0529,4,3.8,1.0,mut-1a805e,1785293689.6423478,True,
2026-08-03T11:28:13.462950+00:00,EURUSD,ranging,130,False,0.0138,4,0.293,0.5,0.01,0.0214,2,2.499,1.0,mut-9ac3c3,1784827527.8572602,True,
2026-08-03T11:28:18.177172+00:00,GBPUSD,ranging,130,False,0.002,3,0.064,0.333,0.01,0.013,3,0.408,0.667,mut-5089ff,1785321738.3398762,True,
2026-08-03T11:28:23.137261+00:00,USDJPY,ranging,130,False,0.015,2,1.0,0.5,0.0,0.0436,3,18.115,1.0,mut-84bada,1784629717.863137,True,
2026-08-03T11:28:27.929500+00:00,AUDUSD,ranging,130,False,0.0142,2,0.899,0.5,0.0,0.0208,2,2.255,1.0,mut-56a4e2,1785345504.775803,True,
2026-08-03T11:28:32.837289+00:00,USDCAD,ranging,130,False,0.025,3,0.87,0.667,0.0,0.0424,4,1.321,0.75,mut-fd7afd,1784124334.4320092,True,
2026-08-03T11:28:37.817931+00:00,USDCHF,ranging,130,False,0.019,2,1.721,1.0,0.0,0.0293,2,44.593,1.0,imm-4fc33a,1784741046.2585468,True,
2026-08-03T11:28:42.528119+00:00,NZDUSD,ranging,130,False,0.0033,3,0.107,0.333,0.01,0.0146,2,0.951,0.5,mut-9ac759,1785321761.60003,True,
2026-08-03T11:28:46.429940+00:00,EURGBP,ranging,130,False,0.0199,3,0.554,0.667,0.01,0.028,3,1.139,0.667,mut-e402c5,1785433132.65746,True,
2026-08-03T11:28:51.083024+00:00,EURJPY,ranging,130,False,-0.01,1,0.0,0.0,0.01,0.0049,2,0.193,0.5,mut-74bdf5,1785122908.0481284,True,
2026-08-03T11:28:55.351489+00:00,GBPJPY,ranging,130,False,0.0,0,,,,0.0008,4,0.02,0.5,mut-2269fc,1784038083.5193317,True,
2026-08-03T11:29:00.076681+00:00,XAUUSD,ranging,125,False,0.0106,3,0.341,0.667,0.01,0.024,3,0.794,0.667,mut-6bbcc8,1785727134.4109955,True,
2026-08-03T11:29:04.808400+00:00,USOIL,high_volatility,125,False,-0.0284,6,-0.522,0.167,0.0297,0.0203,2,2.087,1.0,mut-44fc90,1783821407.0754356,True,
2026-08-03T11:29:10.646665+00:00,BTCUSD,high_volatility,182,False,0.033,3,1.881,1.0,0.0,0.0607,5,1.893,0.8,mut-785457,1783821498.0682824,True,
2026-08-03T11:29:15.112344+00:00,ETHUSD,high_volatility,182,False,0.0174,4,0.391,0.5,0.01,0.0338,5,0.629,0.6,imm-7ac82e,1784277230.6638775,True,
2026-08-03T11:29:21.020361+00:00,SOLUSD,high_volatility,182,False,0.0025,6,0.037,0.5,0.0297,0.0223,4,0.53,0.75,mut-db8220,1785206756.6628072,True,
2026-08-03T11:29:26.924091+00:00,XRPUSD,high_volatility,182,False,0.0,0,,,,0.0376,5,0.738,0.8,mut-eb4a78,1785174380.1173518,True,
2026-08-03T11:29:33.128754+00:00,BNBUSD,high_volatility,182,False,0.0025,3,0.081,0.333,0.01,0.0213,4,0.509,0.75,init-ed6e0c,1785206767.0475347,True,
2026-08-03T11:29:38.856629+00:00,ADAUSD,high_volatility,182,False,0.0298,7,0.334,0.571,0.0199,0.0435,5,0.874,0.8,mut-a36803,1785235220.1110218,True,
2026-08-03T11:29:43.585771+00:00,SPX,ranging,125,False,-0.035,4,-4.381,0.0,0.0297,0.004,1,0.0,1.0,mut-a5176c,1784861666.493881,True,
2026-08-03T11:29:48.469241+00:00,NASDAQ,high_volatility,125,False,-0.028,4,-1.389,0.25,0.0297,,,,,,,True,
2026-08-03T11:29:53.180614+00:00,DJI,ranging,125,False,0.0,0,,,,0.017,2,1.3,1.0,mut-28bf02,1784827628.5364316,True,
2026-08-03T11:29:57.949916+00:00,RUT,ranging,125,False,-0.0307,4,-2.003,0.0,0.0297,0.0187,2,1.663,1.0,mut-71c912,1784688870.3744597,True,
2026-08-03T11:30:02.622812+00:00,VIX,high_volatility,126,False,-0.0209,6,-0.362,0.333,0.025,0.0633,6,1.142,0.833,imm-16ac8a,1785554280.6698093,True,
2026-08-03T11:30:06.705158+00:00,FTSE,trending_up,126,False,-0.0014,4,-0.034,0.5,0.0199,0.0103,3,0.33,0.667,mut-1f332c,1784382988.2949674,True,
2026-08-03T11:30:10.804002+00:00,DAX,trending_up,127,True,0.0057,6,0.084,0.5,0.0297,0.0057,6,0.084,0.5,market-e95422,1785756610.6588433,True,
2026-08-03T11:30:14.960986+00:00,CAC40,trending_up,127,False,-0.0394,4,-88.999,0.0,0.0394,0.0095,1,0.0,1.0,mut-c37df1,1785151776.1300797,True,
2026-08-03T11:30:19.723542+00:00,NIKKEI,high_volatility,122,False,-0.0041,4,-0.1,0.5,0.01,0.0244,3,0.828,0.667,mut-c1d5a1,1783914987.901319,True,
2026-08-03T11:30:24.569251+00:00,HSI,high_volatility,120,False,0.0051,4,0.112,0.5,0.0199,0.0446,5,0.904,0.8,mut-72c855,1785554301.4431474,True,
2026-08-03T11:30:28.525395+00:00,SENSEX,ranging,122,False,-0.0151,5,-0.316,0.2,0.0297,0.001,3,0.03,0.333,mut-dddd39,1784038554.1117454,True,
2026-08-03T11:30:32.625901+00:00,ASX200,trending_up,127,False,-0.0065,4,-0.159,0.25,0.0199,,,,,,,True,
2026-08-03T11:30:37.567099+00:00,AAPL,high_volatility,125,False,-0.0347,7,-0.561,0.143,0.049,0.0146,7,0.179,0.429,imm-c4a531,1785690321.6809092,True,
2026-08-03T11:30:41.902083+00:00,MSFT,high_volatility,125,False,0.0412,5,0.83,0.8,0.01,0.0412,5,0.83,0.8,mut-f5b501,1785554318.1520886,True,
2026-08-03T11:30:46.974862+00:00,NVDA,high_volatility,125,False,-0.0074,2,-0.586,0.5,0.01,0.0225,2,3.025,1.0,mut-78d460,1785433250.8173203,True,
2026-08-03T11:30:51.178503+00:00,GOOGL,high_volatility,125,False,0.0,0,,,,0.0229,2,3.208,1.0,mut-bf5889,1784776571.9995205,True,
2026-08-03T11:30:56.329804+00:00,AMZN,high_volatility,125,False,0.0,0,,,,0.025,2,5.016,1.0,imm-5ecbb6,1784948103.51404,True,
2026-08-03T11:31:00.584469+00:00,META,high_volatility,125,False,-0.009,4,-0.222,0.25,0.0199,0.0191,4,0.44,0.5,mut-c58e56,1784059191.2592885,True,
2026-08-03T11:31:05.640106+00:00,TSLA,high_volatility,125,False,0.0123,5,0.219,0.6,0.0199,0.0236,4,0.569,0.75,mut-842635,1783887921.345828,True,
2026-08-03T11:31:09.632300+00:00,BRKB,ranging,125,False,-0.0117,3,-0.456,0.333,0.0199,0.014,3,0.439,0.667,mut-43a374,1785433274.0539877,True,
2026-08-03T11:31:14.629668+00:00,LLY,high_volatility,125,False,0.0,0,,,,0.0385,5,0.756,0.8,mut-5648c7,1784363164.0287595,True,
2026-08-03T11:31:18.784936+00:00,V,trending_up,125,False,0.003,4,0.068,0.5,0.01,0.0391,5,0.784,0.8,mut-1b8e6f,1785174490.8748248,True,
2026-08-03T11:31:23.687771+00:00,JPM,high_volatility,125,False,0.0426,4,1.347,0.75,0.0,0.0529,4,3.8,1.0,mut-1a805e,1785293689.6423478,True,
2026-08-03T17:53:37.582639+00:00,EURUSD,ranging,130,False,0.0159,4,0.349,0.5,0.01,0.0214,2,2.499,1.0,mut-9ac3c3,1784827527.8572602,True,
2026-08-03T17:53:42.168487+00:00,GBPUSD,ranging,130,False,0.0045,3,0.145,0.333,0.01,0.013,3,0.408,0.667,mut-5089ff,1785321738.3398762,True,
2026-08-03T17:53:46.994938+00:00,USDJPY,ranging,130,False,0.0195,9,0.181,0.444,0.025,0.0436,3,18.115,1.0,mut-84bada,1784629717.863137,True,
2026-08-03T17:53:51.662478+00:00,AUDUSD,ranging,130,False,0.0149,2,0.985,0.5,0.0,0.0208,2,2.255,1.0,mut-56a4e2,1785345504.775803,True,
2026-08-03T17:53:56.450675+00:00,USDCAD,ranging,130,False,0.0,0,,,,0.0424,4,1.321,0.75,mut-fd7afd,1784124334.4320092,True,
2026-08-03T17:54:01.572874+00:00,USDCHF,ranging,130,False,0.0208,2,2.274,1.0,0.0,0.0293,2,44.593,1.0,imm-4fc33a,1784741046.2585468,True,
2026-08-03T17:54:05.454255+00:00,NZDUSD,ranging,130,False,-0.0051,1,0.0,0.0,0.0,0.0146,2,0.951,0.5,mut-9ac759,1785321761.60003,True,
2026-08-03T17:54:09.359749+00:00,EURGBP,ranging,130,False,0.0183,4,0.418,0.5,0.01,0.028,3,1.139,0.667,mut-e402c5,1785433132.65746,True,
2026-08-03T17:54:13.975439+00:00,EURJPY,ranging,130,False,-0.01,1,0.0,0.0,0.01,0.0049,2,0.193,0.5,mut-74bdf5,1785122908.0481284,True,
2026-08-03T17:54:18.101278+00:00,GBPJPY,ranging,130,False,0.0,0,,,,0.0008,4,0.02,0.5,mut-2269fc,1784038083.5193317,True,
2026-08-03T17:54:22.541918+00:00,XAUUSD,trending_down,125,False,0.015,4,0.328,0.5,0.01,0.0274,3,1.076,0.667,mut-6544d3,1785578578.1723938,True,
2026-08-03T17:54:27.304790+00:00,USOIL,high_volatility,125,False,-0.028,6,-0.514,0.167,0.0297,0.0203,2,2.087,1.0,mut-44fc90,1783821407.0754356,True,
2026-08-03T17:54:33.016678+00:00,BTCUSD,high_volatility,182,False,0.0048,3,0.156,0.333,0.01,0.0607,5,1.893,0.8,mut-785457,1783821498.0682824,True,
2026-08-03T17:54:38.729473+00:00,ETHUSD,high_volatility,182,False,0.0162,4,0.357,0.5,0.01,0.0338,5,0.629,0.6,imm-7ac82e,1784277230.6638775,True,
2026-08-03T17:54:44.362314+00:00,SOLUSD,high_volatility,182,False,0.0127,5,0.224,0.6,0.0199,0.0223,4,0.53,0.75,mut-db8220,1785206756.6628072,True,
2026-08-03T17:54:50.140902+00:00,XRPUSD,high_volatility,182,False,0.0,0,,,,0.0376,5,0.738,0.8,mut-eb4a78,1785174380.1173518,True,
2026-08-03T17:54:56.208726+00:00,BNBUSD,high_volatility,182,False,0.0018,3,0.057,0.333,0.01,0.0213,4,0.509,0.75,init-ed6e0c,1785206767.0475347,True,
2026-08-03T17:55:00.528400+00:00,ADAUSD,high_volatility,182,False,0.0171,6,0.23,0.5,0.0199,0.0435,5,0.874,0.8,mut-a36803,1785235220.1110218,True,
2026-08-03T17:55:05.268275+00:00,SPX,ranging,125,False,-0.0394,5,-1.999,0.0,0.0394,0.004,1,0.0,1.0,mut-a5176c,1784861666.493881,True,
2026-08-03T17:55:10.149660+00:00,NASDAQ,ranging,125,False,-0.0324,4,-2.618,0.0,0.0297,0.0177,11,0.132,0.455,mut-d84022,1783650806.8484473,True,
2026-08-03T17:55:14.795084+00:00,DJI,ranging,125,False,-0.0219,4,-0.718,0.25,0.0297,0.017,2,1.3,1.0,mut-28bf02,1784827628.5364316,True,
2026-08-03T17:55:19.414230+00:00,RUT,ranging,125,False,-0.0098,2,-0.964,0.5,0.01,0.0187,2,1.663,1.0,mut-71c912,1784688870.3744597,True,
2026-08-03T17:55:23.310193+00:00,VIX,high_volatility,126,False,-0.0205,6,-0.354,0.333,0.025,0.0633,6,1.142,0.833,imm-16ac8a,1785554280.6698093,True,
2026-08-03T17:55:27.394832+00:00,FTSE,trending_up,126,False,-0.0093,5,-0.18,0.4,0.0199,0.0103,3,0.33,0.667,mut-1f332c,1784382988.2949674,True,
2026-08-03T17:55:31.307152+00:00,DAX,trending_up,127,False,-0.0028,5,-0.047,0.4,0.0297,0.0057,6,0.084,0.5,market-e95422,1785756610.6588433,True,
2026-08-03T17:55:36.279957+00:00,CAC40,trending_up,127,True,0.0037,4,0.083,0.5,0.0199,0.0037,4,0.083,0.5,mut-34ed4a,1785779736.1396375,True,
2026-08-03T17:55:40.929604+00:00,NIKKEI,high_volatility,121,False,-0.0058,4,-0.143,0.25,0.01,0.0244,3,0.828,0.667,mut-c1d5a1,1783914987.901319,True,
2026-08-03T17:55:45.639781+00:00,HSI,high_volatility,119,False,0.0226,5,0.373,0.6,0.0199,0.0446,5,0.904,0.8,mut-72c855,1785554301.4431474,True,
2026-08-03T17:55:49.667937+00:00,SENSEX,ranging,122,False,-0.0232,4,-0.814,0.25,0.0297,0.001,3,0.03,0.333,mut-dddd39,1784038554.1117454,True,
2026-08-03T17:55:53.824112+00:00,ASX200,trending_up,126,False,-0.0112,3,-0.423,0.333,0.0199,,,,,,,True,
2026-08-03T17:55:58.657840+00:00,AAPL,high_volatility,125,False,0.0097,4,0.193,0.5,0.01,0.0146,7,0.179,0.429,imm-c4a531,1785690321.6809092,True,
2026-08-03T17:56:02.807836+00:00,MSFT,high_volatility,125,False,0.0,0,,,,0.0412,5,0.83,0.8,mut-f5b501,1785554318.1520886,True,
2026-08-03T17:56:07.643132+00:00,NVDA,high_volatility,125,False,0.0097,5,0.172,0.4,0.01,0.0225,2,3.025,1.0,mut-78d460,1785433250.8173203,True,
2026-08-03T17:56:11.701964+00:00,GOOGL,high_volatility,125,False,0.0,0,,,,0.0229,2,3.208,1.0,mut-bf5889,1784776571.9995205,True,
2026-08-03T17:56:15.743435+00:00,AMZN,high_volatility,125,False,0.0287,4,0.695,0.75,0.01,0.025,2,5.016,1.0,imm-5ecbb6,1784948103.51404,True,
2026-08-03T17:56:20.686975+00:00,META,high_volatility,125,False,-0.0052,3,-0.148,0.333,0.01,0.0191,4,0.44,0.5,mut-c58e56,1784059191.2592885,True,
2026-08-03T17:56:24.699605+00:00,TSLA,high_volatility,125,False,0.0,0,,,,0.0236,4,0.569,0.75,mut-842635,1783887921.345828,True,
2026-08-03T17:56:28.706037+00:00,BRKB,trending_up,125,False,-0.0153,5,-0.32,0.2,0.0297,0.0107,2,0.551,0.5,mut-b3b3f6,1783888008.384338,True,
2026-08-03T17:56:33.753905+00:00,LLY,high_volatility,125,False,-0.0117,2,-1.404,0.0,0.01,0.0385,5,0.756,0.8,mut-5648c7,1784363164.0287595,True,
2026-08-03T17:56:37.869602+00:00,V,trending_up,125,False,0.0076,5,0.135,0.4,0.0199,0.0391,5,0.784,0.8,mut-1b8e6f,1785174490.8748248,True,
2026-08-03T17:56:42.700433+00:00,JPM,high_volatility,125,False,0.0071,5,0.126,0.4,0.0199,0.0529,4,3.8,1.0,mut-1a805e,1785293689.6423478,True,
2026-08-04T02:47:26.884817+00:00,EURUSD,ranging,130,False,0.0199,3,0.554,0.667,0.01,0.0214,2,2.499,1.0,mut-9ac3c3,1784827527.8572602,True,
2026-08-04T02:47:31.411428+00:00,GBPUSD,ranging,130,False,-0.0133,2,-1.977,0.0,0.01,0.013,3,0.408,0.667,mut-5089ff,1785321738.3398762,True,
2026-08-04T02:47:36.060747+00:00,USDJPY,ranging,130,False,0.0148,2,0.972,0.5,0.0,0.0436,3,18.115,1.0,mut-84bada,1784629717.863137,True,
2026-08-04T02:47:40.767466+00:00,AUDUSD,ranging,130,False,0.0128,2,0.741,0.5,0.0,0.0208,2,2.255,1.0,mut-56a4e2,1785345504.775803,True,
2026-08-04T02:47:45.615125+00:00,USDCAD,ranging,130,False,0.0,0,,,,0.0424,4,1.321,0.75,mut-fd7afd,1784124334.4320092,True,
2026-08-04T02:47:50.431667+00:00,USDCHF,ranging,130,False,0.0195,2,1.869,1.0,0.0,0.0293,2,44.593,1.0,imm-4fc33a,1784741046.2585468,True,
2026-08-04T02:47:55.005265+00:00,NZDUSD,trending_up,130,False,-0.0181,3,-1.086,0.333,0.0199,,,,,,,True,
2026-08-04T02:47:59.636761+00:00,EURGBP,ranging,130,False,0.0141,2,0.89,0.5,0.0,0.028,3,1.139,0.667,mut-e402c5,1785433132.65746,True,
2026-08-04T02:48:03.456860+00:00,EURJPY,ranging,130,False,-0.01,1,0.0,0.0,0.01,0.0049,2,0.193,0.5,mut-74bdf5,1785122908.0481284,True,
2026-08-04T02:48:08.045240+00:00,GBPJPY,ranging,130,False,-0.037,5,-1.514,0.2,0.0394,0.0122,5,0.219,0.6,mut-aa51f8,1785811687.2642987,True,
2026-08-04T02:48:12.654910+00:00,XAUUSD,ranging,125,False,0.01,3,0.323,0.667,0.01,0.024,3,0.794,0.667,mut-6bbcc8,1785727134.4109955,True,
2026-08-04T02:48:17.338167+00:00,USOIL,high_volatility,125,False,-0.002,6,-0.03,0.333,0.01,0.0203,2,2.087,1.0,mut-44fc90,1783821407.0754356,True,
2026-08-04T02:48:23.038614+00:00,BTCUSD,high_volatility,181,False,0.0302,3,1.409,0.667,0.0,0.0607,5,1.893,0.8,mut-785457,1783821498.0682824,True,
2026-08-04T02:48:27.448691+00:00,ETHUSD,high_volatility,181,False,0.0162,4,0.357,0.5,0.01,0.0338,5,0.629,0.6,imm-7ac82e,1784277230.6638775,True,
2026-08-04T02:48:32.880614+00:00,SOLUSD,high_volatility,181,False,0.018,5,0.312,0.6,0.0199,0.0223,4,0.53,0.75,mut-db8220,1785206756.6628072,True,
2026-08-04T02:48:38.331230+00:00,XRPUSD,high_volatility,181,False,0.0344,6,0.498,0.667,0.01,0.0376,5,0.738,0.8,mut-eb4a78,1785174380.1173518,True,
2026-08-04T02:48:43.903913+00:00,BNBUSD,high_volatility,181,False,0.0,0,,,,0.0213,4,0.509,0.75,init-ed6e0c,1785206767.0475347,True,
2026-08-04T02:48:48.337905+00:00,ADAUSD,high_volatility,181,False,0.0375,10,0.308,0.6,0.0199,0.0435,5,0.874,0.8,mut-a36803,1785235220.1110218,True,
2026-08-04T02:48:52.916630+00:00,SPX,ranging,124,False,-0.0394,5,-1.999,0.0,0.0394,0.004,1,0.0,1.0,mut-a5176c,1784861666.493881,True,
2026-08-04T02:48:57.477235+00:00,NASDAQ,ranging,124,False,0.0005,3,0.015,0.333,0.01,0.0177,11,0.132,0.455,mut-d84022,1783650806.8484473,True,
2026-08-04T02:49:02.127569+00:00,DJI,ranging,124,False,-0.0213,4,-0.675,0.25,0.0297,0.017,2,1.3,1.0,mut-28bf02,1784827628.5364316,True,
2026-08-04T02:49:05.976706+00:00,RUT,ranging,124,False,-0.0086,2,-0.756,0.5,0.01,0.0187,2,1.663,1.0,mut-71c912,1784688870.3744597,True,
2026-08-04T02:49:10.561213+00:00,VIX,high_volatility,126,False,-0.0207,6,-0.358,0.333,0.025,0.0633,6,1.142,0.833,imm-16ac8a,1785554280.6698093,True,
2026-08-04T02:49:15.259101+00:00,FTSE,trending_up,125,False,-0.0298,4,-1.76,0.0,0.0297,0.0103,3,0.33,0.667,mut-1f332c,1784382988.2949674,True,
2026-08-04T02:49:19.145306+00:00,DAX,ranging,126,False,-0.0052,3,-0.149,0.333,0.0199,0.0064,3,0.206,0.667,mut-9657c6,1784212009.9277182,True,
2026-08-04T02:49:23.217524+00:00,CAC40,ranging,126,False,-0.0024,2,-0.134,0.5,0.01,0.0141,2,0.89,0.5,mut-b9b556,1784630003.5888314,True,
2026-08-04T02:49:27.096282+00:00,NIKKEI,high_volatility,121,False,-0.0029,4,-0.07,0.5,0.01,0.0244,3,0.828,0.667,mut-c1d5a1,1783914987.901319,True,
2026-08-04T02:49:31.045479+00:00,HSI,high_volatility,119,False,-0.0064,5,-0.118,0.4,0.0199,0.0446,5,0.904,0.8,mut-72c855,1785554301.4431474,True,
2026-08-04T02:49:34.921226+00:00,SENSEX,ranging,121,False,-0.0189,4,-0.527,0.25,0.0297,0.001,3,0.03,0.333,mut-dddd39,1784038554.1117454,True,
2026-08-04T02:49:38.962647+00:00,ASX200,trending_up,126,False,-0.0199,2,-199.0,0.0,0.0199,,,,,,,True,
2026-08-04T02:49:43.731817+00:00,AAPL,high_volatility,124,False,-0.038,7,-0.646,0.143,0.0394,0.0131,5,0.233,0.6,mut-3c43e6,1785811782.91854,True,
2026-08-04T02:49:48.791371+00:00,MSFT,high_volatility,124,True,0.0507,6,0.84,0.667,0.01,0.0507,6,0.84,0.667,mut-12b0d0,1785811788.6455574,True,
2026-08-04T02:49:53.524887+00:00,NVDA,high_volatility,124,False,0.0097,5,0.172,0.4,0.01,0.0225,2,3.025,1.0,mut-78d460,1785433250.8173203,True,
2026-08-04T02:49:57.590792+00:00,GOOGL,high_volatility,124,False,0.0,0,,,,0.0229,2,3.208,1.0,mut-bf5889,1784776571.9995205,True,
2026-08-04T02:50:02.641286+00:00,AMZN,high_volatility,124,False,0.0,0,,,,0.025,2,5.016,1.0,imm-5ecbb6,1784948103.51404,True,
2026-08-04T02:50:06.755175+00:00,META,high_volatility,124,False,-0.0052,3,-0.148,0.333,0.01,0.0191,4,0.44,0.5,mut-c58e56,1784059191.2592885,True,
2026-08-04T02:50:11.494492+00:00,TSLA,high_volatility,124,False,-0.0159,5,-0.324,0.2,0.0297,0.0236,4,0.569,0.75,mut-842635,1783887921.345828,True,
2026-08-04T02:50:15.416175+00:00,BRKB,trending_up,124,False,-0.0145,5,-0.302,0.4,0.0297,0.0107,2,0.551,0.5,mut-b3b3f6,1783888008.384338,True,
2026-08-04T02:50:20.188829+00:00,LLY,high_volatility,124,False,0.0,0,,,,0.0385,5,0.756,0.8,mut-5648c7,1784363164.0287595,True,
2026-08-04T02:50:24.258737+00:00,V,trending_up,124,False,-0.0414,6,-1.067,0.167,0.049,0.0391,5,0.784,0.8,mut-1b8e6f,1785174490.8748248,True,
2026-08-04T02:50:29.001154+00:00,JPM,high_volatility,124,False,0.0073,5,0.131,0.4,0.0199,0.0529,4,3.8,1.0,mut-1a805e,1785293689.6423478,True,
2026-08-04T10:42:18.742818+00:00,EURUSD,ranging,130,False,0.0199,3,0.554,0.667,0.01,0.0214,2,2.499,1.0,mut-9ac3c3,1784827527.8572602,True,
2026-08-04T10:42:23.378011+00:00,GBPUSD,ranging,130,False,-0.0142,2,-2.443,0.0,0.01,0.013,3,0.408,0.667,mut-5089ff,1785321738.3398762,True,
2026-08-04T10:42:27.289833+00:00,USDJPY,ranging,130,False,0.0138,2,0.853,0.5,0.0,0.0436,3,18.115,1.0,mut-84bada,1784629717.863137,True,
2026-08-04T10:42:32.000095+00:00,AUDUSD,ranging,130,False,0.0118,2,0.647,0.5,0.0,0.0208,2,2.255,1.0,mut-56a4e2,1785345504.775803,True,
2026-08-04T10:42:36.829100+00:00,USDCAD,ranging,130,False,0.0099,2,0.489,0.5,0.0,0.0424,4,1.321,0.75,mut-fd7afd,1784124334.4320092,True,
2026-08-04T10:42:41.751655+00:00,USDCHF,ranging,130,False,0.0198,2,1.939,1.0,0.0,0.0293,2,44.593,1.0,imm-4fc33a,1784741046.2585468,True,
2026-08-04T10:42:45.633798+00:00,NZDUSD,trending_up,130,False,-0.0079,4,-0.192,0.25,0.0199,,,,,,,True,
2026-08-04T10:42:50.224113+00:00,EURGBP,ranging,130,False,0.0221,4,0.523,0.75,0.01,0.028,3,1.139,0.667,mut-e402c5,1785433132.65746,True,
2026-08-04T10:42:54.790236+00:00,EURJPY,ranging,130,False,-0.01,1,0.0,0.0,0.01,0.0049,2,0.193,0.5,mut-74bdf5,1785122908.0481284,True,
2026-08-04T10:42:59.518744+00:00,GBPJPY,ranging,130,False,-0.0092,7,-0.121,0.429,0.025,0.0122,5,0.219,0.6,mut-aa51f8,1785811687.2642987,True,
2026-08-04T10:43:03.431885+00:00,XAUUSD,ranging,124,False,0.0105,3,0.337,0.667,0.01,0.024,3,0.794,0.667,mut-6bbcc8,1785727134.4109955,True,
2026-08-04T10:43:08.159093+00:00,USOIL,high_volatility,124,False,-0.0034,6,-0.05,0.333,0.01,0.0203,2,2.087,1.0,mut-44fc90,1783821407.0754356,True,
2026-08-04T10:43:13.902085+00:00,BTCUSD,high_volatility,181,False,0.0309,3,1.52,1.0,0.0,0.0607,5,1.893,0.8,mut-785457,1783821498.0682824,True,
2026-08-04T10:43:18.383203+00:00,ETHUSD,high_volatility,181,False,0.0,0,,,,0.0338,5,0.629,0.6,imm-7ac82e,1784277230.6638775,True,
2026-08-04T10:43:22.653423+00:00,SOLUSD,high_volatility,181,False,0.0189,5,0.325,0.6,0.0199,0.0223,4,0.53,0.75,mut-db8220,1785206756.6628072,True,
2026-08-04T10:43:28.180036+00:00,XRPUSD,high_volatility,181,False,0.0352,6,0.507,0.667,0.01,0.0376,5,0.738,0.8,mut-eb4a78,1785174380.1173518,True,
2026-08-04T10:43:34.074909+00:00,BNBUSD,high_volatility,181,False,0.0,0,,,,0.0203,2,2.079,1.0,mut-167b4d,1785840212.5746226,True,
2026-08-04T10:43:39.773167+00:00,ADAUSD,high_volatility,181,False,0.0387,10,0.319,0.6,0.0199,0.0435,5,0.874,0.8,mut-a36803,1785235220.1110218,True,
2026-08-04T10:43:44.441093+00:00,SPX,ranging,124,False,nan,3,nan,0.0,0.0199,0.004,1,0.0,1.0,mut-a5176c,1784861666.493881,True,
2026-08-04T10:43:49.139794+00:00,NASDAQ,ranging,124,False,nan,4,nan,0.0,0.0297,0.0177,11,0.132,0.455,mut-d84022,1783650806.8484473,True,
2026-08-04T10:43:53.813910+00:00,DJI,ranging,124,False,nan,4,nan,0.0,0.0297,0.017,2,1.3,1.0,mut-28bf02,1784827628.5364316,True,
2026-08-04T10:43:57.791240+00:00,RUT,ranging,123,False,-0.0086,2,-0.75,0.5,0.01,0.0187,2,1.663,1.0,mut-71c912,1784688870.3744597,True,
2026-08-04T10:44:02.417408+00:00,VIX,high_volatility,125,False,0.0641,6,1.152,0.833,0.01,0.0641,6,1.152,0.833,imm-48c3d1,1785840241.6769683,True,
2026-08-04T10:44:06.397358+00:00,FTSE,trending_up,125,False,-0.0082,5,-0.157,0.4,0.0199,0.0103,3,0.33,0.667,mut-1f332c,1784382988.2949674,True,
2026-08-04T10:44:11.256236+00:00,DAX,trending_up,126,False,0.0,0,,,,0.0114,6,0.157,0.5,mut-ceebf5,1785840250.3311381,True,
2026-08-04T10:44:15.199938+00:00,CAC40,trending_up,126,False,-0.0199,3,-1.414,0.0,0.0199,0.0037,4,0.083,0.5,mut-34ed4a,1785779736.1396375,True,
2026-08-04T10:44:19.869852+00:00,NIKKEI,high_volatility,121,False,0.0,0,,,,0.0244,3,0.828,0.667,mut-c1d5a1,1783914987.901319,True,
2026-08-04T10:44:24.513744+00:00,HSI,high_volatility,119,False,-0.0047,4,-0.114,0.5,0.0199,0.0446,5,0.904,0.8,mut-72c855,1785554301.4431474,True,
2026-08-04T10:44:28.383271+00:00,SENSEX,ranging,121,False,-0.0151,5,-0.316,0.2,0.0297,0.001,3,0.03,0.333,mut-dddd39,1784038554.1117454,True,
2026-08-04T10:44:32.427021+00:00,ASX200,trending_up,126,False,0.0,0,,,,,,,,,,True,
2026-08-04T10:44:37.160250+00:00,AAPL,ranging,124,False,-0.0151,4,-0.355,0.25,0.0199,,,,,,,True,
2026-08-04T10:44:42.110112+00:00,MSFT,ranging,124,False,nan,5,nan,0.6,0.01,0.0336,6,0.49,0.667,mut-c1d1a2,1785293652.4775221,True,
2026-08-04T10:44:46.934747+00:00,NVDA,ranging,124,False,nan,3,nan,0.333,0.01,,,,,,,True,
2026-08-04T10:44:50.933287+00:00,GOOGL,ranging,124,False,0.0,0,,,,0.0097,4,0.195,0.5,init-394c9a,1785321891.8670652,True,
2026-08-04T10:44:55.991712+00:00,AMZN,ranging,124,False,nan,4,nan,0.5,0.01,,,,,,,True,
2026-08-04T10:45:00.967917+00:00,META,ranging,124,False,0.0,0,,,,,,,,,,True,
2026-08-04T10:45:05.667646+00:00,TSLA,ranging,124,False,nan,5,nan,0.4,0.0199,,,,,,,True,
2026-08-04T10:45:10.268287+00:00,BRKB,ranging,124,False,nan,4,nan,0.25,0.01,0.014,3,0.439,0.667,mut-43a374,1785433274.0539877,True,
2026-08-04T10:45:15.087982+00:00,LLY,ranging,124,False,nan,2,nan,0.0,0.01,,,,,,,True,
2026-08-04T10:45:19.964958+00:00,V,ranging,124,False,0.0,0,,,,,,,,,,True,
2026-08-04T10:45:24.654922+00:00,JPM,ranging,124,False,nan,4,nan,0.5,0.01,,,,,,,True,
2026-08-04T17:51:25.524219+00:00,EURUSD,ranging,130,False,0.0199,3,0.554,0.667,0.01,0.0214,2,2.499,1.0,mut-9ac3c3,1784827527.8572602,True,
2026-08-04T17:51:30.174346+00:00,GBPUSD,ranging,130,False,-0.0146,2,-2.693,0.0,0.01,0.013,3,0.408,0.667,mut-5089ff,1785321738.3398762,True,
2026-08-04T17:51:34.176883+00:00,USDJPY,ranging,130,False,0.015,2,1.004,1.0,0.0,0.0436,3,18.115,1.0,mut-84bada,1784629717.863137,True,
2026-08-04T17:51:38.946244+00:00,AUDUSD,ranging,130,False,0.0105,2,0.538,0.5,0.0,0.0208,2,2.255,1.0,mut-56a4e2,1785345504.775803,True,
2026-08-04T17:51:43.824879+00:00,USDCAD,ranging,130,False,0.0123,2,0.692,0.5,0.0,0.0424,4,1.321,0.75,mut-fd7afd,1784124334.4320092,True,
2026-08-04T17:51:48.660948+00:00,USDCHF,ranging,130,False,0.0195,2,1.867,1.0,0.0,0.0293,2,44.593,1.0,imm-4fc33a,1784741046.2585468,True,
2026-08-04T17:51:52.590024+00:00,NZDUSD,trending_up,130,False,-0.0097,4,-0.235,0.25,0.0199,,,,,,,True,
2026-08-04T17:51:57.169908+00:00,EURGBP,ranging,130,False,0.0208,4,0.489,0.75,0.01,0.028,3,1.139,0.667,mut-e402c5,1785433132.65746,True,
2026-08-04T17:52:01.785918+00:00,EURJPY,ranging,130,False,-0.01,1,0.0,0.0,0.01,0.0049,2,0.193,0.5,mut-74bdf5,1785122908.0481284,True,
2026-08-04T17:52:06.600762+00:00,GBPJPY,ranging,130,False,0.0018,6,0.027,0.5,0.0199,0.0122,5,0.219,0.6,mut-aa51f8,1785811687.2642987,True,
2026-08-04T17:52:11.518886+00:00,XAUUSD,ranging,125,False,0.0084,3,0.271,0.667,0.01,0.024,3,0.794,0.667,mut-6bbcc8,1785727134.4109955,True,
2026-08-04T17:52:16.190729+00:00,USOIL,high_volatility,125,False,-0.0376,4,-10.595,0.0,0.0297,0.0203,2,2.087,1.0,mut-44fc90,1783821407.0754356,True,
2026-08-04T17:52:22.091589+00:00,BTCUSD,high_volatility,182,False,0.0301,3,1.394,0.667,0.0,0.0607,5,1.893,0.8,mut-785457,1783821498.0682824,True,
2026-08-04T17:52:28.073438+00:00,ETHUSD,high_volatility,182,False,0.0161,4,0.357,0.5,0.01,0.0338,5,0.629,0.6,imm-7ac82e,1784277230.6638775,True,
2026-08-04T17:52:33.774184+00:00,SOLUSD,high_volatility,182,False,0.0182,5,0.314,0.6,0.0199,0.0223,4,0.53,0.75,mut-db8220,1785206756.6628072,True,
2026-08-04T17:52:39.321077+00:00,XRPUSD,high_volatility,182,False,0.0198,5,0.339,0.6,0.01,0.0376,5,0.738,0.8,mut-eb4a78,1785174380.1173518,True,
2026-08-04T17:52:45.188587+00:00,BNBUSD,high_volatility,182,False,-0.0038,3,-0.109,0.333,0.01,0.0203,2,2.079,1.0,mut-167b4d,1785840212.5746226,True,
2026-08-04T17:52:49.603646+00:00,ADAUSD,high_volatility,182,False,0.0209,9,0.193,0.556,0.0199,0.0435,5,0.874,0.8,mut-a36803,1785235220.1110218,True,
2026-08-04T17:52:53.672560+00:00,SPX,trending_up,125,False,-0.0314,5,-0.875,0.2,0.0394,0.0169,3,0.508,0.667,mut-208619,1784211853.1336818,True,
2026-08-04T17:52:58.613514+00:00,NASDAQ,high_volatility,125,False,0.0,0,,,,,,,,,,True,
2026-08-04T17:53:03.483385+00:00,DJI,trending_up,125,False,0.0,0,,,,0.0277,4,0.672,0.75,mut-624c36,1784211929.5001988,True,
2026-08-04T17:53:07.497886+00:00,RUT,trending_up,125,True,0.0127,3,0.399,0.667,0.01,0.0127,3,0.399,0.667,mut-b79407,1785865987.3566835,True,
2026-08-04T17:53:12.200811+00:00,VIX,high_volatility,126,False,-0.0219,6,-0.384,0.333,0.025,0.0641,6,1.152,0.833,imm-48c3d1,1785840241.6769683,True,
2026-08-04T17:53:16.194244+00:00,FTSE,trending_up,126,False,-0.0394,4,-88.999,0.0,0.0394,0.0103,3,0.33,0.667,mut-1f332c,1784382988.2949674,True,
2026-08-04T17:53:20.247382+00:00,DAX,trending_up,127,False,0.0,0,,,,0.0114,6,0.157,0.5,mut-ceebf5,1785840250.3311381,True,
2026-08-04T17:53:24.388492+00:00,CAC40,trending_up,127,False,-0.0199,2,-199.0,0.0,0.0199,0.0037,4,0.083,0.5,mut-34ed4a,1785779736.1396375,True,
2026-08-04T17:53:28.387868+00:00,NIKKEI,high_volatility,121,False,-0.0188,3,-1.206,0.333,0.0199,0.0244,3,0.828,0.667,mut-c1d5a1,1783914987.901319,True,
2026-08-04T17:53:32.316925+00:00,HSI,high_volatility,119,False,-0.0049,5,-0.088,0.4,0.0199,0.0446,5,0.904,0.8,mut-72c855,1785554301.4431474,True,
2026-08-04T17:53:36.953848+00:00,SENSEX,trending_up,122,False,-0.025,3,-3.65,0.0,0.0199,,,,,,,True,
2026-08-04T17:53:41.039035+00:00,ASX200,trending_up,126,False,0.0,0,,,,,,,,,,True,
2026-08-04T17:53:45.994094+00:00,AAPL,high_volatility,125,False,0.0093,5,0.164,0.4,0.01,0.0131,5,0.233,0.6,mut-3c43e6,1785811782.91854,True,
2026-08-04T17:53:51.047135+00:00,MSFT,high_volatility,125,False,0.0429,7,0.548,0.714,0.0199,0.0534,6,0.914,0.833,mut-417f54,1785866030.0990324,True,
2026-08-04T17:53:55.946102+00:00,NVDA,high_volatility,125,False,-0.012,2,-1.508,0.0,0.01,0.0225,2,3.025,1.0,mut-78d460,1785433250.8173203,True,
2026-08-04T17:54:00.173429+00:00,GOOGL,high_volatility,125,False,0.0,0,,,,0.0229,2,3.208,1.0,mut-bf5889,1784776571.9995205,True,
2026-08-04T17:54:05.361255+00:00,AMZN,high_volatility,125,False,0.0253,4,0.615,0.75,0.01,0.025,2,5.016,1.0,imm-5ecbb6,1784948103.51404,True,
2026-08-04T17:54:10.421910+00:00,META,high_volatility,125,False,-0.0303,4,-1.868,0.0,0.0297,0.0191,4,0.44,0.5,mut-c58e56,1784059191.2592885,True,
2026-08-04T17:54:14.460586+00:00,TSLA,high_volatility,125,False,0.0079,5,0.14,0.4,0.0199,0.0236,4,0.569,0.75,mut-842635,1783887921.345828,True,
2026-08-04T17:54:18.456734+00:00,BRKB,trending_up,125,False,0.0067,3,0.219,0.667,0.01,0.0107,2,0.551,0.5,mut-b3b3f6,1783888008.384338,True,
2026-08-04T17:54:22.664747+00:00,LLY,high_volatility,125,False,-0.0247,3,-3.408,0.0,0.0199,0.0385,5,0.756,0.8,mut-5648c7,1784363164.0287595,True,
2026-08-04T17:54:27.605836+00:00,V,trending_up,125,False,0.021,4,0.502,0.75,0.01,0.0391,5,0.784,0.8,mut-1b8e6f,1785174490.8748248,True,
2026-08-04T17:54:32.456442+00:00,JPM,high_volatility,125,False,-0.001,4,-0.025,0.5,0.0199,0.0389,3,4.262,1.0,mut-84b106,1785866071.6229672,True,
2026-08-05T02:44:58.848831+00:00,EURUSD,ranging,130,False,0.012,4,0.247,0.5,0.01,0.0214,2,2.499,1.0,mut-9ac3c3,1784827527.8572602,True,
2026-08-05T02:45:03.539532+00:00,GBPUSD,ranging,130,False,-0.0172,3,-0.959,0.333,0.0199,0.013,3,0.408,0.667,mut-5089ff,1785321738.3398762,True,
2026-08-05T02:45:07.585225+00:00,USDJPY,ranging,130,False,0.0108,5,0.196,0.6,0.0199,0.0436,3,18.115,1.0,mut-84bada,1784629717.863137,True,
2026-08-05T02:45:12.449035+00:00,AUDUSD,ranging,130,False,0.0092,2,0.443,0.5,0.0,0.0208,2,2.255,1.0,mut-56a4e2,1785345504.775803,True,
2026-08-05T02:45:17.342820+00:00,USDCAD,ranging,130,False,0.0,0,,,,0.0424,4,1.321,0.75,mut-fd7afd,1784124334.4320092,True,
2026-08-05T02:45:22.049368+00:00,USDCHF,ranging,130,False,0.0176,2,1.427,1.0,0.0,0.0293,2,44.593,1.0,imm-4fc33a,1784741046.2585468,True,
2026-08-05T02:45:26.090103+00:00,NZDUSD,trending_up,130,True,0.0179,4,0.41,0.5,0.01,0.0179,4,0.41,0.5,mut-9fdf67,1785897925.9572012,True,
2026-08-05T02:45:30.777371+00:00,EURGBP,ranging,130,False,0.0205,4,0.478,0.75,0.01,0.028,3,1.139,0.667,mut-e402c5,1785433132.65746,True,
2026-08-05T02:45:35.627262+00:00,EURJPY,ranging,130,False,-0.0431,8,-0.655,0.25,0.0585,0.0049,2,0.193,0.5,mut-74bdf5,1785122908.0481284,True,
2026-08-05T02:45:39.801162+00:00,GBPJPY,ranging,130,False,0.0,0,,,,0.0122,5,0.219,0.6,mut-aa51f8,1785811687.2642987,True,
2026-08-05T02:45:43.746432+00:00,XAUUSD,ranging,125,False,0.0076,3,0.248,0.667,0.01,0.024,3,0.794,0.667,mut-6bbcc8,1785727134.4109955,True,
2026-08-05T02:45:47.683594+00:00,USOIL,high_volatility,125,False,-0.0388,4,-27.532,0.0,0.0297,0.0203,2,2.087,1.0,mut-44fc90,1783821407.0754356,True,
2026-08-05T02:45:53.621178+00:00,BTCUSD,high_volatility,181,False,0.0289,3,1.244,0.667,0.0,0.0607,5,1.893,0.8,mut-785457,1783821498.0682824,True,
2026-08-05T02:45:58.277073+00:00,ETHUSD,high_volatility,181,False,0.0073,6,0.104,0.5,0.0297,0.0338,5,0.629,0.6,imm-7ac82e,1784277230.6638775,True,
2026-08-05T02:46:02.678807+00:00,SOLUSD,high_volatility,181,False,0.0015,6,0.022,0.5,0.0297,0.0223,4,0.53,0.75,mut-db8220,1785206756.6628072,True,
2026-08-05T02:46:08.183601+00:00,XRPUSD,high_volatility,181,False,0.0194,5,0.333,0.6,0.01,0.0376,5,0.738,0.8,mut-eb4a78,1785174380.1173518,True,
2026-08-05T02:46:14.174619+00:00,BNBUSD,high_volatility,181,False,-0.0075,2,-0.596,0.5,0.01,0.0203,2,2.079,1.0,mut-167b4d,1785840212.5746226,True,
2026-08-05T02:46:19.815630+00:00,ADAUSD,high_volatility,181,False,0.0216,9,0.2,0.556,0.0199,0.0435,5,0.874,0.8,mut-a36803,1785235220.1110218,True,
2026-08-05T02:46:24.623807+00:00,SPX,trending_up,124,False,0.0,0,,,,0.0169,3,0.508,0.667,mut-208619,1784211853.1336818,True,
2026-08-05T02:46:29.495994+00:00,NASDAQ,high_volatility,124,False,-0.0281,3,-11.184,0.0,0.0199,,,,,,,True,
2026-08-05T02:46:34.210309+00:00,DJI,trending_up,124,False,-0.025,6,-0.45,0.167,0.0297,0.0277,4,0.672,0.75,mut-624c36,1784211929.5001988,True,
2026-08-05T02:46:39.241763+00:00,RUT,trending_up,124,False,0.0,0,,,,0.0127,3,0.399,0.667,mut-b79407,1785865987.3566835,True,
2026-08-05T02:46:43.230363+00:00,VIX,high_volatility,126,False,0.0132,7,0.16,0.429,0.0199,0.0641,6,1.152,0.833,imm-48c3d1,1785840241.6769683,True,
2026-08-05T02:46:48.070069+00:00,FTSE,trending_up,125,False,-0.0394,4,-88.999,0.0,0.0394,0.0103,3,0.33,0.667,mut-1f332c,1784382988.2949674,True,
2026-08-05T02:46:52.947091+00:00,DAX,trending_up,126,False,0.0097,6,0.137,0.5,0.0199,0.0114,6,0.157,0.5,mut-ceebf5,1785840250.3311381,True,
2026-08-05T02:46:56.911533+00:00,CAC40,trending_up,126,False,-0.0394,4,-88.999,0.0,0.0394,0.0037,4,0.083,0.5,mut-34ed4a,1785779736.1396375,True,
2026-08-05T02:47:00.893992+00:00,NIKKEI,high_volatility,121,False,-0.0286,6,-0.529,0.167,0.025,0.0244,3,0.828,0.667,mut-c1d5a1,1783914987.901319,True,
2026-08-05T02:47:05.726191+00:00,HSI,high_volatility,119,False,0.021,4,0.498,0.75,0.01,0.0446,5,0.904,0.8,mut-72c855,1785554301.4431474,True,
2026-08-05T02:47:09.678000+00:00,SENSEX,ranging,121,False,-0.0232,4,-0.814,0.25,0.0297,0.001,3,0.03,0.333,mut-dddd39,1784038554.1117454,True,
2026-08-05T02:47:13.914211+00:00,ASX200,trending_up,126,False,-0.0199,3,-1.414,0.0,0.0199,,,,,,,True,
2026-08-05T02:47:18.832364+00:00,AAPL,high_volatility,124,False,-0.0154,5,-0.32,0.2,0.0199,0.0131,5,0.233,0.6,mut-3c43e6,1785811782.91854,True,
2026-08-05T02:47:23.972525+00:00,MSFT,high_volatility,124,False,0.0524,6,0.886,0.833,0.01,0.0534,6,0.914,0.833,mut-417f54,1785866030.0990324,True,
2026-08-05T02:47:28.029546+00:00,NVDA,high_volatility,124,False,-0.0121,2,-1.546,0.0,0.01,0.0225,2,3.025,1.0,mut-78d460,1785433250.8173203,True,
2026-08-05T02:47:33.110078+00:00,GOOGL,high_volatility,124,False,0.0,0,,,,0.0229,2,3.208,1.0,mut-bf5889,1784776571.9995205,True,
2026-08-05T02:47:38.060850+00:00,AMZN,high_volatility,124,False,0.0,0,,,,0.025,2,5.016,1.0,imm-5ecbb6,1784948103.51404,True,
2026-08-05T02:47:42.148565+00:00,META,high_volatility,124,False,-0.0052,3,-0.148,0.333,0.01,0.0191,4,0.44,0.5,mut-c58e56,1784059191.2592885,True,
2026-08-05T02:47:46.982396+00:00,TSLA,high_volatility,124,False,0.0074,5,0.13,0.4,0.0199,0.0236,4,0.569,0.75,mut-842635,1783887921.345828,True,
2026-08-05T02:47:51.702451+00:00,BRKB,trending_up,124,True,0.0189,2,1.697,1.0,0.0,0.0189,2,1.697,1.0,mut-5e2a8c,1785898071.5454166,True,
2026-08-05T02:47:56.630674+00:00,LLY,high_volatility,124,False,-0.0019,1,0.0,0.0,0.0,0.0385,5,0.756,0.8,mut-5648c7,1784363164.0287595,True,
2026-08-05T02:48:00.811066+00:00,V,trending_up,124,False,-0.0295,5,-0.749,0.2,0.0394,0.0391,5,0.784,0.8,mut-1b8e6f,1785174490.8748248,True,
2026-08-05T02:48:04.885192+00:00,JPM,high_volatility,124,False,0.0,0,,,,0.0389,3,4.262,1.0,mut-84b106,1785866071.6229672,True,
2026-08-05T10:38:50.501100+00:00,EURUSD,ranging,130,False,0.0121,4,0.25,0.5,0.01,0.0214,2,2.499,1.0,mut-9ac3c3,1784827527.8572602,True,
2026-08-05T10:38:55.289111+00:00,GBPUSD,ranging,130,False,-0.0167,3,-0.898,0.333,0.0199,0.013,3,0.408,0.667,mut-5089ff,1785321738.3398762,True,
2026-08-05T10:38:59.419239+00:00,USDJPY,ranging,130,False,0.0091,5,0.163,0.4,0.0199,0.0436,3,18.115,1.0,mut-84bada,1784629717.863137,True,
2026-08-05T10:39:03.502670+00:00,AUDUSD,ranging,130,False,0.0099,2,0.493,0.5,0.0,0.0208,2,2.255,1.0,mut-56a4e2,1785345504.775803,True,
2026-08-05T10:39:08.546856+00:00,USDCAD,ranging,130,False,0.0,0,,,,0.0424,4,1.321,0.75,mut-fd7afd,1784124334.4320092,True,
2026-08-05T10:39:13.341220+00:00,USDCHF,ranging,130,False,0.0005,3,0.017,0.333,0.01,0.0293,2,44.593,1.0,imm-4fc33a,1784741046.2585468,True,
2026-08-05T10:39:18.314851+00:00,NZDUSD,trending_up,130,False,0.001,3,0.032,0.333,0.01,0.0179,4,0.41,0.5,mut-9fdf67,1785897925.9572012,True,
2026-08-05T10:39:23.074557+00:00,EURGBP,ranging,130,False,0.0187,4,0.427,0.5,0.01,0.028,3,1.139,0.667,mut-e402c5,1785433132.65746,True,
2026-08-05T10:39:27.224020+00:00,EURJPY,ranging,130,False,-0.0448,8,-0.694,0.125,0.0585,0.0049,2,0.193,0.5,mut-74bdf5,1785122908.0481284,True,
2026-08-05T10:39:32.213070+00:00,GBPJPY,ranging,130,False,0.0,0,,,,0.0122,5,0.219,0.6,mut-aa51f8,1785811687.2642987,True,
2026-08-05T10:39:36.949110+00:00,XAUUSD,ranging,125,False,0.0052,3,0.169,0.667,0.01,0.024,3,0.794,0.667,mut-6bbcc8,1785727134.4109955,True,
2026-08-05T10:39:41.878380+00:00,USOIL,high_volatility,125,False,0.0,0,,,,0.0203,2,2.087,1.0,mut-44fc90,1783821407.0754356,True,
2026-08-05T10:39:47.873885+00:00,BTCUSD,high_volatility,182,False,0.0101,5,0.178,0.6,0.01,0.0607,5,1.893,0.8,mut-785457,1783821498.0682824,True,
2026-08-05T10:39:53.865918+00:00,ETHUSD,high_volatility,182,False,-0.0077,5,-0.144,0.4,0.0297,0.0338,5,0.629,0.6,imm-7ac82e,1784277230.6638775,True,
2026-08-05T10:39:59.504938+00:00,SOLUSD,high_volatility,182,False,-0.0145,5,-0.293,0.4,0.0297,0.0223,4,0.53,0.75,mut-db8220,1785206756.6628072,True,
2026-08-05T10:40:05.148078+00:00,XRPUSD,high_volatility,182,False,0.0209,5,0.355,0.6,0.01,0.0376,5,0.738,0.8,mut-eb4a78,1785174380.1173518,True,
2026-08-05T10:40:11.107661+00:00,BNBUSD,high_volatility,182,False,0.0074,3,0.239,0.667,0.01,0.0203,2,2.079,1.0,mut-167b4d,1785840212.5746226,True,
2026-08-05T10:40:16.820034+00:00,ADAUSD,high_volatility,182,False,0.0249,5,0.4,0.6,0.0199,0.0435,5,0.874,0.8,mut-a36803,1785235220.1110218,True,
2026-08-05T10:40:21.695389+00:00,SPX,trending_up,124,True,0.0199,3,0.559,0.667,0.01,0.0199,3,0.559,0.667,mut-8ec06d,1785926421.560454,True,
2026-08-05T10:40:26.515980+00:00,NASDAQ,high_volatility,124,False,-0.0135,4,-0.317,0.25,0.0199,,,,,,,True,
2026-08-05T10:40:31.337665+00:00,DJI,trending_up,124,False,-0.0052,4,-0.129,0.25,0.0199,0.0277,4,0.672,0.75,mut-624c36,1784211929.5001988,True,
2026-08-05T10:40:36.235880+00:00,RUT,trending_up,124,False,0.0,0,,,,0.0127,3,0.399,0.667,mut-b79407,1785865987.3566835,True,
2026-08-05T10:40:41.145092+00:00,VIX,high_volatility,126,False,-0.0298,4,-1.767,0.0,0.0297,0.0641,6,1.152,0.833,imm-48c3d1,1785840241.6769683,True,
2026-08-05T10:40:45.981460+00:00,FTSE,trending_up,126,False,-0.0324,5,-0.96,0.2,0.0394,0.0103,3,0.33,0.667,mut-1f332c,1784382988.2949674,True,
2026-08-05T10:40:50.302446+00:00,DAX,trending_up,127,False,0.0041,4,0.092,0.5,0.0199,0.0114,6,0.157,0.5,mut-ceebf5,1785840250.3311381,True,
2026-08-05T10:40:55.389505+00:00,CAC40,trending_up,127,False,0.0047,3,0.152,0.333,0.01,0.0047,3,0.152,0.333,mut-675d23,1785926454.4261465,True,
2026-08-05T10:41:00.227039+00:00,NIKKEI,high_volatility,122,False,-0.0535,6,-4.523,0.0,0.049,0.0244,3,0.828,0.667,mut-c1d5a1,1783914987.901319,True,
2026-08-05T10:41:04.348130+00:00,HSI,high_volatility,120,False,0.0211,4,0.501,0.75,0.01,0.0446,5,0.904,0.8,mut-72c855,1785554301.4431474,True,
2026-08-05T10:41:09.011816+00:00,SENSEX,trending_up,122,False,-0.0156,5,-0.325,0.2,0.0297,0.0005,2,0.025,0.5,pullba-d94219,1785926468.3095734,True,
2026-08-05T10:41:13.217055+00:00,ASX200,trending_up,127,False,-0.0151,3,-0.723,0.333,0.0199,,,,,,,True,
2026-08-05T10:41:18.090142+00:00,AAPL,high_volatility,124,False,0.0,0,,,,0.0131,5,0.233,0.6,mut-3c43e6,1785811782.91854,True,
2026-08-05T10:41:23.166268+00:00,MSFT,high_volatility,124,False,0.0524,6,0.886,0.833,0.01,0.0534,6,0.914,0.833,mut-417f54,1785866030.0990324,True,
2026-08-05T10:41:27.435470+00:00,NVDA,high_volatility,124,False,0.0,0,,,,0.0225,2,3.025,1.0,mut-78d460,1785433250.8173203,True,
2026-08-05T10:41:31.637712+00:00,GOOGL,high_volatility,124,False,0.0,0,,,,0.0229,2,3.208,1.0,mut-bf5889,1784776571.9995205,True,
2026-08-05T10:41:36.458168+00:00,AMZN,high_volatility,124,False,-0.0209,6,-0.358,0.333,0.0394,0.025,2,5.016,1.0,imm-5ecbb6,1784948103.51404,True,
2026-08-05T10:41:41.313168+00:00,META,high_volatility,124,True,0.0199,3,0.559,0.667,0.01,0.0199,3,0.559,0.667,mut-ceb411,1785926501.1619763,True,
2026-08-05T10:41:46.142152+00:00,TSLA,high_volatility,124,False,0.0074,5,0.13,0.4,0.0199,0.0236,4,0.569,0.75,mut-842635,1783887921.345828,True,
2026-08-05T10:41:50.201122+00:00,BRKB,trending_up,124,False,0.0127,5,0.228,0.6,0.01,0.0189,2,1.697,1.0,mut-5e2a8c,1785898071.5454166,True,
2026-08-05T10:41:54.467441+00:00,LLY,high_volatility,124,False,0.0093,3,0.301,0.667,0.01,0.0385,5,0.756,0.8,mut-5648c7,1784363164.0287595,True,
2026-08-05T10:41:58.715562+00:00,V,trending_up,124,False,-0.0295,5,-0.749,0.2,0.0394,0.0391,5,0.784,0.8,mut-1b8e6f,1785174490.8748248,True,
2026-08-05T10:42:03.589218+00:00,JPM,high_volatility,124,False,-0.0024,4,-0.058,0.5,0.0199,0.0389,3,4.262,1.0,mut-84b106,1785866071.6229672,True,
2026-08-05T17:42:13.522214+00:00,EURUSD,ranging,130,False,0.0107,4,0.216,0.5,0.01,0.0214,2,2.499,1.0,mut-9ac3c3,1784827527.8572602,True,
2026-08-05T17:42:18.113274+00:00,GBPUSD,ranging,130,False,-0.0166,3,-0.886,0.333,0.0199,0.013,3,0.408,0.667,mut-5089ff,1785321738.3398762,True,
2026-08-05T17:42:22.109733+00:00,USDJPY,ranging,130,False,0.0092,5,0.166,0.4,0.0199,0.0436,3,18.115,1.0,mut-84bada,1784629717.863137,True,
2026-08-05T17:42:26.821662+00:00,AUDUSD,ranging,130,False,0.0086,2,0.402,0.5,0.0,0.0208,2,2.255,1.0,mut-56a4e2,1785345504.775803,True,
2026-08-05T17:42:31.598987+00:00,USDCAD,ranging,130,False,0.0078,2,0.352,0.5,0.0,0.0424,4,1.321,0.75,mut-fd7afd,1784124334.4320092,True,
2026-08-05T17:42:36.340994+00:00,USDCHF,ranging,130,False,0.0171,2,1.321,1.0,0.0,0.0293,2,44.593,1.0,imm-4fc33a,1784741046.2585468,True,
2026-08-05T17:42:41.220567+00:00,NZDUSD,trending_up,130,False,-0.0011,3,-0.035,0.333,0.01,0.0179,4,0.41,0.5,mut-9fdf67,1785897925.9572012,True,
2026-08-05T17:42:45.770652+00:00,EURGBP,ranging,130,False,0.02,4,0.466,0.75,0.01,0.028,3,1.139,0.667,mut-e402c5,1785433132.65746,True,
2026-08-05T17:42:50.638490+00:00,EURJPY,ranging,130,False,-0.0455,8,-0.71,0.125,0.0585,0.0049,2,0.193,0.5,mut-74bdf5,1785122908.0481284,True,
2026-08-05T17:42:55.745485+00:00,GBPJPY,ranging,130,False,0.0,0,,,,0.0122,5,0.219,0.6,mut-aa51f8,1785811687.2642987,True,
2026-08-05T17:42:59.602698+00:00,XAUUSD,ranging,125,False,0.0011,3,0.034,0.333,0.01,0.024,3,0.794,0.667,mut-6bbcc8,1785727134.4109955,True,
2026-08-05T17:43:04.298250+00:00,USOIL,high_volatility,125,False,-0.0388,4,-28.732,0.0,0.0297,0.0203,2,2.087,1.0,mut-44fc90,1783821407.0754356,True,
2026-08-05T17:43:10.137814+00:00,BTCUSD,high_volatility,182,False,-0.0159,5,-0.324,0.2,0.0297,0.0607,5,1.893,0.8,mut-785457,1783821498.0682824,True,
2026-08-05T17:43:14.494446+00:00,ETHUSD,high_volatility,182,False,-0.0054,5,-0.097,0.4,0.0297,0.0338,5,0.629,0.6,imm-7ac82e,1784277230.6638775,True,
2026-08-05T17:43:20.261368+00:00,SOLUSD,high_volatility,182,False,0.0089,3,0.287,0.667,0.01,0.0223,4,0.53,0.75,mut-db8220,1785206756.6628072,True,
2026-08-05T17:43:25.797286+00:00,XRPUSD,high_volatility,182,False,0.0201,5,0.343,0.6,0.01,0.0376,5,0.738,0.8,mut-eb4a78,1785174380.1173518,True,
2026-08-05T17:43:31.802024+00:00,BNBUSD,high_volatility,182,False,0.009,3,0.292,0.667,0.01,0.0203,2,2.079,1.0,mut-167b4d,1785840212.5746226,True,
2026-08-05T17:43:37.317275+00:00,ADAUSD,high_volatility,182,False,0.0158,7,0.192,0.571,0.0199,0.0435,5,0.874,0.8,mut-a36803,1785235220.1110218,True,
2026-08-05T17:43:41.908767+00:00,SPX,trending_up,125,False,-0.0294,4,-1.67,0.25,0.0297,0.0199,3,0.559,0.667,mut-8ec06d,1785926421.560454,True,
2026-08-05T17:43:46.733534+00:00,NASDAQ,high_volatility,125,False,-0.0065,4,-0.161,0.25,0.01,,,,,,,True,
2026-08-05T17:43:51.502073+00:00,DJI,trending_up,125,False,0.0088,3,0.289,0.667,0.01,0.0277,4,0.672,0.75,mut-624c36,1784211929.5001988,True,
2026-08-05T17:43:55.602237+00:00,RUT,trending_up,125,False,-0.0131,3,-0.555,0.333,0.0199,0.0127,3,0.399,0.667,mut-b79407,1785865987.3566835,True,
2026-08-05T17:43:59.568229+00:00,VIX,high_volatility,126,False,-0.0307,4,-2.005,0.0,0.0297,0.0641,6,1.152,0.833,imm-48c3d1,1785840241.6769683,True,
2026-08-05T17:44:03.576018+00:00,FTSE,trending_up,126,False,-0.0007,4,-0.016,0.5,0.0199,0.0103,3,0.33,0.667,mut-1f332c,1784382988.2949674,True,
2026-08-05T17:44:07.772981+00:00,DAX,trending_up,127,False,0.0,0,,,,0.0114,6,0.157,0.5,mut-ceebf5,1785840250.3311381,True,
2026-08-05T17:44:11.982242+00:00,CAC40,trending_up,127,True,0.005,3,0.163,0.667,0.01,0.005,3,0.163,0.667,mut-020287,1785951851.8377867,True,
2026-08-05T17:44:15.943869+00:00,NIKKEI,high_volatility,121,False,-0.024,6,-0.432,0.333,0.025,0.0244,3,0.828,0.667,mut-c1d5a1,1783914987.901319,True,
2026-08-05T17:44:19.953096+00:00,HSI,high_volatility,119,False,0.0204,4,0.481,0.75,0.01,0.0446,5,0.904,0.8,mut-72c855,1785554301.4431474,True,
2026-08-05T17:44:24.556244+00:00,SENSEX,trending_up,122,False,0.0005,2,0.025,0.5,0.01,0.0005,2,0.025,0.5,pullba-d94219,1785926468.3095734,True,
2026-08-05T17:44:28.664641+00:00,ASX200,trending_up,126,False,-0.0199,2,-199.0,0.0,0.0199,,,,,,,True,
2026-08-05T17:44:33.514390+00:00,AAPL,high_volatility,125,False,-0.0393,5,-1.965,0.2,0.0394,0.0131,5,0.233,0.6,mut-3c43e6,1785811782.91854,True,
2026-08-05T17:44:38.620596+00:00,MSFT,high_volatility,125,False,0.0355,5,0.685,0.8,0.01,0.0534,6,0.914,0.833,mut-417f54,1785866030.0990324,True,
2026-08-05T17:44:42.673325+00:00,NVDA,high_volatility,125,False,0.0,0,,,,0.0225,2,3.025,1.0,mut-78d460,1785433250.8173203,True,
2026-08-05T17:44:47.721487+00:00,GOOGL,high_volatility,125,False,0.0,0,,,,0.0229,2,3.208,1.0,mut-bf5889,1784776571.9995205,True,
2026-08-05T17:44:52.592514+00:00,AMZN,high_volatility,125,False,-0.01,2,-1.002,0.0,0.01,0.025,2,5.016,1.0,imm-5ecbb6,1784948103.51404,True,
2026-08-05T17:44:57.305096+00:00,META,high_volatility,125,False,0.0049,2,0.195,0.5,0.01,0.0199,3,0.559,0.667,mut-ceb411,1785926501.1619763,True,
2026-08-05T17:45:02.179211+00:00,TSLA,high_volatility,125,False,-0.0162,5,-0.339,0.2,0.0297,0.0236,4,0.569,0.75,mut-842635,1783887921.345828,True,
2026-08-05T17:45:06.842372+00:00,BRKB,high_volatility,125,False,-0.01,1,0.0,0.0,0.01,,,,,,,True,
2026-08-05T17:45:11.670632+00:00,LLY,high_volatility,125,False,0.0034,1,0.0,1.0,0.0,0.0385,5,0.756,0.8,mut-5648c7,1784363164.0287595,True,
2026-08-05T17:45:16.541925+00:00,V,trending_up,125,False,0.0304,3,1.441,1.0,0.0,0.0391,5,0.784,0.8,mut-1b8e6f,1785174490.8748248,True,
2026-08-05T17:45:21.264553+00:00,JPM,high_volatility,125,False,0.0,0,,,,0.0389,3,4.262,1.0,mut-84b106,1785866071.6229672,True,
2026-08-06T02:47:39.971941+00:00,EURUSD,ranging,130,False,-0.0048,3,-0.135,0.333,0.01,0.0214,2,2.499,1.0,mut-9ac3c3,1784827527.8572602,True,
2026-08-06T02:47:44.686128+00:00,GBPUSD,ranging,130,False,-0.005,2,-0.333,0.5,0.01,0.013,3,0.408,0.667,mut-5089ff,1785321738.3398762,True,
2026-08-06T02:47:49.393770+00:00,USDJPY,ranging,130,False,0.0246,6,0.357,0.5,0.0199,0.0436,3,18.115,1.0,mut-84bada,1784629717.863137,True,
2026-08-06T02:47:54.156189+00:00,AUDUSD,ranging,130,False,-0.0111,4,-0.266,0.25,0.0199,0.0208,2,2.255,1.0,mut-56a4e2,1785345504.775803,True,
2026-08-06T02:47:59.014744+00:00,USDCAD,ranging,130,False,0.0073,3,0.238,0.667,0.01,0.0424,4,1.321,0.75,mut-fd7afd,1784124334.4320092,True,
2026-08-06T02:48:03.710576+00:00,USDCHF,ranging,130,False,0.0117,2,0.64,0.5,0.0,0.0293,2,44.593,1.0,imm-4fc33a,1784741046.2585468,True,
2026-08-06T02:48:08.509304+00:00,NZDUSD,trending_up,130,False,-0.0065,1,0.0,0.0,0.0,0.0179,4,0.41,0.5,mut-9fdf67,1785897925.9572012,True,
2026-08-06T02:48:12.393997+00:00,EURGBP,ranging,130,False,0.0246,3,0.842,0.667,0.0,0.028,3,1.139,0.667,mut-e402c5,1785433132.65746,True,
2026-08-06T02:48:17.268568+00:00,EURJPY,ranging,130,False,-0.0359,7,-0.605,0.143,0.049,0.0049,2,0.193,0.5,mut-74bdf5,1785122908.0481284,True,
2026-08-06T02:48:22.125522+00:00,GBPJPY,ranging,130,False,0.0,0,,,,0.0122,5,0.219,0.6,mut-aa51f8,1785811687.2642987,True,
2026-08-06T02:48:26.953902+00:00,XAUUSD,ranging,125,False,-0.0009,3,-0.028,0.333,0.01,0.024,3,0.794,0.667,mut-6bbcc8,1785727134.4109955,True,
2026-08-06T02:48:30.948760+00:00,USOIL,high_volatility,125,False,0.0,0,,,,0.0203,2,2.087,1.0,mut-44fc90,1783821407.0754356,True,
2026-08-06T02:48:36.720072+00:00,BTCUSD,high_volatility,181,False,0.0108,5,0.192,0.6,0.01,0.0607,5,1.893,0.8,mut-785457,1783821498.0682824,True,
2026-08-06T02:48:42.639918+00:00,ETHUSD,high_volatility,181,False,-0.0005,3,-0.015,0.333,0.01,0.0338,5,0.629,0.6,imm-7ac82e,1784277230.6638775,True,
2026-08-06T02:48:47.085833+00:00,SOLUSD,high_volatility,181,False,0.0035,4,0.078,0.5,0.0199,0.0223,4,0.53,0.75,mut-db8220,1785206756.6628072,True,
2026-08-06T02:48:52.769485+00:00,XRPUSD,high_volatility,181,False,0.0227,5,0.378,0.6,0.01,0.0376,5,0.738,0.8,mut-eb4a78,1785174380.1173518,True,
2026-08-06T02:48:58.720068+00:00,BNBUSD,high_volatility,181,False,0.0052,3,0.168,0.667,0.01,0.0203,2,2.079,1.0,mut-167b4d,1785840212.5746226,True,
2026-08-06T02:49:03.132596+00:00,ADAUSD,high_volatility,181,False,-0.0012,6,-0.018,0.333,0.0297,0.0435,5,0.874,0.8,mut-a36803,1785235220.1110218,True,
2026-08-06T02:49:07.927297+00:00,SPX,trending_up,124,False,-0.0227,4,-0.774,0.25,0.0297,0.0199,3,0.559,0.667,mut-8ec06d,1785926421.560454,True,
2026-08-06T02:49:12.746015+00:00,NASDAQ,high_volatility,124,False,-0.0263,3,-5.174,0.0,0.0199,,,,,,,True,
2026-08-06T02:49:17.522523+00:00,DJI,trending_up,124,False,0.007,3,0.228,0.667,0.01,0.0324,3,1.767,1.0,imm-675d14,1785984556.6495843,True,
2026-08-06T02:49:21.425032+00:00,RUT,ranging,124,False,-0.0259,3,-4.633,0.0,0.0199,0.0187,2,1.663,1.0,mut-71c912,1784688870.3744597,True,
2026-08-06T02:49:25.415256+00:00,VIX,high_volatility,126,False,-0.0284,4,-1.472,0.25,0.0297,0.0641,6,1.152,0.833,imm-48c3d1,1785840241.6769683,True,
2026-08-06T02:49:29.487624+00:00,FTSE,trending_up,126,False,-0.0407,5,-2.362,0.0,0.0394,0.0103,3,0.33,0.667,mut-1f332c,1784382988.2949674,True,
2026-08-06T02:49:33.665494+00:00,DAX,trending_up,127,False,-0.0151,5,-0.316,0.2,0.0297,0.0114,6,0.157,0.5,mut-ceebf5,1785840250.3311381,True,
2026-08-06T02:49:38.650319+00:00,CAC40,trending_up,127,False,0.005,3,0.163,0.667,0.01,0.0285,2,19.534,1.0,mut-37f60a,1785984577.7157676,True,
2026-08-06T02:49:43.412682+00:00,NIKKEI,high_volatility,122,False,-0.0231,3,-2.402,0.0,0.0199,0.0244,3,0.828,0.667,mut-c1d5a1,1783914987.901319,True,
2026-08-06T02:49:48.117673+00:00,HSI,high_volatility,120,False,0.0161,4,0.357,0.5,0.01,0.0446,5,0.904,0.8,mut-72c855,1785554301.4431474,True,
2026-08-06T02:49:52.752535+00:00,SENSEX,trending_up,122,False,-0.0156,5,-0.325,0.2,0.0297,0.0011,2,0.052,0.5,mut-b4338f,1785984591.9548895,True,
2026-08-06T02:49:56.868651+00:00,ASX200,trending_up,127,False,0.0,0,,,,,,,,,,True,
2026-08-06T02:50:01.734511+00:00,AAPL,high_volatility,124,False,-0.0139,5,-0.28,0.4,0.0297,0.0131,5,0.233,0.6,mut-3c43e6,1785811782.91854,True,
2026-08-06T02:50:05.779129+00:00,MSFT,high_volatility,124,False,0.0097,5,0.172,0.4,0.0199,0.0534,6,0.914,0.833,mut-417f54,1785866030.0990324,True,
2026-08-06T02:50:09.731267+00:00,NVDA,high_volatility,124,False,-0.0081,1,0.0,0.0,0.0,0.0225,2,3.025,1.0,mut-78d460,1785433250.8173203,True,
2026-08-06T02:50:14.724281+00:00,GOOGL,high_volatility,124,False,-0.0193,5,-0.397,0.2,0.0297,0.0229,2,3.208,1.0,mut-bf5889,1784776571.9995205,True,
2026-08-06T02:50:19.545767+00:00,AMZN,high_volatility,124,False,0.0,0,,,,0.025,2,5.016,1.0,imm-5ecbb6,1784948103.51404,True,
2026-08-06T02:50:24.536482+00:00,META,high_volatility,124,False,-0.0052,3,-0.148,0.333,0.01,0.0199,3,0.559,0.667,mut-ceb411,1785926501.1619763,True,
2026-08-06T02:50:29.301931+00:00,TSLA,high_volatility,124,False,0.0,0,,,,0.0236,4,0.569,0.75,mut-842635,1783887921.345828,True,
2026-08-06T02:50:33.307322+00:00,BRKB,high_volatility,124,True,0.0149,5,0.264,0.6,0.0199,0.0149,5,0.264,0.6,mut-53f541,1785984633.1556761,True,
2026-08-06T02:50:37.594834+00:00,LLY,high_volatility,124,False,-0.0121,2,-1.519,0.0,0.01,0.0385,5,0.756,0.8,mut-5648c7,1784363164.0287595,True,
2026-08-06T02:50:42.429282+00:00,V,trending_up,124,False,-0.0203,4,-0.61,0.25,0.0297,0.0391,5,0.784,0.8,mut-1b8e6f,1785174490.8748248,True,
2026-08-06T02:50:46.481196+00:00,JPM,high_volatility,124,False,-0.0081,3,-0.262,0.333,0.0199,0.0389,3,4.262,1.0,mut-84b106,1785866071.6229672,True,
2026-08-06T10:42:26.699188+00:00,EURUSD,ranging,130,False,-0.0032,3,-0.095,0.333,0.01,0.0214,2,2.499,1.0,mut-9ac3c3,1784827527.8572602,True,
2026-08-06T10:42:31.037927+00:00,GBPUSD,ranging,130,False,0.0,0,,,,0.013,3,0.408,0.667,mut-5089ff,1785321738.3398762,True,
2026-08-06T10:42:35.481534+00:00,USDJPY,ranging,130,False,0.0341,5,0.642,0.6,0.01,0.0436,3,18.115,1.0,mut-84bada,1784629717.863137,True,
2026-08-06T10:42:39.858860+00:00,AUDUSD,ranging,130,False,-0.0097,4,-0.235,0.25,0.0199,0.0208,2,2.255,1.0,mut-56a4e2,1785345504.775803,True,
2026-08-06T10:42:44.510007+00:00,USDCAD,ranging,130,False,0.0068,3,0.22,0.667,0.01,0.0424,4,1.321,0.75,mut-fd7afd,1784124334.4320092,True,
2026-08-06T10:42:48.940095+00:00,USDCHF,ranging,130,False,0.0,0,,,,0.0293,2,44.593,1.0,imm-4fc33a,1784741046.2585468,True,
2026-08-06T10:42:53.601091+00:00,NZDUSD,trending_up,130,False,-0.0051,1,0.0,0.0,0.0,0.0179,4,0.41,0.5,mut-9fdf67,1785897925.9572012,True,
2026-08-06T10:42:57.947831+00:00,EURGBP,ranging,130,False,0.0249,3,0.864,0.667,0.0,0.028,3,1.139,0.667,mut-e402c5,1785433132.65746,True,
2026-08-06T10:43:02.484778+00:00,EURJPY,ranging,130,False,-0.0164,5,-0.343,0.2,0.0297,0.0049,2,0.193,0.5,mut-74bdf5,1785122908.0481284,True,
2026-08-06T10:43:06.938305+00:00,GBPJPY,ranging,130,False,-0.0146,5,-0.304,0.4,0.0297,0.0122,5,0.219,0.6,mut-aa51f8,1785811687.2642987,True,
2026-08-06T10:43:11.224157+00:00,XAUUSD,ranging,125,False,-0.0017,3,-0.051,0.333,0.01,0.024,3,0.794,0.667,mut-6bbcc8,1785727134.4109955,True,
2026-08-06T10:43:15.602191+00:00,USOIL,high_volatility,125,False,-0.0381,4,-14.273,0.0,0.0297,0.0203,2,2.087,1.0,mut-44fc90,1783821407.0754356,True,
2026-08-06T10:43:19.876403+00:00,BTCUSD,high_volatility,182,False,0.0,0,,,,0.0607,5,1.893,0.8,mut-785457,1783821498.0682824,True,
2026-08-06T10:43:25.009030+00:00,ETHUSD,high_volatility,182,False,-0.0054,5,-0.098,0.4,0.0297,0.0338,5,0.629,0.6,imm-7ac82e,1784277230.6638775,True,
2026-08-06T10:43:29.193439+00:00,SOLUSD,high_volatility,182,False,-0.0147,5,-0.299,0.4,0.0297,0.0223,4,0.53,0.75,mut-db8220,1785206756.6628072,True,
2026-08-06T10:43:34.193874+00:00,XRPUSD,high_volatility,182,False,0.0178,3,0.52,0.667,0.01,0.0376,5,0.738,0.8,mut-eb4a78,1785174380.1173518,True,
2026-08-06T10:43:39.548319+00:00,BNBUSD,high_volatility,182,False,0.0,0,,,,0.0203,2,2.079,1.0,mut-167b4d,1785840212.5746226,True,
2026-08-06T10:43:43.785306+00:00,ADAUSD,high_volatility,182,False,0.0045,7,0.051,0.429,0.0199,0.0435,5,0.874,0.8,mut-a36803,1785235220.1110218,True,
2026-08-06T10:43:48.213420+00:00,SPX,trending_up,124,False,-0.0227,4,-0.774,0.25,0.0297,0.0199,3,0.559,0.667,mut-8ec06d,1785926421.560454,True,
2026-08-06T10:43:52.636238+00:00,NASDAQ,high_volatility,124,False,-0.0175,5,-0.365,0.2,0.0199,,,,,,,True,
2026-08-06T10:43:57.154257+00:00,DJI,trending_up,124,False,0.007,3,0.228,0.667,0.01,0.0324,3,1.767,1.0,imm-675d14,1785984556.6495843,True,
2026-08-06T10:44:00.926200+00:00,RUT,ranging,124,False,-0.0264,3,-5.495,0.0,0.0199,0.0187,2,1.663,1.0,mut-71c912,1784688870.3744597,True,
2026-08-06T10:44:05.251922+00:00,VIX,high_volatility,126,False,-0.0377,4,-11.45,0.0,0.0297,0.0641,6,1.152,0.833,imm-48c3d1,1785840241.6769683,True,
2026-08-06T10:44:09.174798+00:00,FTSE,trending_up,126,True,0.0108,3,0.35,0.667,0.01,0.0108,3,0.35,0.667,mut-3d1d92,1786013049.0606463,True,
2026-08-06T10:44:13.639380+00:00,DAX,trending_up,127,False,-0.0156,5,-0.327,0.2,0.0297,0.0114,6,0.157,0.5,mut-ceebf5,1785840250.3311381,True,
2026-08-06T10:44:17.517978+00:00,CAC40,trending_up,127,False,-0.0142,3,-0.639,0.333,0.0199,0.0285,2,19.534,1.0,mut-37f60a,1785984577.7157676,True,
2026-08-06T10:44:21.875404+00:00,NIKKEI,high_volatility,122,False,-0.0242,3,-3.05,0.0,0.0199,0.0244,3,0.828,0.667,mut-c1d5a1,1783914987.901319,True,
2026-08-06T10:44:26.293567+00:00,HSI,high_volatility,120,False,-0.0001,4,-0.003,0.5,0.0199,0.0446,5,0.904,0.8,mut-72c855,1785554301.4431474,True,
2026-08-06T10:44:30.161260+00:00,SENSEX,trending_up,122,True,0.0073,3,0.239,0.667,0.01,0.0073,3,0.239,0.667,pullba-2843bc,1786013070.0283835,True,
2026-08-06T10:44:34.054753+00:00,ASX200,trending_up,127,False,-0.0125,3,-0.511,0.333,0.0199,,,,,,,True,
2026-08-06T10:44:38.538056+00:00,AAPL,high_volatility,124,False,0.0084,5,0.148,0.4,0.01,0.0131,5,0.233,0.6,mut-3c43e6,1785811782.91854,True,
2026-08-06T10:44:42.925989+00:00,MSFT,high_volatility,124,False,0.0097,5,0.172,0.4,0.0199,0.0534,6,0.914,0.833,mut-417f54,1785866030.0990324,True,
2026-08-06T10:44:46.802929+00:00,NVDA,high_volatility,124,False,0.0,0,,,,0.0225,2,3.025,1.0,mut-78d460,1785433250.8173203,True,
2026-08-06T10:44:50.690479+00:00,GOOGL,high_volatility,124,False,0.0,0,,,,0.0229,2,3.208,1.0,mut-bf5889,1784776571.9995205,True,
2026-08-06T10:44:55.098398+00:00,AMZN,high_volatility,124,False,-0.0092,2,-0.858,0.5,0.01,0.025,2,5.016,1.0,imm-5ecbb6,1784948103.51404,True,
2026-08-06T10:44:59.044616+00:00,META,high_volatility,124,False,-0.0052,3,-0.148,0.333,0.01,0.0199,3,0.559,0.667,mut-ceb411,1785926501.1619763,True,
2026-08-06T10:45:03.418048+00:00,TSLA,high_volatility,124,False,-0.0157,5,-0.328,0.2,0.0297,0.0236,4,0.569,0.75,mut-842635,1783887921.345828,True,
2026-08-06T10:45:07.776871+00:00,BRKB,high_volatility,124,True,0.0251,4,0.61,0.75,0.01,0.0251,4,0.61,0.75,mut-6f73c9,1786013107.6539676,True,
2026-08-06T10:45:12.432876+00:00,LLY,high_volatility,124,False,0.0,0,,,,0.0385,5,0.756,0.8,mut-5648c7,1784363164.0287595,True,
2026-08-06T10:45:16.369446+00:00,V,trending_up,124,False,0.0121,3,0.388,0.667,0.01,0.0391,5,0.784,0.8,mut-1b8e6f,1785174490.8748248,True,
2026-08-06T10:45:20.243175+00:00,JPM,high_volatility,124,False,-0.0132,5,-0.27,0.4,0.0297,0.0389,3,4.262,1.0,mut-84b106,1785866071.6229672,True,
2026-08-07T02:48:07.887396+00:00,EURUSD,ranging,130,False,0.0049,2,0.193,0.5,0.01,0.0214,2,2.499,1.0,mut-9ac3c3,1784827527.8572602,True,
2026-08-07T02:48:11.827749+00:00,GBPUSD,ranging,130,False,-0.0052,3,-0.149,0.333,0.0199,0.013,3,0.408,0.667,mut-5089ff,1785321738.3398762,True,
2026-08-07T02:48:15.697898+00:00,USDJPY,ranging,130,False,0.015,1,0.0,1.0,0.0,0.0436,3,18.115,1.0,mut-84bada,1784629717.863137,True,
2026-08-07T02:48:20.469106+00:00,AUDUSD,ranging,130,False,0.0011,1,0.0,1.0,0.0,0.0208,2,2.255,1.0,mut-56a4e2,1785345504.775803,True,
2026-08-07T02:48:25.321801+00:00,USDCAD,ranging,130,False,0.0,0,,,,0.0424,4,1.321,0.75,mut-fd7afd,1784124334.4320092,True,
2026-08-07T02:48:30.798882+00:00,USDCHF,ranging,130,False,0.0039,3,0.125,0.333,0.01,0.0293,2,44.593,1.0,imm-4fc33a,1784741046.2585468,True,
2026-08-07T02:48:35.685754+00:00,NZDUSD,trending_up,130,False,-0.0043,1,0.0,0.0,0.0,0.0179,4,0.41,0.5,mut-9fdf67,1785897925.9572012,True,
2026-08-07T02:48:39.621083+00:00,EURGBP,ranging,130,False,0.0268,3,1.027,0.667,0.0,0.028,3,1.139,0.667,mut-e402c5,1785433132.65746,True,
2026-08-07T02:48:44.388659+00:00,EURJPY,ranging,130,False,-0.0174,5,-0.366,0.2,0.0297,0.0049,2,0.193,0.5,mut-74bdf5,1785122908.0481284,True,
2026-08-07T02:48:49.270400+00:00,GBPJPY,ranging,130,False,-0.0164,5,-0.344,0.2,0.0297,0.0122,5,0.219,0.6,mut-aa51f8,1785811687.2642987,True,
2026-08-07T02:48:53.205701+00:00,XAUUSD,ranging,125,False,0.0155,5,0.273,0.6,0.01,0.024,3,0.794,0.667,mut-6bbcc8,1785727134.4109955,True,
2026-08-07T02:48:57.211895+00:00,USOIL,high_volatility,125,False,-0.0348,4,-4.165,0.0,0.0297,0.0203,2,2.087,1.0,mut-44fc90,1783821407.0754356,True,
2026-08-07T02:49:03.041239+00:00,BTCUSD,high_volatility,181,False,0.0,0,,,,0.0607,5,1.893,0.8,mut-785457,1783821498.0682824,True,
2026-08-07T02:49:08.832245+00:00,ETHUSD,high_volatility,181,False,-0.0058,5,-0.105,0.4,0.0297,0.0338,5,0.629,0.6,imm-7ac82e,1784277230.6638775,True,
2026-08-07T02:49:14.903615+00:00,SOLUSD,high_volatility,181,False,0.0011,4,0.025,0.5,0.0199,0.0223,4,0.53,0.75,mut-db8220,1785206756.6628072,True,
2026-08-07T02:49:20.768212+00:00,XRPUSD,high_volatility,181,False,0.0199,4,0.466,0.5,0.01,0.0376,5,0.738,0.8,mut-eb4a78,1785174380.1173518,True,
2026-08-07T02:49:25.200813+00:00,BNBUSD,high_volatility,181,False,0.0036,1,0.0,1.0,0.0,0.0203,2,2.079,1.0,mut-167b4d,1785840212.5746226,True,
2026-08-07T02:49:30.724512+00:00,ADAUSD,high_volatility,181,False,0.0045,7,0.051,0.429,0.0199,0.0435,5,0.874,0.8,mut-a36803,1785235220.1110218,True,
2026-08-07T02:49:34.689875+00:00,SPX,trending_up,124,False,-0.0199,2,-199.0,0.0,0.0199,0.0199,3,0.559,0.667,mut-8ec06d,1785926421.560454,True,
2026-08-07T02:49:39.483185+00:00,NASDAQ,high_volatility,124,False,-0.0,3,-0.0,0.333,0.01,,,,,,,True,
2026-08-07T02:49:44.371599+00:00,DJI,trending_up,124,False,0.0032,3,0.105,0.333,0.01,0.0324,3,1.767,1.0,imm-675d14,1785984556.6495843,True,
2026-08-07T02:49:49.070520+00:00,RUT,ranging,124,False,-0.0149,2,-2.944,0.0,0.01,0.0187,2,1.663,1.0,mut-71c912,1784688870.3744597,True,
2026-08-07T02:49:53.038007+00:00,VIX,high_volatility,126,False,0.0177,3,0.518,0.667,0.01,0.0641,6,1.152,0.833,imm-48c3d1,1785840241.6769683,True,
2026-08-07T02:49:57.126688+00:00,FTSE,trending_up,126,False,0.0085,3,0.28,0.667,0.01,0.0108,3,0.35,0.667,mut-3d1d92,1786013049.0606463,True,
2026-08-07T02:50:02.111898+00:00,DAX,trending_up,127,False,0.0,0,,,,0.0071,3,0.233,0.667,imm-595708,1786071001.1899426,True,
2026-08-07T02:50:06.153801+00:00,CAC40,trending_up,127,False,0.0,0,,,,0.0285,2,19.534,1.0,mut-37f60a,1785984577.7157676,True,
2026-08-07T02:50:10.152088+00:00,NIKKEI,high_volatility,122,False,0.0023,3,0.072,0.333,0.01,0.0244,3,0.828,0.667,mut-c1d5a1,1783914987.901319,True,
2026-08-07T02:50:15.026854+00:00,HSI,high_volatility,120,False,0.0059,5,0.103,0.4,0.0199,0.0446,5,0.904,0.8,mut-72c855,1785554301.4431474,True,
2026-08-07T02:50:19.019759+00:00,SENSEX,trending_up,122,False,-0.0199,2,-199.0,0.0,0.0199,0.0073,3,0.239,0.667,pullba-2843bc,1786013070.0283835,True,
2026-08-07T02:50:23.056624+00:00,ASX200,trending_up,127,False,-0.0134,3,-0.578,0.333,0.0199,,,,,,,True,
2026-08-07T02:50:28.031197+00:00,AAPL,high_volatility,124,False,-0.0025,6,-0.038,0.333,0.0199,0.0131,5,0.233,0.6,mut-3c43e6,1785811782.91854,True,
2026-08-07T02:50:32.898361+00:00,MSFT,high_volatility,124,False,0.0287,6,0.425,0.667,0.0199,0.0534,6,0.914,0.833,mut-417f54,1785866030.0990324,True,
2026-08-07T02:50:37.735884+00:00,NVDA,high_volatility,124,False,0.0,0,,,,0.0225,2,3.025,1.0,mut-78d460,1785433250.8173203,True,
2026-08-07T02:50:42.744639+00:00,GOOGL,high_volatility,124,False,-0.0308,6,-0.562,0.167,0.0394,0.0229,2,3.208,1.0,mut-bf5889,1784776571.9995205,True,
2026-08-07T02:50:47.522755+00:00,AMZN,high_volatility,124,False,-0.0095,2,-0.908,0.5,0.01,0.025,2,5.016,1.0,imm-5ecbb6,1784948103.51404,True,
2026-08-07T02:50:51.647473+00:00,META,high_volatility,124,False,-0.0052,3,-0.148,0.333,0.01,0.0199,3,0.559,0.667,mut-ceb411,1785926501.1619763,True,
2026-08-07T02:50:56.488856+00:00,TSLA,high_volatility,124,False,0.015,2,1.007,1.0,0.0,0.0236,4,0.569,0.75,mut-842635,1783887921.345828,True,
2026-08-07T02:51:01.128942+00:00,BRKB,high_volatility,124,False,-0.01,1,0.0,0.0,0.01,0.0298,4,0.717,0.75,mut-555b97,1786071060.3954887,True,
2026-08-07T02:51:06.282969+00:00,LLY,high_volatility,124,False,0.0,0,,,,0.0385,5,0.756,0.8,mut-5648c7,1784363164.0287595,True,
2026-08-07T02:51:10.284069+00:00,V,trending_up,124,False,0.0032,4,0.073,0.5,0.0199,0.0391,5,0.784,0.8,mut-1b8e6f,1785174490.8748248,True,
2026-08-07T02:51:14.379458+00:00,JPM,high_volatility,124,False,0.0366,3,2.974,1.0,0.0,0.0389,3,4.262,1.0,mut-84b106,1785866071.6229672,True,
2026-08-07T09:02:32.201026+00:00,EURUSD,ranging,130,False,0.0049,2,0.193,0.5,0.01,0.0214,2,2.499,1.0,mut-9ac3c3,1784827527.8572602,True,
2026-08-07T09:02:36.209567+00:00,GBPUSD,ranging,130,False,-0.0052,3,-0.149,0.333,0.0199,0.013,3,0.408,0.667,mut-5089ff,1785321738.3398762,True,
2026-08-07T09:02:40.147775+00:00,USDJPY,ranging,130,False,0.015,1,0.0,1.0,0.0,0.0436,3,18.115,1.0,mut-84bada,1784629717.863137,True,
2026-08-07T09:02:44.924378+00:00,AUDUSD,ranging,130,False,0.0,1,0.0,1.0,0.0,0.0208,2,2.255,1.0,mut-56a4e2,1785345504.775803,True,
2026-08-07T09:02:49.869906+00:00,USDCAD,ranging,130,False,0.0061,3,0.199,0.667,0.01,0.0424,4,1.321,0.75,mut-fd7afd,1784124334.4320092,True,
2026-08-07T09:02:54.631460+00:00,USDCHF,ranging,130,False,0.0162,2,1.169,1.0,0.0,0.0293,2,44.593,1.0,imm-4fc33a,1784741046.2585468,True,
2026-08-07T09:02:59.682775+00:00,NZDUSD,trending_up,130,False,-0.0048,1,0.0,0.0,0.0,0.0179,4,0.41,0.5,mut-9fdf67,1785897925.9572012,True,
2026-08-07T09:03:04.343768+00:00,EURGBP,ranging,130,False,0.0257,3,0.929,0.667,0.0,0.028,3,1.139,0.667,mut-e402c5,1785433132.65746,True,
2026-08-07T09:03:09.250432+00:00,EURJPY,ranging,130,False,-0.0176,5,-0.372,0.2,0.0297,0.0049,2,0.193,0.5,mut-74bdf5,1785122908.0481284,True,
2026-08-07T09:03:13.331836+00:00,GBPJPY,ranging,130,False,0.0,0,,,,0.0122,5,0.219,0.6,mut-aa51f8,1785811687.2642987,True,
2026-08-07T09:03:17.335373+00:00,XAUUSD,high_volatility,125,False,0.0049,2,0.193,0.5,0.01,0.023,2,3.283,1.0,mut-aef8ad,1784888561.9697459,True,
2026-08-07T09:03:22.483978+00:00,USOIL,high_volatility,125,False,-0.0037,4,-0.091,0.5,0.0199,0.0203,2,2.087,1.0,mut-44fc90,1783821407.0754356,True,
2026-08-07T09:03:27.229682+00:00,BTCUSD,high_volatility,182,False,0.0,0,,,,0.0607,5,1.893,0.8,mut-785457,1783821498.0682824,True,
2026-08-07T09:03:33.374425+00:00,ETHUSD,high_volatility,182,False,-0.0053,5,-0.095,0.4,0.0297,0.0338,5,0.629,0.6,imm-7ac82e,1784277230.6638775,True,
2026-08-07T09:03:39.903993+00:00,SOLUSD,high_volatility,182,False,-0.0112,3,-0.422,0.333,0.0199,0.0223,4,0.53,0.75,mut-db8220,1785206756.6628072,True,
2026-08-07T09:03:46.031168+00:00,XRPUSD,high_volatility,182,False,-0.0117,3,-0.457,0.333,0.0199,0.0376,5,0.738,0.8,mut-eb4a78,1785174380.1173518,True,
2026-08-07T09:03:50.544666+00:00,BNBUSD,high_volatility,182,False,0.0018,1,0.0,1.0,0.0,0.0203,2,2.079,1.0,mut-167b4d,1785840212.5746226,True,
2026-08-07T09:03:56.220797+00:00,ADAUSD,high_volatility,182,False,-0.0004,5,-0.006,0.4,0.0199,0.0435,5,0.874,0.8,mut-a36803,1785235220.1110218,True,
2026-08-07T09:04:00.224931+00:00,SPX,trending_up,124,False,-0.0199,2,-199.0,0.0,0.0199,0.0199,3,0.559,0.667,mut-8ec06d,1785926421.560454,True,
2026-08-07T09:04:05.033674+00:00,NASDAQ,high_volatility,124,False,-0.0,3,-0.0,0.333,0.01,,,,,,,True,
2026-08-07T09:04:09.950330+00:00,DJI,trending_up,124,False,0.0286,3,1.206,0.667,0.0,0.0286,3,1.206,0.667,imm-f6a612,1786093449.0598,True,
2026-08-07T09:04:14.016657+00:00,RUT,ranging,124,False,0.0044,1,0.0,1.0,0.0,0.0187,2,1.663,1.0,mut-71c912,1784688870.3744597,True,
2026-08-07T09:04:18.144776+00:00,VIX,high_volatility,126,False,0.0016,2,0.072,0.5,0.01,0.0641,6,1.152,0.833,imm-48c3d1,1785840241.6769683,True,
2026-08-07T09:04:22.320747+00:00,FTSE,trending_up,126,False,0.0095,3,0.309,0.667,0.01,0.0108,3,0.35,0.667,mut-3d1d92,1786013049.0606463,True,
2026-08-07T09:04:27.350233+00:00,DAX,trending_up,127,False,0.0097,3,0.315,0.667,0.01,0.0097,3,0.315,0.667,mut-4e0e62,1786093466.3941314,True,
2026-08-07T09:04:32.356337+00:00,CAC40,trending_up,127,False,0.0,0,,,,0.0285,2,19.534,1.0,mut-37f60a,1785984577.7157676,True,
2026-08-07T09:04:36.523160+00:00,NIKKEI,high_volatility,122,False,0.0006,3,0.02,0.333,0.01,0.0244,3,0.828,0.667,mut-c1d5a1,1783914987.901319,True,
2026-08-07T09:04:41.395208+00:00,HSI,high_volatility,120,False,0.0058,5,0.101,0.4,0.0199,0.0446,5,0.904,0.8,mut-72c855,1785554301.4431474,True,
2026-08-07T09:04:46.230273+00:00,SENSEX,trending_up,122,False,-0.0255,3,-4.127,0.0,0.0199,0.0073,3,0.239,0.667,pullba-2843bc,1786013070.0283835,True,
2026-08-07T09:04:50.348965+00:00,ASX200,trending_up,127,False,-0.0008,6,-0.012,0.333,0.0297,,,,,,,True,
2026-08-07T09:04:54.437938+00:00,AAPL,high_volatility,124,False,-0.0004,6,-0.006,0.333,0.0199,0.0131,5,0.233,0.6,mut-3c43e6,1785811782.91854,True,
2026-08-07T09:04:59.726645+00:00,MSFT,high_volatility,124,False,0.0,0,,,,0.0534,6,0.914,0.833,mut-417f54,1785866030.0990324,True,
2026-08-07T09:05:04.804816+00:00,NVDA,high_volatility,124,False,-0.0053,1,0.0,0.0,0.0,0.0225,2,3.025,1.0,mut-78d460,1785433250.8173203,True,
2026-08-07T09:05:09.932940+00:00,GOOGL,high_volatility,124,False,-0.0308,6,-0.562,0.167,0.0394,0.0229,2,3.208,1.0,mut-bf5889,1784776571.9995205,True,
2026-08-07T09:05:14.869995+00:00,AMZN,high_volatility,124,False,-0.0095,2,-0.908,0.5,0.01,0.025,2,5.016,1.0,imm-5ecbb6,1784948103.51404,True,
2026-08-07T09:05:19.125781+00:00,META,high_volatility,124,False,-0.0052,3,-0.148,0.333,0.01,0.0199,3,0.559,0.667,mut-ceb411,1785926501.1619763,True,
2026-08-07T09:05:23.288780+00:00,TSLA,high_volatility,124,False,0.015,2,1.007,1.0,0.0,0.0236,4,0.569,0.75,mut-842635,1783887921.345828,True,
2026-08-07T09:05:28.116122+00:00,BRKB,high_volatility,124,False,-0.01,1,0.0,0.0,0.01,0.0298,4,0.717,0.75,mut-555b97,1786071060.3954887,True,
2026-08-07T09:05:33.564044+00:00,LLY,high_volatility,124,False,0.0,0,,,,0.0385,5,0.756,0.8,mut-5648c7,1784363164.0287595,True,
2026-08-07T09:05:38.534330+00:00,V,trending_up,124,False,-0.029,5,-0.718,0.2,0.0394,0.0391,5,0.784,0.8,mut-1b8e6f,1785174490.8748248,True,
2026-08-07T09:05:42.762880+00:00,JPM,high_volatility,124,False,-0.0394,4,-88.999,0.0,0.0394,0.0389,3,4.262,1.0,mut-84b106,1785866071.6229672,True,
2026-08-07T16:56:32.641255+00:00,EURUSD,ranging,130,False,0.0049,2,0.193,0.5,0.01,0.0214,2,2.499,1.0,mut-9ac3c3,1784827527.8572602,True,
2026-08-07T16:56:36.513025+00:00,GBPUSD,ranging,130,False,-0.0052,3,-0.149,0.333,0.0199,0.013,3,0.408,0.667,mut-5089ff,1785321738.3398762,True,
2026-08-07T16:56:40.338578+00:00,USDJPY,ranging,130,False,0.015,1,0.0,1.0,0.0,0.0436,3,18.115,1.0,mut-84bada,1784629717.863137,True,
2026-08-07T16:56:44.915401+00:00,AUDUSD,ranging,130,False,-0.0023,1,0.0,0.0,0.0,0.0208,2,2.255,1.0,mut-56a4e2,1785345504.775803,True,
2026-08-07T16:56:49.625874+00:00,USDCAD,ranging,130,False,0.0132,3,0.415,0.667,0.01,0.0424,4,1.321,0.75,mut-fd7afd,1784124334.4320092,True,
2026-08-07T16:56:54.223845+00:00,USDCHF,ranging,130,False,-0.0008,3,-0.024,0.333,0.01,0.0293,2,44.593,1.0,imm-4fc33a,1784741046.2585468,True,
2026-08-07T16:56:58.155086+00:00,NZDUSD,trending_up,130,False,-0.0061,1,0.0,0.0,0.0,0.0179,4,0.41,0.5,mut-9fdf67,1785897925.9572012,True,
2026-08-07T16:57:02.075815+00:00,EURGBP,ranging,130,False,0.0269,3,1.032,0.667,0.0,0.028,3,1.139,0.667,mut-e402c5,1785433132.65746,True,
2026-08-07T16:57:06.674475+00:00,EURJPY,ranging,130,False,-0.0155,5,-0.325,0.2,0.0297,0.0049,2,0.193,0.5,mut-74bdf5,1785122908.0481284,True,
2026-08-07T16:57:11.453526+00:00,GBPJPY,ranging,130,False,-0.0149,5,-0.311,0.4,0.0297,0.0122,5,0.219,0.6,mut-aa51f8,1785811687.2642987,True,
2026-08-07T16:57:15.370048+00:00,XAUUSD,high_volatility,125,False,0.0049,2,0.193,0.5,0.01,0.023,2,3.283,1.0,mut-aef8ad,1784888561.9697459,True,
2026-08-07T16:57:19.285432+00:00,USOIL,high_volatility,125,False,0.0,0,,,,0.0203,2,2.087,1.0,mut-44fc90,1783821407.0754356,True,
2026-08-07T16:57:23.959904+00:00,BTCUSD,high_volatility,182,False,-0.002,1,0.0,0.0,0.0,0.0607,5,1.893,0.8,mut-785457,1783821498.0682824,True,
2026-08-07T16:57:29.738744+00:00,ETHUSD,high_volatility,182,False,-0.0053,5,-0.095,0.4,0.0297,0.0338,5,0.629,0.6,imm-7ac82e,1784277230.6638775,True,
2026-08-07T16:57:35.967923+00:00,SOLUSD,high_volatility,182,False,-0.0149,3,-0.705,0.333,0.0199,0.0223,4,0.53,0.75,mut-db8220,1785206756.6628072,True,
2026-08-07T16:57:41.497203+00:00,XRPUSD,high_volatility,182,False,-0.0104,3,-0.379,0.333,0.0199,0.0376,5,0.738,0.8,mut-eb4a78,1785174380.1173518,True,
2026-08-07T16:57:47.329696+00:00,BNBUSD,high_volatility,182,False,0.0013,1,0.0,1.0,0.0,0.0203,2,2.079,1.0,mut-167b4d,1785840212.5746226,True,
2026-08-07T16:57:51.685166+00:00,ADAUSD,high_volatility,182,False,-0.0059,4,-0.144,0.25,0.0199,0.0435,5,0.874,0.8,mut-a36803,1785235220.1110218,True,
2026-08-07T16:57:55.635996+00:00,SPX,trending_up,125,False,-0.0199,2,-199.0,0.0,0.0199,0.0199,3,0.559,0.667,mut-8ec06d,1785926421.560454,True,
2026-08-07T16:58:00.376871+00:00,NASDAQ,high_volatility,125,False,-0.0129,4,-0.308,0.25,0.01,,,,,,,True,
2026-08-07T16:58:05.120815+00:00,DJI,trending_up,125,False,0.0038,3,0.124,0.333,0.01,0.0286,3,1.206,0.667,imm-f6a612,1786093449.0598,True,
2026-08-07T16:58:09.150189+00:00,RUT,trending_up,125,True,0.0166,2,1.245,1.0,0.0,0.0166,2,1.245,1.0,mut-290517,1786121889.0100155,True,
2026-08-07T16:58:13.912339+00:00,VIX,high_volatility,126,False,0.0023,2,0.105,0.5,0.01,0.0641,6,1.152,0.833,imm-48c3d1,1785840241.6769683,True,
2026-08-07T16:58:17.940555+00:00,FTSE,trending_up,126,False,-0.0284,4,-1.472,0.25,0.0297,0.0108,3,0.35,0.667,mut-3d1d92,1786013049.0606463,True,
2026-08-07T16:58:22.723043+00:00,DAX,trending_up,127,False,-0.0101,5,-0.2,0.4,0.0297,0.0097,3,0.315,0.667,mut-4e0e62,1786093466.3941314,True,
2026-08-07T16:58:27.659932+00:00,CAC40,trending_up,127,False,0.0,0,,,,0.0285,2,19.534,1.0,mut-37f60a,1785984577.7157676,True,
2026-08-07T16:58:31.637887+00:00,NIKKEI,high_volatility,121,False,0.0004,3,0.013,0.333,0.01,0.0244,3,0.828,0.667,mut-c1d5a1,1783914987.901319,True,
2026-08-07T16:58:36.365405+00:00,HSI,high_volatility,119,False,0.0168,4,0.377,0.5,0.01,0.0446,5,0.904,0.8,mut-72c855,1785554301.4431474,True,
2026-08-07T16:58:40.263524+00:00,SENSEX,trending_up,122,False,-0.0297,3,-121.863,0.0,0.0297,0.0073,3,0.239,0.667,pullba-2843bc,1786013070.0283835,True,
2026-08-07T16:58:44.930111+00:00,ASX200,trending_up,126,False,-0.0125,3,-0.511,0.333,0.0199,,,,,,,True,
2026-08-07T16:58:49.766445+00:00,AAPL,high_volatility,125,False,-0.0073,4,-0.179,0.25,0.01,0.0131,5,0.233,0.6,mut-3c43e6,1785811782.91854,True,
2026-08-07T16:58:54.521452+00:00,MSFT,high_volatility,125,False,0.0,0,,,,0.0534,6,0.914,0.833,mut-417f54,1785866030.0990324,True,
2026-08-07T16:58:58.692487+00:00,NVDA,high_volatility,125,False,0.0,0,,,,0.0225,2,3.025,1.0,mut-78d460,1785433250.8173203,True,
2026-08-07T16:59:03.619594+00:00,GOOGL,high_volatility,125,False,-0.0317,6,-0.577,0.167,0.0394,0.0229,2,3.208,1.0,mut-bf5889,1784776571.9995205,True,
2026-08-07T16:59:08.363097+00:00,AMZN,high_volatility,125,False,-0.01,1,0.0,0.0,0.01,0.025,2,5.016,1.0,imm-5ecbb6,1784948103.51404,True,
2026-08-07T16:59:12.299610+00:00,META,high_volatility,125,False,-0.0224,4,-0.755,0.25,0.0297,0.0199,3,0.559,0.667,mut-ceb411,1785926501.1619763,True,
2026-08-07T16:59:17.107753+00:00,TSLA,high_volatility,125,False,0.0125,2,0.717,0.5,0.0,0.0236,4,0.569,0.75,mut-842635,1783887921.345828,True,
2026-08-07T16:59:21.642105+00:00,BRKB,high_volatility,125,False,-0.01,1,0.0,0.0,0.01,0.0298,4,0.717,0.75,mut-555b97,1786071060.3954887,True,
2026-08-07T16:59:26.880588+00:00,LLY,high_volatility,125,False,0.0,0,,,,0.0385,5,0.756,0.8,mut-5648c7,1784363164.0287595,True,
2026-08-07T16:59:31.062178+00:00,V,trending_up,125,False,0.0,0,,,,0.0391,5,0.784,0.8,mut-1b8e6f,1785174490.8748248,True,
2026-08-07T16:59:35.072159+00:00,JPM,trending_up,125,False,0.0376,3,3.409,1.0,0.0,0.0398,3,5.096,1.0,mut-44cc85,1784776603.1924407,True,
2026-08-08T01:49:46.427165+00:00,EURUSD,ranging,130,False,0.0049,2,0.193,0.5,0.01,0.0214,2,2.499,1.0,mut-9ac3c3,1784827527.8572602,True,
2026-08-08T01:49:50.281395+00:00,GBPUSD,ranging,130,False,-0.0052,3,-0.149,0.333,0.0199,0.013,3,0.408,0.667,mut-5089ff,1785321738.3398762,True,
2026-08-08T01:49:54.107049+00:00,USDJPY,ranging,130,False,0.015,1,0.0,1.0,0.0,0.0436,3,18.115,1.0,mut-84bada,1784629717.863137,True,
2026-08-08T01:49:58.724704+00:00,AUDUSD,ranging,130,False,-0.0024,1,0.0,0.0,0.0,0.0208,2,2.255,1.0,mut-56a4e2,1785345504.775803,True,
2026-08-08T01:50:03.496757+00:00,USDCAD,ranging,130,False,0.0132,3,0.415,0.667,0.01,0.0424,4,1.321,0.75,mut-fd7afd,1784124334.4320092,True,
2026-08-08T01:50:08.138095+00:00,USDCHF,ranging,130,False,-0.0007,3,-0.02,0.333,0.01,0.0293,2,44.593,1.0,imm-4fc33a,1784741046.2585468,True,
2026-08-08T01:50:13.079837+00:00,NZDUSD,trending_up,130,False,-0.0062,1,0.0,0.0,0.0,0.0179,4,0.41,0.5,mut-9fdf67,1785897925.9572012,True,
2026-08-08T01:50:17.789027+00:00,EURGBP,ranging,130,False,0.0266,3,1.0,0.667,0.0,0.028,3,1.139,0.667,mut-e402c5,1785433132.65746,True,
2026-08-08T01:50:22.508546+00:00,EURJPY,ranging,130,False,-0.017,5,-0.359,0.2,0.0297,0.0049,2,0.193,0.5,mut-74bdf5,1785122908.0481284,True,
2026-08-08T01:50:26.603188+00:00,GBPJPY,ranging,130,False,0.0,0,,,,0.0122,5,0.219,0.6,mut-aa51f8,1785811687.2642987,True,
2026-08-08T01:50:30.581684+00:00,XAUUSD,high_volatility,125,False,0.0049,2,0.193,0.5,0.01,0.023,2,3.283,1.0,mut-aef8ad,1784888561.9697459,True,
2026-08-08T01:50:35.304821+00:00,USOIL,high_volatility,125,False,0.0,0,,,,0.0203,2,2.087,1.0,mut-44fc90,1783821407.0754356,True,
2026-08-08T01:50:40.987326+00:00,BTCUSD,high_volatility,181,False,-0.0022,1,0.0,0.0,0.0,0.0607,5,1.893,0.8,mut-785457,1783821498.0682824,True,
2026-08-08T01:50:45.331284+00:00,ETHUSD,high_volatility,181,False,-0.0013,3,-0.04,0.333,0.01,0.0338,5,0.629,0.6,imm-7ac82e,1784277230.6638775,True,
2026-08-08T01:50:50.114051+00:00,SOLUSD,high_volatility,181,False,-0.0276,4,-1.33,0.25,0.0297,0.0223,4,0.53,0.75,mut-db8220,1785206756.6628072,True,
2026-08-08T01:50:54.531739+00:00,XRPUSD,high_volatility,181,False,0.0097,5,0.174,0.4,0.01,0.0376,5,0.738,0.8,mut-eb4a78,1785174380.1173518,True,
2026-08-08T01:50:59.005300+00:00,BNBUSD,high_volatility,181,False,0.0015,1,0.0,1.0,0.0,0.0203,2,2.079,1.0,mut-167b4d,1785840212.5746226,True,
2026-08-08T01:51:03.382481+00:00,ADAUSD,high_volatility,181,False,-0.0056,4,-0.137,0.25,0.0199,0.0435,5,0.874,0.8,mut-a36803,1785235220.1110218,True,
2026-08-08T01:51:07.325061+00:00,SPX,trending_up,125,False,-0.0199,2,-199.0,0.0,0.0199,0.0199,3,0.559,0.667,mut-8ec06d,1785926421.560454,True,
2026-08-08T01:51:12.351017+00:00,NASDAQ,high_volatility,125,True,0.0211,4,0.503,0.75,0.01,0.0211,4,0.503,0.75,imm-9a582c,1786153872.2105956,True,
2026-08-08T01:51:17.245666+00:00,DJI,trending_up,125,False,0.0045,3,0.145,0.333,0.01,0.0286,3,1.206,0.667,imm-f6a612,1786093449.0598,True,
2026-08-08T01:51:22.035659+00:00,RUT,trending_up,125,True,0.017,2,1.316,1.0,0.0,0.017,2,1.316,1.0,mut-c12dc0,1786153881.8891637,True,
2026-08-08T01:51:26.620127+00:00,VIX,high_volatility,126,False,-0.0277,4,-1.339,0.25,0.0297,0.0641,6,1.152,0.833,imm-48c3d1,1785840241.6769683,True,
2026-08-08T01:51:30.687620+00:00,FTSE,trending_up,126,False,-0.0311,4,-2.124,0.0,0.0297,0.0108,3,0.35,0.667,mut-3d1d92,1786013049.0606463,True,
2026-08-08T01:51:35.544679+00:00,DAX,trending_up,127,False,-0.0122,5,-0.247,0.4,0.0297,0.01,3,0.325,0.667,imm-8bd849,1786153894.6424987,True,
2026-08-08T01:51:39.529359+00:00,CAC40,trending_up,127,False,-0.0031,5,-0.055,0.4,0.0297,0.0285,2,19.534,1.0,mut-37f60a,1785984577.7157676,True,
2026-08-08T01:51:44.134298+00:00,NIKKEI,high_volatility,122,False,0.0006,3,0.02,0.333,0.01,0.0244,3,0.828,0.667,mut-c1d5a1,1783914987.901319,True,
2026-08-08T01:51:48.865441+00:00,HSI,high_volatility,120,False,0.0,0,,,,0.0446,5,0.904,0.8,mut-72c855,1785554301.4431474,True,
2026-08-08T01:51:52.751343+00:00,SENSEX,trending_up,122,False,-0.0258,3,-4.475,0.0,0.0199,0.0073,3,0.239,0.667,pullba-2843bc,1786013070.0283835,True,
2026-08-08T01:51:56.888045+00:00,ASX200,trending_up,127,False,-0.013,3,-0.545,0.333,0.0199,,,,,,,True,
2026-08-08T01:52:01.694007+00:00,AAPL,high_volatility,125,False,-0.0079,4,-0.195,0.25,0.01,0.0131,5,0.233,0.6,mut-3c43e6,1785811782.91854,True,
2026-08-08T01:52:05.729263+00:00,MSFT,high_volatility,125,False,0.0,0,,,,0.0534,6,0.914,0.833,mut-417f54,1785866030.0990324,True,
2026-08-08T01:52:10.743435+00:00,NVDA,high_volatility,125,False,0.0,0,,,,0.0225,2,3.025,1.0,mut-78d460,1785433250.8173203,True,
2026-08-08T01:52:15.815317+00:00,GOOGL,high_volatility,125,False,0.0,0,,,,0.0229,2,3.208,1.0,mut-bf5889,1784776571.9995205,True,
2026-08-08T01:52:20.610455+00:00,AMZN,high_volatility,125,False,-0.0079,2,-0.658,0.5,0.01,0.025,2,5.016,1.0,imm-5ecbb6,1784948103.51404,True,
2026-08-08T01:52:25.292321+00:00,META,high_volatility,125,False,-0.027,3,-6.748,0.0,0.0199,0.0199,3,0.559,0.667,mut-ceb411,1785926501.1619763,True,
2026-08-08T01:52:30.244578+00:00,TSLA,high_volatility,125,False,0.0,0,,,,0.0236,4,0.569,0.75,mut-842635,1783887921.345828,True,
2026-08-08T01:52:34.786349+00:00,BRKB,high_volatility,125,False,-0.01,1,0.0,0.0,0.01,0.0298,4,0.717,0.75,mut-555b97,1786071060.3954887,True,
2026-08-08T01:52:40.080253+00:00,LLY,high_volatility,125,False,0.0,0,,,,0.0385,5,0.756,0.8,mut-5648c7,1784363164.0287595,True,
2026-08-08T01:52:44.277662+00:00,V,trending_up,125,False,0.0,0,,,,0.0391,5,0.784,0.8,mut-1b8e6f,1785174490.8748248,True,
2026-08-08T01:52:48.251607+00:00,JPM,trending_up,125,False,0.0375,3,3.363,1.0,0.0,0.0398,3,5.096,1.0,mut-44cc85,1784776603.1924407,True,
2026-08-08T08:45:29.026984+00:00,EURUSD,ranging,130,False,0.0049,2,0.193,0.5,0.01,0.0214,2,2.499,1.0,mut-9ac3c3,1784827527.8572602,True,
2026-08-08T08:45:32.895685+00:00,GBPUSD,ranging,130,False,-0.0052,3,-0.149,0.333,0.0199,0.013,3,0.408,0.667,mut-5089ff,1785321738.3398762,True,
2026-08-08T08:45:36.728107+00:00,USDJPY,ranging,130,False,0.015,1,0.0,1.0,0.0,0.0436,3,18.115,1.0,mut-84bada,1784629717.863137,True,
2026-08-08T08:45:41.248007+00:00,AUDUSD,ranging,131,False,-0.0024,1,0.0,0.0,0.0,0.0208,2,2.255,1.0,mut-56a4e2,1785345504.775803,True,
2026-08-08T08:45:45.114378+00:00,USDCAD,ranging,131,False,0.0131,3,0.41,0.667,0.01,0.0424,4,1.321,0.75,mut-fd7afd,1784124334.4320092,True,
2026-08-08T08:45:49.611283+00:00,USDCHF,ranging,130,False,-0.0007,3,-0.02,0.333,0.01,0.0293,2,44.593,1.0,imm-4fc33a,1784741046.2585468,True,
2026-08-08T08:45:54.324879+00:00,NZDUSD,trending_up,131,False,-0.0062,1,0.0,0.0,0.0,0.0179,4,0.41,0.5,mut-9fdf67,1785897925.9572012,True,
2026-08-08T08:45:58.162256+00:00,EURGBP,ranging,130,False,0.0266,3,1.0,0.667,0.0,0.028,3,1.139,0.667,mut-e402c5,1785433132.65746,True,
2026-08-08T08:46:02.724282+00:00,EURJPY,ranging,130,False,-0.017,5,-0.359,0.2,0.0297,0.0049,2,0.193,0.5,mut-74bdf5,1785122908.0481284,True,
2026-08-08T08:46:06.687294+00:00,GBPJPY,ranging,130,False,-0.016,5,-0.336,0.2,0.0297,0.0122,5,0.219,0.6,mut-aa51f8,1785811687.2642987,True,
2026-08-08T08:46:11.299007+00:00,XAUUSD,high_volatility,125,False,0.0049,2,0.193,0.5,0.01,0.023,2,3.283,1.0,mut-aef8ad,1784888561.9697459,True,
2026-08-08T08:46:15.210715+00:00,USOIL,high_volatility,125,False,-0.0064,4,-0.156,0.25,0.0199,0.0203,2,2.087,1.0,mut-44fc90,1783821407.0754356,True,
2026-08-08T08:46:20.787117+00:00,BTCUSD,high_volatility,182,False,-0.0031,4,-0.075,0.5,0.01,0.0607,5,1.893,0.8,mut-785457,1783821498.0682824,True,
2026-08-08T08:46:26.221301+00:00,ETHUSD,high_volatility,182,False,-0.0162,2,-4.285,0.0,0.01,0.0338,5,0.629,0.6,imm-7ac82e,1784277230.6638775,True,
2026-08-08T08:46:30.708251+00:00,SOLUSD,high_volatility,182,False,-0.0292,4,-1.617,0.25,0.0297,0.0223,4,0.53,0.75,mut-db8220,1785206756.6628072,True,
2026-08-08T08:46:35.192114+00:00,XRPUSD,high_volatility,182,False,0.0073,5,0.129,0.4,0.01,0.0376,5,0.738,0.8,mut-eb4a78,1785174380.1173518,True,
2026-08-08T08:46:40.701411+00:00,BNBUSD,high_volatility,182,False,-0.0025,1,0.0,0.0,0.0,0.0203,2,2.079,1.0,mut-167b4d,1785840212.5746226,True,
2026-08-08T08:46:44.946332+00:00,ADAUSD,high_volatility,182,False,-0.0151,4,-0.352,0.25,0.0199,0.0435,5,0.874,0.8,mut-a36803,1785235220.1110218,True,
2026-08-08T08:46:49.504451+00:00,SPX,trending_up,125,False,-0.0199,3,-1.414,0.0,0.0199,0.0199,3,0.559,0.667,mut-8ec06d,1785926421.560454,True,
2026-08-08T08:46:54.145385+00:00,NASDAQ,high_volatility,125,False,0.0,0,,,,0.0211,4,0.503,0.75,imm-9a582c,1786153872.2105956,True,
2026-08-08T08:46:58.789915+00:00,DJI,trending_up,125,False,-0.0155,5,-0.317,0.2,0.0297,0.0286,3,1.206,0.667,imm-f6a612,1786093449.0598,True,
2026-08-08T08:47:02.739598+00:00,RUT,trending_up,125,False,-0.0033,2,-0.197,0.5,0.01,0.017,2,1.316,1.0,mut-c12dc0,1786153881.8891637,True,
2026-08-08T08:47:07.145251+00:00,VIX,high_volatility,126,False,-0.0277,4,-1.339,0.25,0.0297,0.0641,6,1.152,0.833,imm-48c3d1,1785840241.6769683,True,
2026-08-08T08:47:11.148366+00:00,FTSE,trending_up,126,False,0.01,3,0.325,0.667,0.01,0.0108,3,0.35,0.667,mut-3d1d92,1786013049.0606463,True,
2026-08-08T08:47:15.892979+00:00,DAX,trending_up,127,False,0.01,3,0.325,0.667,0.01,0.01,3,0.325,0.667,imm-8bd849,1786153894.6424987,True,
2026-08-08T08:47:19.929495+00:00,CAC40,trending_up,127,False,-0.0031,5,-0.055,0.4,0.0297,0.0285,2,19.534,1.0,mut-37f60a,1785984577.7157676,True,
2026-08-08T08:47:23.881420+00:00,NIKKEI,high_volatility,122,False,0.0006,3,0.02,0.333,0.01,0.0244,3,0.828,0.667,mut-c1d5a1,1783914987.901319,True,
2026-08-08T08:47:27.876916+00:00,HSI,high_volatility,120,False,0.0183,4,0.421,0.5,0.01,0.0446,5,0.904,0.8,mut-72c855,1785554301.4431474,True,
2026-08-08T08:47:31.765828+00:00,SENSEX,trending_up,122,False,-0.0009,2,-0.048,0.5,0.01,0.0073,3,0.239,0.667,pullba-2843bc,1786013070.0283835,True,
2026-08-08T08:47:36.392079+00:00,ASX200,trending_up,127,False,-0.0056,4,-0.14,0.25,0.0199,,,,,,,True,
2026-08-08T08:47:41.139740+00:00,AAPL,high_volatility,125,False,-0.0079,4,-0.195,0.25,0.01,0.0131,5,0.233,0.6,mut-3c43e6,1785811782.91854,True,
2026-08-08T08:47:45.831999+00:00,MSFT,high_volatility,125,False,0.0287,6,0.426,0.667,0.0199,0.0534,6,0.914,0.833,mut-417f54,1785866030.0990324,True,
2026-08-08T08:47:49.794398+00:00,NVDA,high_volatility,125,False,0.0,0,,,,0.0225,2,3.025,1.0,mut-78d460,1785433250.8173203,True,
2026-08-08T08:47:53.839034+00:00,GOOGL,high_volatility,125,False,-0.0321,6,-0.583,0.167,0.0394,0.0229,2,3.208,1.0,mut-bf5889,1784776571.9995205,True,
2026-08-08T08:47:58.411204+00:00,AMZN,high_volatility,125,False,-0.0079,2,-0.658,0.5,0.01,0.025,2,5.016,1.0,imm-5ecbb6,1784948103.51404,True,
2026-08-08T08:48:03.132726+00:00,META,high_volatility,125,False,-0.0211,3,-1.711,0.0,0.0199,0.0199,3,0.559,0.667,mut-ceb411,1785926501.1619763,True,
2026-08-08T08:48:07.758519+00:00,TSLA,high_volatility,125,False,0.0123,2,0.694,0.5,0.0,0.0236,4,0.569,0.75,mut-842635,1783887921.345828,True,
2026-08-08T08:48:12.159986+00:00,BRKB,high_volatility,125,False,0.0275,4,0.668,0.75,0.01,0.0298,4,0.717,0.75,mut-555b97,1786071060.3954887,True,
2026-08-08T08:48:17.170485+00:00,LLY,high_volatility,125,False,0.0,0,,,,0.0385,5,0.756,0.8,mut-5648c7,1784363164.0287595,True,
2026-08-08T08:48:21.298449+00:00,V,trending_up,125,False,0.0,0,,,,0.0391,5,0.784,0.8,mut-1b8e6f,1785174490.8748248,True,
2026-08-08T08:48:25.321258+00:00,JPM,trending_up,125,False,0.0375,3,3.363,1.0,0.0,0.0398,3,5.096,1.0,mut-44cc85,1784776603.1924407,True,
2026-08-08T16:37:12.742889+00:00,EURUSD,ranging,130,False,0.0049,2,0.193,0.5,0.01,0.0214,2,2.499,1.0,mut-9ac3c3,1784827527.8572602,True,
2026-08-08T16:37:16.664278+00:00,GBPUSD,trending_up,131,True,0.0017,4,0.039,0.5,0.0199,0.0017,4,0.039,0.5,mut-5e0487,1786207036.534394,True,
2026-08-08T16:37:20.607226+00:00,USDJPY,ranging,130,False,0.0345,5,0.654,0.6,0.01,0.0436,3,18.115,1.0,mut-84bada,1784629717.863137,True,
2026-08-08T16:37:24.475199+00:00,AUDUSD,ranging,131,False,-0.0024,1,0.0,0.0,0.0,0.0208,2,2.255,1.0,mut-56a4e2,1785345504.775803,True,
2026-08-08T16:37:29.143944+00:00,USDCAD,ranging,131,False,0.0131,3,0.41,0.667,0.01,0.0424,4,1.321,0.75,mut-fd7afd,1784124334.4320092,True,
2026-08-08T16:37:33.794865+00:00,USDCHF,ranging,130,False,-0.0007,3,-0.02,0.333,0.01,0.0293,2,44.593,1.0,imm-4fc33a,1784741046.2585468,True,
2026-08-08T16:37:38.424938+00:00,NZDUSD,trending_up,131,False,-0.0062,1,0.0,0.0,0.0,0.0179,4,0.41,0.5,mut-9fdf67,1785897925.9572012,True,
2026-08-08T16:37:42.363528+00:00,EURGBP,ranging,130,False,0.0266,3,1.0,0.667,0.0,0.028,3,1.139,0.667,mut-e402c5,1785433132.65746,True,
2026-08-08T16:37:46.969267+00:00,EURJPY,ranging,130,False,0.0,0,,,,0.0049,2,0.193,0.5,mut-74bdf5,1785122908.0481284,True,
2026-08-08T16:37:52.123397+00:00,GBPJPY,ranging,130,False,-0.016,5,-0.336,0.2,0.0297,0.0122,5,0.219,0.6,mut-aa51f8,1785811687.2642987,True,
2026-08-08T16:37:56.730131+00:00,XAUUSD,high_volatility,125,False,0.0131,3,0.41,0.667,0.01,0.023,2,3.283,1.0,mut-aef8ad,1784888561.9697459,True,
2026-08-08T16:38:01.517467+00:00,USOIL,high_volatility,125,False,-0.0064,4,-0.156,0.25,0.0199,0.0203,2,2.087,1.0,mut-44fc90,1783821407.0754356,True,
2026-08-08T16:38:07.143817+00:00,BTCUSD,high_volatility,182,False,-0.0296,4,-1.705,0.25,0.0297,0.0607,5,1.893,0.8,mut-785457,1783821498.0682824,True,
2026-08-08T16:38:11.502043+00:00,ETHUSD,high_volatility,182,False,-0.0165,2,-4.637,0.0,0.01,0.0338,5,0.629,0.6,imm-7ac82e,1784277230.6638775,True,
2026-08-08T16:38:16.030355+00:00,SOLUSD,high_volatility,182,False,-0.0258,4,-1.084,0.25,0.0297,0.0223,4,0.53,0.75,mut-db8220,1785206756.6628072,True,
2026-08-08T16:38:20.420523+00:00,XRPUSD,high_volatility,182,False,0.0048,5,0.083,0.4,0.01,0.0376,5,0.738,0.8,mut-eb4a78,1785174380.1173518,True,
2026-08-08T16:38:26.046893+00:00,BNBUSD,high_volatility,182,False,0.0,0,,,,0.0203,2,2.079,1.0,mut-167b4d,1785840212.5746226,True,
2026-08-08T16:38:31.497643+00:00,ADAUSD,high_volatility,182,False,-0.0104,6,-0.148,0.333,0.0199,0.0435,5,0.874,0.8,mut-a36803,1785235220.1110218,True,
2026-08-08T16:38:36.191835+00:00,SPX,trending_up,125,False,-0.0188,3,-1.195,0.333,0.0199,0.0199,3,0.559,0.667,mut-8ec06d,1785926421.560454,True,
2026-08-08T16:38:40.910989+00:00,NASDAQ,high_volatility,125,False,0.0211,4,0.503,0.75,0.01,0.0211,4,0.503,0.75,imm-9a582c,1786153872.2105956,True,
2026-08-08T16:38:45.643628+00:00,DJI,trending_up,125,False,0.0045,3,0.145,0.333,0.01,0.0286,3,1.206,0.667,imm-f6a612,1786093449.0598,True,
2026-08-08T16:38:49.693592+00:00,RUT,trending_up,125,False,-0.0033,2,-0.197,0.5,0.01,0.017,2,1.316,1.0,mut-c12dc0,1786153881.8891637,True,
2026-08-08T16:38:54.228698+00:00,VIX,high_volatility,126,False,0.0025,2,0.112,0.5,0.01,0.0641,6,1.152,0.833,imm-48c3d1,1785840241.6769683,True,
2026-08-08T16:38:58.878147+00:00,FTSE,trending_up,126,False,-0.0284,4,-1.472,0.25,0.0297,0.0108,3,0.35,0.667,mut-3d1d92,1786013049.0606463,True,
2026-08-08T16:39:03.707053+00:00,DAX,trending_up,127,False,0.0,0,,,,0.01,3,0.325,0.667,imm-8bd849,1786153894.6424987,True,
2026-08-08T16:39:07.638003+00:00,CAC40,trending_up,127,False,0.0,0,,,,0.0285,2,19.534,1.0,mut-37f60a,1785984577.7157676,True,
2026-08-08T16:39:12.316562+00:00,NIKKEI,high_volatility,122,False,-0.0225,3,-2.155,0.0,0.0199,0.0244,3,0.828,0.667,mut-c1d5a1,1783914987.901319,True,
2026-08-08T16:39:16.296383+00:00,HSI,high_volatility,120,False,0.0183,4,0.421,0.5,0.01,0.0446,5,0.904,0.8,mut-72c855,1785554301.4431474,True,
2026-08-08T16:39:20.200140+00:00,SENSEX,trending_up,122,False,-0.0258,3,-4.475,0.0,0.0199,0.0073,3,0.239,0.667,pullba-2843bc,1786013070.0283835,True,
2026-08-08T16:39:24.216661+00:00,ASX200,trending_up,127,False,-0.013,3,-0.545,0.333,0.0199,,,,,,,True,
2026-08-08T16:39:29.076928+00:00,AAPL,high_volatility,125,False,-0.0278,4,-1.363,0.25,0.0297,0.0131,5,0.233,0.6,mut-3c43e6,1785811782.91854,True,
2026-08-08T16:39:34.181673+00:00,MSFT,high_volatility,125,False,0.0287,6,0.426,0.667,0.0199,0.0534,6,0.914,0.833,mut-417f54,1785866030.0990324,True,
2026-08-08T16:39:38.300623+00:00,NVDA,high_volatility,125,False,0.0,0,,,,0.0225,2,3.025,1.0,mut-78d460,1785433250.8173203,True,
2026-08-08T16:39:43.204131+00:00,GOOGL,high_volatility,125,False,-0.0321,6,-0.583,0.167,0.0394,0.0229,2,3.208,1.0,mut-bf5889,1784776571.9995205,True,
2026-08-08T16:39:47.906467+00:00,AMZN,high_volatility,125,False,-0.0079,2,-0.658,0.5,0.01,0.025,2,5.016,1.0,imm-5ecbb6,1784948103.51404,True,
2026-08-08T16:39:51.877426+00:00,META,high_volatility,125,False,-0.0039,5,-0.07,0.4,0.0199,0.0199,3,0.559,0.667,mut-ceb411,1785926501.1619763,True,
2026-08-08T16:39:55.914957+00:00,TSLA,high_volatility,125,False,0.0,0,,,,0.0236,4,0.569,0.75,mut-842635,1783887921.345828,True,
2026-08-08T16:40:00.435546+00:00,BRKB,high_volatility,125,False,0.0275,4,0.668,0.75,0.01,0.0298,4,0.717,0.75,mut-555b97,1786071060.3954887,True,
2026-08-08T16:40:05.661668+00:00,LLY,high_volatility,125,False,0.0,0,,,,0.0385,5,0.756,0.8,mut-5648c7,1784363164.0287595,True,
2026-08-08T16:40:09.847999+00:00,V,trending_up,125,False,0.0,0,,,,0.0391,5,0.784,0.8,mut-1b8e6f,1785174490.8748248,True,
2026-08-08T16:40:13.873461+00:00,JPM,trending_up,125,False,0.0375,3,3.363,1.0,0.0,0.0398,3,5.096,1.0,mut-44cc85,1784776603.1924407,True,
2026-08-09T01:56:13.687115+00:00,EURUSD,ranging,130,False,0.0049,2,0.193,0.5,0.01,0.0214,2,2.499,1.0,mut-9ac3c3,1784827527.8572602,True,
2026-08-09T01:56:18.509370+00:00,GBPUSD,trending_up,131,False,0.0017,4,0.039,0.5,0.0199,0.0017,4,0.039,0.5,mut-5e0487,1786207036.534394,True,
2026-08-09T01:56:23.286828+00:00,USDJPY,ranging,130,False,0.015,1,0.0,1.0,0.0,0.0436,3,18.115,1.0,mut-84bada,1784629717.863137,True,
2026-08-09T01:56:28.050270+00:00,AUDUSD,ranging,131,False,0.0,0,,,,0.0208,2,2.255,1.0,mut-56a4e2,1785345504.775803,True,
2026-08-09T01:56:33.188475+00:00,USDCAD,ranging,131,False,0.0,0,,,,0.0424,4,1.321,0.75,mut-fd7afd,1784124334.4320092,True,
2026-08-09T01:56:37.870670+00:00,USDCHF,ranging,130,False,-0.0007,3,-0.02,0.333,0.01,0.0293,2,44.593,1.0,imm-4fc33a,1784741046.2585468,True,
2026-08-09T01:56:42.904358+00:00,NZDUSD,trending_up,131,False,-0.0062,1,0.0,0.0,0.0,0.0179,4,0.41,0.5,mut-9fdf67,1785897925.9572012,True,
2026-08-09T01:56:46.962169+00:00,EURGBP,ranging,130,False,0.0266,3,1.0,0.667,0.0,0.028,3,1.139,0.667,mut-e402c5,1785433132.65746,True,
2026-08-09T01:56:51.813601+00:00,EURJPY,ranging,130,False,-0.017,5,-0.359,0.2,0.0297,0.0049,2,0.193,0.5,mut-74bdf5,1785122908.0481284,True,
2026-08-09T01:56:56.178913+00:00,GBPJPY,ranging,130,False,-0.016,5,-0.336,0.2,0.0297,0.0122,5,0.219,0.6,mut-aa51f8,1785811687.2642987,True,
2026-08-09T01:57:00.197742+00:00,XAUUSD,high_volatility,125,False,0.0049,2,0.193,0.5,0.01,0.023,2,3.283,1.0,mut-aef8ad,1784888561.9697459,True,
2026-08-09T01:57:04.491289+00:00,USOIL,high_volatility,125,False,0.0,0,,,,0.0203,2,2.087,1.0,mut-44fc90,1783821407.0754356,True,
2026-08-09T01:57:10.812940+00:00,BTCUSD,high_volatility,181,False,-0.03,4,-1.814,0.0,0.0297,0.0607,5,1.893,0.8,mut-785457,1783821498.0682824,True,
2026-08-09T01:57:15.490332+00:00,ETHUSD,high_volatility,181,False,-0.0162,2,-4.2,0.0,0.01,0.0338,5,0.629,0.6,imm-7ac82e,1784277230.6638775,True,
2026-08-09T01:57:22.023296+00:00,SOLUSD,high_volatility,181,False,-0.0045,2,-0.294,0.5,0.01,0.0223,4,0.53,0.75,mut-db8220,1785206756.6628072,True,
2026-08-09T01:57:26.534585+00:00,XRPUSD,high_volatility,181,False,0.0031,4,0.07,0.5,0.01,0.0376,5,0.738,0.8,mut-eb4a78,1785174380.1173518,True,
2026-08-09T01:57:32.376952+00:00,BNBUSD,high_volatility,181,False,-0.0035,1,0.0,0.0,0.0,0.0203,2,2.079,1.0,mut-167b4d,1785840212.5746226,True,
2026-08-09T01:57:38.328641+00:00,ADAUSD,high_volatility,181,False,-0.0104,6,-0.148,0.333,0.0199,0.0435,5,0.874,0.8,mut-a36803,1785235220.1110218,True,
2026-08-09T01:57:43.283865+00:00,SPX,trending_up,125,False,-0.0199,2,-199.0,0.0,0.0199,0.0199,3,0.559,0.667,mut-8ec06d,1785926421.560454,True,
2026-08-09T01:57:48.235872+00:00,NASDAQ,high_volatility,125,False,-0.0138,4,-0.326,0.25,0.01,0.0211,4,0.503,0.75,imm-9a582c,1786153872.2105956,True,
2026-08-09T01:57:53.032225+00:00,DJI,trending_up,125,False,0.0045,3,0.145,0.333,0.01,0.0286,3,1.206,0.667,imm-f6a612,1786093449.0598,True,
2026-08-09T01:57:57.148854+00:00,RUT,trending_up,125,False,-0.0033,2,-0.197,0.5,0.01,0.017,2,1.316,1.0,mut-c12dc0,1786153881.8891637,True,
2026-08-09T01:58:01.773119+00:00,VIX,high_volatility,126,False,-0.0277,4,-1.339,0.25,0.0297,0.0641,6,1.152,0.833,imm-48c3d1,1785840241.6769683,True,
2026-08-09T01:58:05.987288+00:00,FTSE,trending_up,126,False,0.01,3,0.325,0.667,0.01,0.0108,3,0.35,0.667,mut-3d1d92,1786013049.0606463,True,
2026-08-09T01:58:10.977153+00:00,DAX,trending_up,127,False,0.01,3,0.325,0.667,0.01,0.01,3,0.325,0.667,imm-8bd849,1786153894.6424987,True,
2026-08-09T01:58:15.106559+00:00,CAC40,trending_up,127,False,-0.0394,4,-88.999,0.0,0.0394,0.0285,2,19.534,1.0,mut-37f60a,1785984577.7157676,True,
2026-08-09T01:58:20.004185+00:00,NIKKEI,high_volatility,122,False,0.0031,3,0.099,0.333,0.01,0.0244,3,0.828,0.667,mut-c1d5a1,1783914987.901319,True,
2026-08-09T01:58:24.154890+00:00,HSI,high_volatility,120,False,0.0183,4,0.421,0.5,0.01,0.0446,5,0.904,0.8,mut-72c855,1785554301.4431474,True,
2026-08-09T01:58:28.157224+00:00,SENSEX,trending_up,122,False,0.0096,1,0.0,1.0,0.0,0.0073,3,0.239,0.667,pullba-2843bc,1786013070.0283835,True,
2026-08-09T01:58:32.361217+00:00,ASX200,trending_up,127,False,-0.013,3,-0.545,0.333,0.0199,,,,,,,True,
2026-08-09T01:58:37.401596+00:00,AAPL,high_volatility,125,False,-0.0047,4,-0.116,0.5,0.01,0.0131,5,0.233,0.6,mut-3c43e6,1785811782.91854,True,
2026-08-09T01:58:41.693054+00:00,MSFT,high_volatility,125,False,0.0,0,,,,0.0534,6,0.914,0.833,mut-417f54,1785866030.0990324,True,
2026-08-09T01:58:46.013272+00:00,NVDA,high_volatility,125,False,0.0,0,,,,0.0225,2,3.025,1.0,mut-78d460,1785433250.8173203,True,
2026-08-09T01:58:50.236640+00:00,GOOGL,high_volatility,125,False,-0.0321,6,-0.583,0.167,0.0394,0.0229,2,3.208,1.0,mut-bf5889,1784776571.9995205,True,
2026-08-09T01:58:55.129305+00:00,AMZN,high_volatility,125,False,-0.0079,2,-0.658,0.5,0.01,0.025,2,5.016,1.0,imm-5ecbb6,1784948103.51404,True,
2026-08-09T01:59:00.119227+00:00,META,high_volatility,125,False,-0.0211,3,-1.711,0.0,0.0199,0.0199,3,0.559,0.667,mut-ceb411,1785926501.1619763,True,
2026-08-09T01:59:04.168471+00:00,TSLA,high_volatility,125,False,0.0123,2,0.694,0.5,0.0,0.0236,4,0.569,0.75,mut-842635,1783887921.345828,True,
2026-08-09T01:59:08.892949+00:00,BRKB,high_volatility,125,False,-0.01,1,0.0,0.0,0.01,0.0298,4,0.717,0.75,mut-555b97,1786071060.3954887,True,
2026-08-09T01:59:14.074122+00:00,LLY,high_volatility,125,False,-0.016,3,-0.816,0.333,0.0199,0.0385,5,0.756,0.8,mut-5648c7,1784363164.0287595,True,
2026-08-09T01:59:19.051737+00:00,V,trending_up,125,False,0.0082,3,0.27,0.667,0.01,0.0391,5,0.784,0.8,mut-1b8e6f,1785174490.8748248,True,
2026-08-09T01:59:23.890962+00:00,JPM,trending_up,125,False,0.0375,3,3.363,1.0,0.0,0.0398,3,5.096,1.0,mut-44cc85,1784776603.1924407,True,
2026-08-09T08:46:49.746571+00:00,EURUSD,ranging,130,False,0.0049,2,0.193,0.5,0.01,0.0214,2,2.499,1.0,mut-9ac3c3,1784827527.8572602,True,
2026-08-09T08:46:55.371368+00:00,GBPUSD,trending_up,131,False,0.0017,4,0.039,0.5,0.0199,0.0017,4,0.039,0.5,mut-5e0487,1786207036.534394,True,
2026-08-09T08:47:00.280179+00:00,USDJPY,ranging,130,False,-0.01,1,0.0,0.0,0.01,0.0436,3,18.115,1.0,mut-84bada,1784629717.863137,True,
2026-08-09T08:47:04.892563+00:00,AUDUSD,ranging,131,False,-0.0024,1,0.0,0.0,0.0,0.0208,2,2.255,1.0,mut-56a4e2,1785345504.775803,True,
2026-08-09T08:47:09.522906+00:00,USDCAD,ranging,131,False,0.0131,3,0.41,0.667,0.01,0.0424,4,1.321,0.75,mut-fd7afd,1784124334.4320092,True,
2026-08-09T08:47:14.063903+00:00,USDCHF,ranging,130,False,-0.0007,3,-0.02,0.333,0.01,0.0293,2,44.593,1.0,imm-4fc33a,1784741046.2585468,True,
2026-08-09T08:47:18.735979+00:00,NZDUSD,trending_up,131,False,-0.0062,1,0.0,0.0,0.0,0.0179,4,0.41,0.5,mut-9fdf67,1785897925.9572012,True,
2026-08-09T08:47:23.158747+00:00,EURGBP,ranging,130,False,0.0266,3,1.0,0.667,0.0,0.028,3,1.139,0.667,mut-e402c5,1785433132.65746,True,
2026-08-09T08:47:27.727760+00:00,EURJPY,ranging,130,False,-0.017,5,-0.359,0.2,0.0297,0.0049,2,0.193,0.5,mut-74bdf5,1785122908.0481284,True,
2026-08-09T08:47:32.410044+00:00,GBPJPY,ranging,130,False,-0.016,5,-0.336,0.2,0.0297,0.0122,5,0.219,0.6,mut-aa51f8,1785811687.2642987,True,
2026-08-09T08:47:36.315581+00:00,XAUUSD,high_volatility,125,False,0.0049,2,0.193,0.5,0.01,0.023,2,3.283,1.0,mut-aef8ad,1784888561.9697459,True,
2026-08-09T08:47:41.042232+00:00,USOIL,high_volatility,125,False,-0.0064,4,-0.156,0.25,0.0199,0.0203,2,2.087,1.0,mut-44fc90,1783821407.0754356,True,
2026-08-09T08:47:46.628484+00:00,BTCUSD,high_volatility,182,False,-0.0035,4,-0.086,0.5,0.01,0.0607,5,1.893,0.8,mut-785457,1783821498.0682824,True,
2026-08-09T08:47:51.081104+00:00,ETHUSD,high_volatility,182,False,-0.0161,2,-4.128,0.0,0.01,0.0338,5,0.629,0.6,imm-7ac82e,1784277230.6638775,True,
2026-08-09T08:47:56.977251+00:00,SOLUSD,high_volatility,182,False,-0.0042,2,-0.262,0.5,0.01,0.0223,4,0.53,0.75,mut-db8220,1785206756.6628072,True,
2026-08-09T08:48:01.302747+00:00,XRPUSD,high_volatility,182,False,0.0076,5,0.135,0.4,0.01,0.0376,5,0.738,0.8,mut-eb4a78,1785174380.1173518,True,
2026-08-09T08:48:06.782076+00:00,BNBUSD,high_volatility,182,False,-0.0028,1,0.0,0.0,0.0,0.0203,2,2.079,1.0,mut-167b4d,1785840212.5746226,True,
2026-08-09T08:48:11.239864+00:00,ADAUSD,high_volatility,182,False,-0.0218,3,-1.916,0.0,0.0199,0.0435,5,0.874,0.8,mut-a36803,1785235220.1110218,True,
2026-08-09T08:48:15.872424+00:00,SPX,trending_up,125,False,-0.0199,2,-199.0,0.0,0.0199,0.0199,3,0.559,0.667,mut-8ec06d,1785926421.560454,True,
2026-08-09T08:48:20.478998+00:00,NASDAQ,high_volatility,125,False,-0.0138,4,-0.326,0.25,0.01,0.0211,4,0.503,0.75,imm-9a582c,1786153872.2105956,True,
2026-08-09T08:48:25.142235+00:00,DJI,trending_up,125,False,0.0045,3,0.145,0.333,0.01,0.0286,3,1.206,0.667,imm-f6a612,1786093449.0598,True,
2026-08-09T08:48:29.800699+00:00,RUT,trending_up,125,False,-0.0033,2,-0.197,0.5,0.01,0.017,2,1.316,1.0,mut-c12dc0,1786153881.8891637,True,
2026-08-09T08:48:34.261901+00:00,VIX,high_volatility,126,False,-0.0277,4,-1.339,0.25,0.0297,0.0641,6,1.152,0.833,imm-48c3d1,1785840241.6769683,True,
2026-08-09T08:48:38.985696+00:00,FTSE,trending_up,126,False,-0.0315,4,-2.241,0.0,0.0297,0.0108,3,0.35,0.667,mut-3d1d92,1786013049.0606463,True,
2026-08-09T08:48:43.714741+00:00,DAX,trending_up,127,False,0.0,0,,,,0.01,3,0.325,0.667,imm-8bd849,1786153894.6424987,True,
2026-08-09T08:48:47.792097+00:00,CAC40,trending_up,127,False,0.0073,3,0.238,0.667,0.01,0.0285,2,19.534,1.0,mut-37f60a,1785984577.7157676,True,
2026-08-09T08:48:51.706248+00:00,NIKKEI,high_volatility,122,False,0.0006,3,0.02,0.333,0.01,0.0244,3,0.828,0.667,mut-c1d5a1,1783914987.901319,True,
2026-08-09T08:48:56.255154+00:00,HSI,high_volatility,120,False,0.0058,5,0.101,0.4,0.0199,0.0446,5,0.904,0.8,mut-72c855,1785554301.4431474,True,
2026-08-09T08:49:00.277374+00:00,SENSEX,trending_up,122,False,-0.0009,2,-0.048,0.5,0.01,0.0073,3,0.239,0.667,pullba-2843bc,1786013070.0283835,True,
2026-08-09T08:49:04.251276+00:00,ASX200,trending_up,127,False,-0.013,3,-0.545,0.333,0.0199,,,,,,,True,
2026-08-09T08:49:09.034396+00:00,AAPL,high_volatility,125,False,-0.004,4,-0.098,0.5,0.01,0.0131,5,0.233,0.6,mut-3c43e6,1785811782.91854,True,
2026-08-09T08:49:13.983717+00:00,MSFT,high_volatility,125,False,0.0,0,,,,0.0534,6,0.914,0.833,mut-417f54,1785866030.0990324,True,
2026-08-09T08:49:18.081099+00:00,NVDA,high_volatility,125,False,0.0,0,,,,0.0225,2,3.025,1.0,mut-78d460,1785433250.8173203,True,
2026-08-09T08:49:22.852773+00:00,GOOGL,high_volatility,125,False,-0.0321,6,-0.583,0.167,0.0394,0.0229,2,3.208,1.0,mut-bf5889,1784776571.9995205,True,
2026-08-09T08:49:27.573369+00:00,AMZN,high_volatility,125,False,-0.0079,2,-0.658,0.5,0.01,0.025,2,5.016,1.0,imm-5ecbb6,1784948103.51404,True,
2026-08-09T08:49:31.589829+00:00,META,high_volatility,125,False,-0.0211,3,-1.711,0.0,0.0199,0.0199,3,0.559,0.667,mut-ceb411,1785926501.1619763,True,
2026-08-09T08:49:36.228309+00:00,TSLA,high_volatility,125,False,0.0123,2,0.694,0.5,0.0,0.0236,4,0.569,0.75,mut-842635,1783887921.345828,True,
2026-08-09T08:49:40.707160+00:00,BRKB,high_volatility,125,False,-0.01,1,0.0,0.0,0.01,0.0298,4,0.717,0.75,mut-555b97,1786071060.3954887,True,
2026-08-09T08:49:45.713643+00:00,LLY,high_volatility,125,False,0.0,0,,,,0.0385,5,0.756,0.8,mut-5648c7,1784363164.0287595,True,
2026-08-09T08:49:50.673458+00:00,V,trending_up,125,False,0.0,0,,,,0.0391,5,0.784,0.8,mut-1b8e6f,1785174490.8748248,True,
2026-08-09T08:49:55.262811+00:00,JPM,trending_up,125,False,0.0,0,,,,0.0398,3,5.096,1.0,mut-44cc85,1784776603.1924407,True,
2026-08-09T16:38:56.344382+00:00,EURUSD,ranging,130,False,0.0049,2,0.193,0.5,0.01,0.0214,2,2.499,1.0,mut-9ac3c3,1784827527.8572602,True,
2026-08-09T16:39:01.077748+00:00,GBPUSD,trending_up,131,False,-0.0121,4,-0.293,0.25,0.0199,0.0017,4,0.039,0.5,mut-5e0487,1786207036.534394,True,
2026-08-09T16:39:05.853081+00:00,USDJPY,ranging,130,False,0.015,1,0.0,1.0,0.0,0.0436,3,18.115,1.0,mut-84bada,1784629717.863137,True,
2026-08-09T16:39:09.915227+00:00,AUDUSD,ranging,131,False,-0.0024,1,0.0,0.0,0.0,0.0208,2,2.255,1.0,mut-56a4e2,1785345504.775803,True,
2026-08-09T16:39:14.801685+00:00,USDCAD,ranging,131,False,-0.0036,2,-0.22,0.5,0.01,0.0424,4,1.321,0.75,mut-fd7afd,1784124334.4320092,True,
2026-08-09T16:39:19.510334+00:00,USDCHF,ranging,130,False,-0.0007,3,-0.02,0.333,0.01,0.0293,2,44.593,1.0,imm-4fc33a,1784741046.2585468,True,
2026-08-09T16:39:24.480303+00:00,NZDUSD,trending_up,131,False,-0.0062,1,0.0,0.0,0.0,0.0179,4,0.41,0.5,mut-9fdf67,1785897925.9572012,True,
2026-08-09T16:39:29.124589+00:00,EURGBP,ranging,130,False,0.0266,3,1.0,0.667,0.0,0.028,3,1.139,0.667,mut-e402c5,1785433132.65746,True,
2026-08-09T16:39:34.011693+00:00,EURJPY,ranging,130,False,0.0,0,,,,0.0049,2,0.193,0.5,mut-74bdf5,1785122908.0481284,True,
2026-08-09T16:39:39.062538+00:00,GBPJPY,ranging,130,False,-0.016,5,-0.336,0.2,0.0297,0.0122,5,0.219,0.6,mut-aa51f8,1785811687.2642987,True,
2026-08-09T16:39:43.086176+00:00,XAUUSD,high_volatility,125,False,0.0049,2,0.193,0.5,0.01,0.023,2,3.283,1.0,mut-aef8ad,1784888561.9697459,True,
2026-08-09T16:39:48.266582+00:00,USOIL,high_volatility,125,False,-0.0064,4,-0.156,0.25,0.0199,0.0203,2,2.087,1.0,mut-44fc90,1783821407.0754356,True,
2026-08-09T16:39:54.112882+00:00,BTCUSD,high_volatility,182,False,-0.0078,4,-0.193,0.25,0.01,0.0607,5,1.893,0.8,mut-785457,1783821498.0682824,True,
2026-08-09T16:39:58.803062+00:00,ETHUSD,high_volatility,182,False,-0.0166,2,-4.8,0.0,0.01,0.0338,5,0.629,0.6,imm-7ac82e,1784277230.6638775,True,
2026-08-09T16:40:04.997815+00:00,SOLUSD,high_volatility,182,False,-0.0159,3,-0.803,0.333,0.0199,0.0223,4,0.53,0.75,mut-db8220,1785206756.6628072,True,
2026-08-09T16:40:10.857516+00:00,XRPUSD,high_volatility,182,False,0.0017,2,0.079,0.5,0.01,0.0376,5,0.738,0.8,mut-eb4a78,1785174380.1173518,True,
2026-08-09T16:40:16.980466+00:00,BNBUSD,high_volatility,182,False,-0.0034,1,0.0,0.0,0.0,0.0203,2,2.079,1.0,mut-167b4d,1785840212.5746226,True,
2026-08-09T16:40:22.615619+00:00,ADAUSD,high_volatility,182,False,-0.0199,2,-199.0,0.0,0.0199,0.0435,5,0.874,0.8,mut-a36803,1785235220.1110218,True,
2026-08-09T16:40:26.614053+00:00,SPX,trending_up,125,False,-0.0199,3,-1.414,0.0,0.0199,0.0199,3,0.559,0.667,mut-8ec06d,1785926421.560454,True,
2026-08-09T16:40:30.689874+00:00,NASDAQ,high_volatility,125,False,-0.0138,4,-0.326,0.25,0.01,0.0211,4,0.503,0.75,imm-9a582c,1786153872.2105956,True,
2026-08-09T16:40:35.693133+00:00,DJI,trending_up,125,False,0.0045,3,0.145,0.333,0.01,0.0286,3,1.206,0.667,imm-f6a612,1786093449.0598,True,
2026-08-09T16:40:39.811405+00:00,RUT,trending_up,125,False,0.0068,1,0.0,1.0,0.0,0.017,2,1.316,1.0,mut-c12dc0,1786153881.8891637,True,
2026-08-09T16:40:44.483850+00:00,VIX,high_volatility,126,False,-0.0277,4,-1.339,0.25,0.0297,0.0641,6,1.152,0.833,imm-48c3d1,1785840241.6769683,True,
2026-08-09T16:40:48.651909+00:00,FTSE,trending_up,126,False,0.01,3,0.325,0.667,0.01,0.0108,3,0.35,0.667,mut-3d1d92,1786013049.0606463,True,
2026-08-09T16:40:53.614044+00:00,DAX,trending_up,127,False,0.0,0,,,,0.01,3,0.325,0.667,imm-8bd849,1786153894.6424987,True,
2026-08-09T16:40:57.721790+00:00,CAC40,trending_up,127,False,-0.0199,2,-199.0,0.0,0.0199,0.0285,2,19.534,1.0,mut-37f60a,1785984577.7157676,True,
2026-08-09T16:41:02.486060+00:00,NIKKEI,high_volatility,122,False,0.0006,3,0.02,0.333,0.01,0.0244,3,0.828,0.667,mut-c1d5a1,1783914987.901319,True,
2026-08-09T16:41:07.385320+00:00,HSI,high_volatility,120,False,0.0058,5,0.101,0.4,0.0199,0.0446,5,0.904,0.8,mut-72c855,1785554301.4431474,True,
2026-08-09T16:41:11.336019+00:00,SENSEX,trending_up,122,False,-0.0009,2,-0.048,0.5,0.01,0.0073,3,0.239,0.667,pullba-2843bc,1786013070.0283835,True,
2026-08-09T16:41:16.242137+00:00,ASX200,trending_up,127,False,0.0,0,,,,,,,,,,True,
2026-08-09T16:41:21.203751+00:00,AAPL,high_volatility,125,False,-0.0025,4,-0.06,0.5,0.01,0.0131,5,0.233,0.6,mut-3c43e6,1785811782.91854,True,
2026-08-09T16:41:26.527639+00:00,MSFT,high_volatility,125,False,0.0,0,,,,0.0534,6,0.914,0.833,mut-417f54,1785866030.0990324,True,
2026-08-09T16:41:30.715634+00:00,NVDA,high_volatility,125,False,0.0,0,,,,0.0225,2,3.025,1.0,mut-78d460,1785433250.8173203,True,
2026-08-09T16:41:35.875615+00:00,GOOGL,high_volatility,125,False,-0.0321,6,-0.583,0.167,0.0394,0.0229,2,3.208,1.0,mut-bf5889,1784776571.9995205,True,
2026-08-09T16:41:40.837368+00:00,AMZN,high_volatility,125,False,-0.0079,2,-0.658,0.5,0.01,0.025,2,5.016,1.0,imm-5ecbb6,1784948103.51404,True,
2026-08-09T16:41:45.001040+00:00,META,high_volatility,125,False,-0.0211,3,-1.711,0.0,0.0199,0.0199,3,0.559,0.667,mut-ceb411,1785926501.1619763,True,
2026-08-09T16:41:49.976787+00:00,TSLA,high_volatility,125,False,0.0,0,,,,0.0236,4,0.569,0.75,mut-842635,1783887921.345828,True,
2026-08-09T16:41:54.861859+00:00,BRKB,high_volatility,125,False,-0.01,1,0.0,0.0,0.01,0.0298,4,0.717,0.75,mut-555b97,1786071060.3954887,True,
2026-08-09T16:41:59.217693+00:00,LLY,high_volatility,125,False,0.0,0,,,,0.0385,5,0.756,0.8,mut-5648c7,1784363164.0287595,True,
2026-08-09T16:42:04.243187+00:00,V,trending_up,125,False,0.0,0,,,,0.0391,5,0.784,0.8,mut-1b8e6f,1785174490.8748248,True,
2026-08-09T16:42:08.374140+00:00,JPM,trending_up,125,False,0.0375,3,3.363,1.0,0.0,0.0398,3,5.096,1.0,mut-44cc85,1784776603.1924407,True,
2026-08-10T02:01:14.690066+00:00,EURUSD,ranging,130,False,0.0049,2,0.193,0.5,0.01,0.0214,2,2.499,1.0,mut-9ac3c3,1784827527.8572602,True,
2026-08-10T02:01:18.757286+00:00,GBPUSD,trending_up,130,False,-0.0004,4,-0.01,0.5,0.0199,0.0017,4,0.039,0.5,mut-5e0487,1786207036.534394,True,
2026-08-10T02:01:22.871038+00:00,USDJPY,ranging,130,False,0.0,0,,,,0.0436,3,18.115,1.0,mut-84bada,1784629717.863137,True,
2026-08-10T02:01:27.817655+00:00,AUDUSD,ranging,130,False,-0.0036,1,0.0,0.0,0.0,0.0208,2,2.255,1.0,mut-56a4e2,1785345504.775803,True,
2026-08-10T02:01:32.777600+00:00,USDCAD,ranging,130,False,0.0104,3,0.334,0.667,0.01,0.0424,4,1.321,0.75,mut-fd7afd,1784124334.4320092,True,
2026-08-10T02:01:37.669823+00:00,USDCHF,ranging,130,False,0.0004,3,0.011,0.333,0.01,0.0293,2,44.593,1.0,imm-4fc33a,1784741046.2585468,True,
2026-08-10T02:01:41.825447+00:00,NZDUSD,trending_up,130,False,-0.0059,1,0.0,0.0,0.0,0.0179,4,0.41,0.5,mut-9fdf67,1785897925.9572012,True,
2026-08-10T02:01:46.640089+00:00,EURGBP,ranging,130,False,0.0165,4,0.372,0.5,0.01,0.028,3,1.139,0.667,mut-e402c5,1785433132.65746,True,
2026-08-10T02:01:51.500491+00:00,EURJPY,ranging,130,False,-0.0089,4,-0.22,0.25,0.0199,0.0049,2,0.193,0.5,mut-74bdf5,1785122908.0481284,True,
2026-08-10T02:01:55.566377+00:00,GBPJPY,ranging,130,False,-0.0177,5,-0.373,0.2,0.0297,0.0122,5,0.219,0.6,mut-aa51f8,1785811687.2642987,True,
2026-08-10T02:01:59.644875+00:00,XAUUSD,high_volatility,126,False,0.0049,2,0.193,0.5,0.01,0.023,2,3.283,1.0,mut-aef8ad,1784888561.9697459,True,
2026-08-10T02:02:04.563418+00:00,USOIL,high_volatility,126,False,-0.0055,4,-0.135,0.25,0.0199,0.0203,2,2.087,1.0,mut-44fc90,1783821407.0754356,True,
2026-08-10T02:02:10.797202+00:00,BTCUSD,high_volatility,181,False,-0.0113,2,-1.31,0.0,0.01,0.0607,5,1.893,0.8,mut-785457,1783821498.0682824,True,
2026-08-10T02:02:16.828040+00:00,ETHUSD,high_volatility,181,False,0.0,0,,,,0.0338,5,0.629,0.6,imm-7ac82e,1784277230.6638775,True,
2026-08-10T02:02:21.376308+00:00,SOLUSD,high_volatility,181,False,-0.0204,4,-0.614,0.25,0.0297,0.0223,4,0.53,0.75,mut-db8220,1785206756.6628072,True,
2026-08-10T02:02:27.298983+00:00,XRPUSD,high_volatility,181,False,-0.0121,3,-0.481,0.333,0.0199,0.0376,5,0.738,0.8,mut-eb4a78,1785174380.1173518,True,
2026-08-10T02:02:33.327996+00:00,BNBUSD,high_volatility,181,False,-0.003,1,0.0,0.0,0.0,0.0203,2,2.079,1.0,mut-167b4d,1785840212.5746226,True,
2026-08-10T02:02:37.793540+00:00,ADAUSD,high_volatility,181,False,-0.0199,2,-199.0,0.0,0.0199,0.0435,5,0.874,0.8,mut-a36803,1785235220.1110218,True,
2026-08-10T02:02:41.915495+00:00,SPX,trending_up,125,False,-0.0199,2,-199.0,0.0,0.0199,0.0199,3,0.559,0.667,mut-8ec06d,1785926421.560454,True,
2026-08-10T02:02:46.896724+00:00,NASDAQ,high_volatility,125,False,0.0211,4,0.503,0.75,0.01,0.0211,4,0.503,0.75,imm-9a582c,1786153872.2105956,True,
2026-08-10T02:02:51.921972+00:00,DJI,trending_up,125,False,-0.0155,5,-0.317,0.2,0.0297,0.0286,3,1.206,0.667,imm-f6a612,1786093449.0598,True,
2026-08-10T02:02:56.852289+00:00,RUT,trending_up,125,False,0.017,2,1.316,1.0,0.0,0.017,2,1.316,1.0,mut-c12dc0,1786153881.8891637,True,
2026-08-10T02:03:01.687108+00:00,VIX,high_volatility,126,False,0.0025,2,0.112,0.5,0.01,0.0641,6,1.152,0.833,imm-48c3d1,1785840241.6769683,True,
2026-08-10T02:03:05.859519+00:00,FTSE,trending_up,126,False,0.01,3,0.325,0.667,0.01,0.0108,3,0.35,0.667,mut-3d1d92,1786013049.0606463,True,
2026-08-10T02:03:10.906481+00:00,DAX,trending_up,127,False,-0.0122,5,-0.247,0.4,0.0297,0.01,3,0.325,0.667,imm-8bd849,1786153894.6424987,True,
2026-08-10T02:03:15.972181+00:00,CAC40,trending_up,127,False,-0.0149,3,-0.703,0.333,0.0199,0.0285,2,19.534,1.0,mut-37f60a,1785984577.7157676,True,
2026-08-10T02:03:20.175847+00:00,NIKKEI,high_volatility,122,False,0.0,0,,,,0.0244,3,0.828,0.667,mut-c1d5a1,1783914987.901319,True,
2026-08-10T02:03:24.304811+00:00,HSI,trending_up,120,True,0.0181,4,0.414,0.5,0.01,0.0181,4,0.414,0.5,mut-71f17b,1786327404.1625173,True,
2026-08-10T02:03:28.422099+00:00,SENSEX,trending_up,122,False,-0.0009,2,-0.048,0.5,0.01,0.0073,3,0.239,0.667,pullba-2843bc,1786013070.0283835,True,
2026-08-10T02:03:32.618263+00:00,ASX200,trending_up,127,False,-0.0153,3,-0.74,0.333,0.0199,,,,,,,True,
2026-08-10T02:03:37.639933+00:00,AAPL,high_volatility,125,False,-0.0271,4,-1.244,0.25,0.0297,0.0131,5,0.233,0.6,mut-3c43e6,1785811782.91854,True,
2026-08-10T02:03:42.792876+00:00,MSFT,high_volatility,125,False,0.0,0,,,,0.0534,6,0.914,0.833,mut-417f54,1785866030.0990324,True,
2026-08-10T02:03:46.903705+00:00,NVDA,high_volatility,125,False,0.0,0,,,,0.0225,2,3.025,1.0,mut-78d460,1785433250.8173203,True,
2026-08-10T02:03:51.122323+00:00,GOOGL,high_volatility,125,False,-0.0321,6,-0.583,0.167,0.0394,0.0229,2,3.208,1.0,mut-bf5889,1784776571.9995205,True,
2026-08-10T02:03:56.128232+00:00,AMZN,high_volatility,125,False,-0.0079,2,-0.658,0.5,0.01,0.025,2,5.016,1.0,imm-5ecbb6,1784948103.51404,True,
2026-08-10T02:04:00.350588+00:00,META,high_volatility,125,False,-0.0211,3,-1.711,0.0,0.0199,0.0199,3,0.559,0.667,mut-ceb411,1785926501.1619763,True,
2026-08-10T02:04:05.334360+00:00,TSLA,high_volatility,125,False,0.0123,2,0.694,0.5,0.0,0.0236,4,0.569,0.75,mut-842635,1783887921.345828,True,
2026-08-10T02:04:10.118527+00:00,BRKB,high_volatility,125,False,0.0275,4,0.668,0.75,0.01,0.0298,4,0.717,0.75,mut-555b97,1786071060.3954887,True,
2026-08-10T02:04:15.641917+00:00,LLY,high_volatility,125,False,0.0,0,,,,0.0385,5,0.756,0.8,mut-5648c7,1784363164.0287595,True,
2026-08-10T02:04:20.801898+00:00,V,trending_up,125,False,0.0,0,,,,0.0391,5,0.784,0.8,mut-1b8e6f,1785174490.8748248,True,
2026-08-10T02:04:25.760096+00:00,JPM,trending_up,125,False,0.0375,3,3.363,1.0,0.0,0.0398,3,5.096,1.0,mut-44cc85,1784776603.1924407,True,
2026-08-10T09:25:48.332039+00:00,EURUSD,ranging,130,False,0.0049,2,0.193,0.5,0.01,0.0214,2,2.499,1.0,mut-9ac3c3,1784827527.8572602,True,
2026-08-10T09:25:52.947315+00:00,GBPUSD,trending_up,130,False,-0.0109,5,-0.214,0.4,0.0297,0.0017,4,0.039,0.5,mut-5e0487,1786207036.534394,True,
2026-08-10T09:25:56.799528+00:00,USDJPY,ranging,130,False,0.015,1,0.0,1.0,0.0,0.0436,3,18.115,1.0,mut-84bada,1784629717.863137,True,
2026-08-10T09:26:01.429127+00:00,AUDUSD,ranging,130,False,-0.0041,1,0.0,0.0,0.0,0.0208,2,2.255,1.0,mut-56a4e2,1785345504.775803,True,
2026-08-10T09:26:05.490494+00:00,USDCAD,ranging,130,False,0.0111,3,0.356,0.667,0.01,0.0424,4,1.321,0.75,mut-fd7afd,1784124334.4320092,True,
2026-08-10T09:26:10.223409+00:00,USDCHF,ranging,130,False,-0.0005,3,-0.017,0.333,0.01,0.0293,2,44.593,1.0,imm-4fc33a,1784741046.2585468,True,
2026-08-10T09:26:15.073563+00:00,NZDUSD,trending_up,130,False,-0.007,1,0.0,0.0,0.0,0.0179,4,0.41,0.5,mut-9fdf67,1785897925.9572012,True,
2026-08-10T09:26:19.696296+00:00,EURGBP,ranging,130,False,0.0172,4,0.392,0.5,0.01,0.028,3,1.139,0.667,mut-e402c5,1785433132.65746,True,
2026-08-10T09:26:23.691831+00:00,EURJPY,ranging,130,False,-0.0114,4,-0.278,0.25,0.0199,0.0049,2,0.193,0.5,mut-74bdf5,1785122908.0481284,True,
2026-08-10T09:26:28.425759+00:00,GBPJPY,ranging,130,False,-0.0347,4,-4.069,0.0,0.0297,0.0122,5,0.219,0.6,mut-aa51f8,1785811687.2642987,True,
2026-08-10T09:26:33.124911+00:00,XAUUSD,high_volatility,125,False,0.0097,5,0.174,0.4,0.01,0.023,2,3.283,1.0,mut-aef8ad,1784888561.9697459,True,
2026-08-10T09:26:37.063379+00:00,USOIL,high_volatility,125,False,-0.0055,4,-0.134,0.25,0.0199,0.0203,2,2.087,1.0,mut-44fc90,1783821407.0754356,True,
2026-08-10T09:26:43.013582+00:00,BTCUSD,high_volatility,182,False,-0.0029,1,0.0,0.0,0.0,0.0607,5,1.893,0.8,mut-785457,1783821498.0682824,True,
2026-08-10T09:26:48.771860+00:00,ETHUSD,high_volatility,182,False,-0.0096,2,-0.924,0.5,0.01,0.0338,5,0.629,0.6,imm-7ac82e,1784277230.6638775,True,
2026-08-10T09:26:53.181236+00:00,SOLUSD,high_volatility,182,False,-0.0107,2,-1.151,0.0,0.01,0.0223,4,0.53,0.75,mut-db8220,1785206756.6628072,True,
2026-08-10T09:26:58.904996+00:00,XRPUSD,high_volatility,182,False,-0.0117,3,-0.455,0.333,0.0199,0.0376,5,0.738,0.8,mut-eb4a78,1785174380.1173518,True,
2026-08-10T09:27:03.424084+00:00,BNBUSD,high_volatility,182,False,-0.0,1,0.0,0.0,0.0,0.0203,2,2.079,1.0,mut-167b4d,1785840212.5746226,True,
2026-08-10T09:27:09.304171+00:00,ADAUSD,high_volatility,182,False,-0.0156,3,-0.775,0.333,0.0199,0.0435,5,0.874,0.8,mut-a36803,1785235220.1110218,True,
2026-08-10T09:27:13.167656+00:00,SPX,trending_up,125,False,-0.0199,2,-199.0,0.0,0.0199,0.0199,3,0.559,0.667,mut-8ec06d,1785926421.560454,True,
2026-08-10T09:27:17.914643+00:00,NASDAQ,high_volatility,125,False,0.0211,4,0.503,0.75,0.01,0.0211,4,0.503,0.75,imm-9a582c,1786153872.2105956,True,
2026-08-10T09:27:22.757673+00:00,DJI,trending_up,125,False,0.0045,3,0.145,0.333,0.01,0.0286,3,1.206,0.667,imm-f6a612,1786093449.0598,True,
2026-08-10T09:27:26.659525+00:00,RUT,trending_up,125,False,0.0068,1,0.0,1.0,0.0,0.017,2,1.316,1.0,mut-c12dc0,1786153881.8891637,True,
2026-08-10T09:27:30.698919+00:00,VIX,high_volatility,126,False,0.0,0,,,,0.0641,6,1.152,0.833,imm-48c3d1,1785840241.6769683,True,
2026-08-10T09:27:35.442521+00:00,FTSE,trending_up,126,False,-0.0156,5,-0.326,0.2,0.0297,0.0298,3,1.353,0.667,mut-52b925,1786354054.6523268,True,
2026-08-10T09:27:40.212399+00:00,DAX,high_volatility,127,False,0.0111,3,0.359,0.667,0.01,0.0111,3,0.359,0.667,imm-e93e99,1786354059.3817143,True,
2026-08-10T09:27:44.875575+00:00,CAC40,trending_up,127,False,0.0,0,,,,0.0285,2,19.534,1.0,mut-37f60a,1785984577.7157676,True,
2026-08-10T09:27:48.810048+00:00,NIKKEI,high_volatility,122,False,-0.0068,4,-0.167,0.25,0.01,0.0244,3,0.828,0.667,mut-c1d5a1,1783914987.901319,True,
2026-08-10T09:27:52.753745+00:00,HSI,trending_up,120,True,0.0191,4,0.443,0.5,0.01,0.0191,4,0.443,0.5,mut-220ee6,1786354072.6067727,True,
2026-08-10T09:27:56.685820+00:00,SENSEX,trending_up,122,False,0.0005,4,0.012,0.5,0.0199,0.0073,3,0.239,0.667,pullba-2843bc,1786013070.0283835,True,
2026-08-10T09:28:00.660482+00:00,ASX200,trending_up,127,False,-0.0148,3,-0.696,0.333,0.0199,,,,,,,True,
2026-08-10T09:28:05.467411+00:00,AAPL,high_volatility,125,False,-0.0079,4,-0.195,0.25,0.01,0.0131,5,0.233,0.6,mut-3c43e6,1785811782.91854,True,
2026-08-10T09:28:10.228434+00:00,MSFT,high_volatility,125,False,0.0,0,,,,0.0534,6,0.914,0.833,mut-417f54,1785866030.0990324,True,
2026-08-10T09:28:14.325242+00:00,NVDA,high_volatility,125,False,0.0,0,,,,0.0225,2,3.025,1.0,mut-78d460,1785433250.8173203,True,
2026-08-10T09:28:19.292804+00:00,GOOGL,high_volatility,125,False,-0.0321,6,-0.583,0.167,0.0394,0.0229,2,3.208,1.0,mut-bf5889,1784776571.9995205,True,
2026-08-10T09:28:24.009719+00:00,AMZN,high_volatility,125,False,-0.0079,2,-0.658,0.5,0.01,0.025,2,5.016,1.0,imm-5ecbb6,1784948103.51404,True,
2026-08-10T09:28:28.042177+00:00,META,high_volatility,125,False,-0.0211,3,-1.711,0.0,0.0199,0.0199,3,0.559,0.667,mut-ceb411,1785926501.1619763,True,
2026-08-10T09:28:32.022480+00:00,TSLA,high_volatility,125,False,0.0123,2,0.694,0.5,0.0,0.0236,4,0.569,0.75,mut-842635,1783887921.345828,True,
2026-08-10T09:28:36.573789+00:00,BRKB,high_volatility,125,False,-0.01,1,0.0,0.0,0.01,0.0298,4,0.717,0.75,mut-555b97,1786071060.3954887,True,
2026-08-10T09:28:40.722552+00:00,LLY,high_volatility,125,False,0.0,0,,,,0.0385,5,0.756,0.8,mut-5648c7,1784363164.0287595,True,
2026-08-10T09:28:44.858365+00:00,V,trending_up,125,False,0.0,0,,,,0.0391,5,0.784,0.8,mut-1b8e6f,1785174490.8748248,True,
2026-08-10T09:28:49.530388+00:00,JPM,trending_up,125,False,0.0,0,,,,0.0398,3,5.096,1.0,mut-44cc85,1784776603.1924407,True,
2026-08-10T16:55:56.411674+00:00,EURUSD,ranging,130,False,0.0049,2,0.193,0.5,0.01,0.0214,2,2.499,1.0,mut-9ac3c3,1784827527.8572602,True,
2026-08-10T16:56:01.048323+00:00,GBPUSD,trending_up,130,False,-0.0117,4,-0.279,0.25,0.0199,0.0017,4,0.039,0.5,mut-5e0487,1786207036.534394,True,
2026-08-10T16:56:05.747308+00:00,USDJPY,ranging,130,False,0.015,1,0.0,1.0,0.0,0.0436,3,18.115,1.0,mut-84bada,1784629717.863137,True,
2026-08-10T16:56:09.718202+00:00,AUDUSD,ranging,130,False,-0.0034,1,0.0,0.0,0.0,0.0208,2,2.255,1.0,mut-56a4e2,1785345504.775803,True,
2026-08-10T16:56:13.866334+00:00,USDCAD,ranging,130,False,0.0117,3,0.374,0.667,0.01,0.0424,4,1.321,0.75,mut-fd7afd,1784124334.4320092,True,
2026-08-10T16:56:18.700826+00:00,USDCHF,ranging,130,False,0.0012,3,0.038,0.333,0.01,0.0293,2,44.593,1.0,imm-4fc33a,1784741046.2585468,True,
2026-08-10T16:56:22.725142+00:00,NZDUSD,trending_up,130,False,-0.006,1,0.0,0.0,0.0,0.0179,4,0.41,0.5,mut-9fdf67,1785897925.9572012,True,
2026-08-10T16:56:26.594628+00:00,EURGBP,ranging,130,False,0.0197,4,0.463,0.5,0.01,0.028,3,1.139,0.667,mut-e402c5,1785433132.65746,True,
2026-08-10T16:56:31.761883+00:00,EURJPY,ranging,130,False,-0.012,4,-0.292,0.25,0.0199,0.0049,2,0.193,0.5,mut-74bdf5,1785122908.0481284,True,
2026-08-10T16:56:36.661458+00:00,GBPJPY,ranging,130,False,-0.0364,4,-6.462,0.0,0.0297,0.0122,5,0.219,0.6,mut-aa51f8,1785811687.2642987,True,
2026-08-10T16:56:41.402436+00:00,XAUUSD,high_volatility,125,False,-0.0206,5,-0.427,0.2,0.0199,0.023,2,3.283,1.0,mut-aef8ad,1784888561.9697459,True,
2026-08-10T16:56:46.162647+00:00,USOIL,high_volatility,125,False,-0.0029,4,-0.07,0.5,0.0199,0.0203,2,2.087,1.0,mut-44fc90,1783821407.0754356,True,
2026-08-10T16:56:52.426041+00:00,BTCUSD,high_volatility,182,False,0.0,0,,,,0.0607,5,1.893,0.8,mut-785457,1783821498.0682824,True,
2026-08-10T16:56:58.194981+00:00,ETHUSD,high_volatility,182,False,-0.0132,2,-1.923,0.0,0.01,0.0338,5,0.629,0.6,imm-7ac82e,1784277230.6638775,True,
2026-08-10T16:57:04.179363+00:00,SOLUSD,high_volatility,182,False,-0.0171,3,-0.955,0.333,0.0199,0.0223,4,0.53,0.75,mut-db8220,1785206756.6628072,True,
2026-08-10T16:57:10.055610+00:00,XRPUSD,high_volatility,182,False,-0.0103,3,-0.371,0.333,0.0199,0.0376,5,0.738,0.8,mut-eb4a78,1785174380.1173518,True,
2026-08-10T16:57:14.577089+00:00,BNBUSD,high_volatility,182,False,0.0007,1,0.0,1.0,0.0,0.0203,2,2.079,1.0,mut-167b4d,1785840212.5746226,True,
2026-08-10T16:57:19.222284+00:00,ADAUSD,high_volatility,182,False,-0.0203,3,-1.51,0.0,0.0199,0.0435,5,0.874,0.8,mut-a36803,1785235220.1110218,True,
2026-08-10T16:57:24.423416+00:00,SPX,trending_up,125,False,0.0,0,,,,0.0199,3,0.559,0.667,mut-8ec06d,1785926421.560454,True,
2026-08-10T16:57:29.524549+00:00,NASDAQ,high_volatility,125,False,0.0,0,,,,0.0211,4,0.503,0.75,imm-9a582c,1786153872.2105956,True,
2026-08-10T16:57:34.285752+00:00,DJI,trending_up,125,False,0.0036,3,0.118,0.333,0.01,0.0286,3,1.206,0.667,imm-f6a612,1786093449.0598,True,
2026-08-10T16:57:38.343407+00:00,RUT,trending_up,125,False,0.0,0,,,,0.017,2,1.316,1.0,mut-c12dc0,1786153881.8891637,True,
2026-08-10T16:57:43.192696+00:00,VIX,high_volatility,126,False,0.0,0,,,,0.0641,6,1.152,0.833,imm-48c3d1,1785840241.6769683,True,
2026-08-10T16:57:47.225633+00:00,FTSE,trending_up,126,False,-0.0295,4,-1.679,0.25,0.0297,0.0298,3,1.353,0.667,mut-52b925,1786354054.6523268,True,
2026-08-10T16:57:51.256093+00:00,DAX,high_volatility,127,False,-0.022,6,-0.389,0.333,0.0297,0.0111,3,0.359,0.667,imm-e93e99,1786354059.3817143,True,
2026-08-10T16:57:55.260623+00:00,CAC40,trending_up,127,False,-0.0143,3,-0.653,0.333,0.0199,0.0285,2,19.534,1.0,mut-37f60a,1785984577.7157676,True,
2026-08-10T16:57:59.940381+00:00,NIKKEI,high_volatility,121,False,0.0006,3,0.02,0.333,0.01,0.0244,3,0.828,0.667,mut-c1d5a1,1783914987.901319,True,
2026-08-10T16:58:04.842290+00:00,HSI,high_volatility,119,False,0.0,0,,,,0.0446,5,0.904,0.8,mut-72c855,1785554301.4431474,True,
2026-08-10T16:58:08.780554+00:00,SENSEX,trending_up,122,False,0.0004,2,0.02,0.5,0.01,0.0073,3,0.239,0.667,pullba-2843bc,1786013070.0283835,True,
2026-08-10T16:58:12.981974+00:00,ASX200,trending_up,126,False,0.0,0,,,,,,,,,,True,
2026-08-10T16:58:17.386452+00:00,AAPL,high_volatility,125,False,0.0,0,,,,0.0131,5,0.233,0.6,mut-3c43e6,1785811782.91854,True,
2026-08-10T16:58:21.519477+00:00,MSFT,high_volatility,125,False,0.0313,6,0.464,0.667,0.0199,0.0534,6,0.914,0.833,mut-417f54,1785866030.0990324,True,
2026-08-10T16:58:26.383885+00:00,NVDA,high_volatility,125,False,-0.0113,2,-1.308,0.0,0.01,0.0225,2,3.025,1.0,mut-78d460,1785433250.8173203,True,
2026-08-10T16:58:31.505977+00:00,GOOGL,high_volatility,125,False,0.0,0,,,,0.0229,2,3.208,1.0,mut-bf5889,1784776571.9995205,True,
2026-08-10T16:58:36.466837+00:00,AMZN,high_volatility,125,False,-0.0256,4,-1.055,0.25,0.0297,0.025,2,5.016,1.0,imm-5ecbb6,1784948103.51404,True,
2026-08-10T16:58:40.498923+00:00,META,high_volatility,125,False,-0.0036,5,-0.063,0.4,0.0199,0.0199,3,0.559,0.667,mut-ceb411,1785926501.1619763,True,
2026-08-10T16:58:44.660137+00:00,TSLA,high_volatility,125,False,0.0,0,,,,0.0236,4,0.569,0.75,mut-842635,1783887921.345828,True,
2026-08-10T16:58:49.446077+00:00,BRKB,high_volatility,125,False,0.0199,4,0.47,0.5,0.01,0.0298,4,0.717,0.75,mut-555b97,1786071060.3954887,True,
2026-08-10T16:58:54.542039+00:00,LLY,high_volatility,125,False,-0.0274,3,-7.847,0.0,0.0199,0.0385,5,0.756,0.8,mut-5648c7,1784363164.0287595,True,
2026-08-10T16:58:58.620337+00:00,V,ranging,125,False,0.0,0,,,,,,,,,,True,
2026-08-10T16:59:03.490468+00:00,JPM,trending_up,125,False,0.0,0,,,,0.0398,3,5.096,1.0,mut-44cc85,1784776603.1924407,True,
2026-08-11T01:56:31.641150+00:00,EURUSD,ranging,130,False,0.0049,2,0.193,0.5,0.01,0.0214,2,2.499,1.0,mut-9ac3c3,1784827527.8572602,True,
2026-08-11T01:56:35.569485+00:00,GBPUSD,ranging,130,False,-0.0175,2,-6.874,0.0,0.01,0.013,3,0.408,0.667,mut-5089ff,1785321738.3398762,True,
2026-08-11T01:56:39.401227+00:00,USDJPY,ranging,130,False,0.015,1,0.0,1.0,0.0,0.0436,3,18.115,1.0,mut-84bada,1784629717.863137,True,
2026-08-11T01:56:44.079383+00:00,AUDUSD,ranging,130,False,-0.0059,1,0.0,0.0,0.0,0.0208,2,2.255,1.0,mut-56a4e2,1785345504.775803,True,
2026-08-11T01:56:48.833534+00:00,USDCAD,ranging,130,False,-0.0228,4,-0.786,0.25,0.0297,0.0424,4,1.321,0.75,mut-fd7afd,1784124334.4320092,True,
2026-08-11T01:56:52.764071+00:00,USDCHF,ranging,130,False,0.0107,2,0.554,0.5,0.0,0.0293,2,44.593,1.0,imm-4fc33a,1784741046.2585468,True,
2026-08-11T01:56:57.560361+00:00,NZDUSD,trending_up,130,False,-0.0079,1,0.0,0.0,0.0,0.0179,4,0.41,0.5,mut-9fdf67,1785897925.9572012,True,
2026-08-11T01:57:02.312601+00:00,EURGBP,ranging,130,False,0.0194,4,0.456,0.5,0.01,0.028,3,1.139,0.667,mut-e402c5,1785433132.65746,True,
2026-08-11T01:57:06.226493+00:00,EURJPY,ranging,130,False,-0.0224,4,-0.754,0.25,0.0297,0.0049,2,0.193,0.5,mut-74bdf5,1785122908.0481284,True,
2026-08-11T01:57:10.206696+00:00,GBPJPY,ranging,130,False,0.0024,5,0.041,0.4,0.0199,0.0122,5,0.219,0.6,mut-aa51f8,1785811687.2642987,True,
2026-08-11T01:57:14.858951+00:00,XAUUSD,high_volatility,125,False,-0.0199,3,-1.414,0.0,0.0199,0.023,2,3.283,1.0,mut-aef8ad,1784888561.9697459,True,
2026-08-11T01:57:18.890436+00:00,USOIL,high_volatility,125,False,-0.0017,4,-0.041,0.5,0.0199,0.0203,2,2.087,1.0,mut-44fc90,1783821407.0754356,True,
2026-08-11T01:57:25.055115+00:00,BTCUSD,high_volatility,181,False,-0.0011,1,0.0,0.0,0.0,0.0607,5,1.893,0.8,mut-785457,1783821498.0682824,True,
2026-08-11T01:57:31.057227+00:00,ETHUSD,high_volatility,181,False,-0.0127,2,-1.734,0.0,0.01,0.0338,5,0.629,0.6,imm-7ac82e,1784277230.6638775,True,
2026-08-11T01:57:35.597513+00:00,SOLUSD,high_volatility,181,False,-0.0117,2,-1.42,0.0,0.01,0.0223,4,0.53,0.75,mut-db8220,1785206756.6628072,True,
2026-08-11T01:57:39.953398+00:00,XRPUSD,high_volatility,181,False,0.0,0,,,,0.0376,5,0.738,0.8,mut-eb4a78,1785174380.1173518,True,
2026-08-11T01:57:45.945907+00:00,BNBUSD,high_volatility,181,False,0.0005,1,0.0,1.0,0.0,0.0203,2,2.079,1.0,mut-167b4d,1785840212.5746226,True,
2026-08-11T01:57:51.633412+00:00,ADAUSD,high_volatility,181,False,-0.0042,4,-0.104,0.5,0.01,0.0435,5,0.874,0.8,mut-a36803,1785235220.1110218,True,
2026-08-11T01:57:56.516343+00:00,SPX,trending_up,124,False,-0.021,4,-0.651,0.25,0.0297,0.0199,3,0.559,0.667,mut-8ec06d,1785926421.560454,True,
2026-08-11T01:58:00.618909+00:00,NASDAQ,high_volatility,124,False,-0.0274,4,-1.294,0.25,0.0297,0.0211,4,0.503,0.75,imm-9a582c,1786153872.2105956,True,
2026-08-11T01:58:04.608798+00:00,DJI,trending_up,124,False,0.0,0,,,,0.0286,3,1.206,0.667,imm-f6a612,1786093449.0598,True,
2026-08-11T01:58:09.564724+00:00,RUT,trending_up,124,False,-0.0138,2,-2.233,0.0,0.01,0.017,2,1.316,1.0,mut-c12dc0,1786153881.8891637,True,
2026-08-11T01:58:13.498624+00:00,VIX,high_volatility,126,False,0.0079,1,0.0,1.0,0.0,0.0641,6,1.152,0.833,imm-48c3d1,1785840241.6769683,True,
2026-08-11T01:58:18.278498+00:00,FTSE,trending_up,126,False,-0.0155,5,-0.324,0.2,0.0297,0.0298,3,1.353,0.667,mut-52b925,1786354054.6523268,True,
2026-08-11T01:58:23.152716+00:00,DAX,high_volatility,127,False,0.01,3,0.327,0.667,0.01,0.0111,3,0.359,0.667,imm-e93e99,1786354059.3817143,True,
2026-08-11T01:58:27.096761+00:00,CAC40,trending_up,127,False,-0.0143,3,-0.653,0.333,0.0199,0.0285,2,19.534,1.0,mut-37f60a,1785984577.7157676,True,
2026-08-11T01:58:31.090733+00:00,NIKKEI,high_volatility,122,False,-0.0068,4,-0.165,0.25,0.0199,0.0244,3,0.828,0.667,mut-c1d5a1,1783914987.901319,True,
2026-08-11T01:58:35.657797+00:00,HSI,trending_up,120,False,0.025,6,0.363,0.667,0.0199,0.0191,4,0.443,0.5,mut-220ee6,1786354072.6067727,True,
2026-08-11T01:58:39.556313+00:00,SENSEX,trending_up,122,False,-0.0098,3,-0.347,0.333,0.0199,0.0073,3,0.239,0.667,pullba-2843bc,1786013070.0283835,True,
2026-08-11T01:58:43.613374+00:00,ASX200,trending_up,127,True,0.0041,3,0.133,0.333,0.01,0.0041,3,0.133,0.333,mut-8859ed,1786413523.46849,True,
2026-08-11T01:58:47.585557+00:00,AAPL,high_volatility,124,False,-0.0299,4,-1.787,0.0,0.0297,0.0131,5,0.233,0.6,mut-3c43e6,1785811782.91854,True,
2026-08-11T01:58:51.872069+00:00,MSFT,high_volatility,124,False,0.041,5,0.832,0.8,0.01,0.0534,6,0.914,0.833,mut-417f54,1785866030.0990324,True,
2026-08-11T01:58:56.695799+00:00,NVDA,high_volatility,124,False,-0.0111,2,-1.239,0.0,0.01,0.0225,2,3.025,1.0,mut-78d460,1785433250.8173203,True,
2026-08-11T01:59:01.636584+00:00,GOOGL,high_volatility,124,False,0.0138,4,0.295,0.5,0.01,0.0229,2,3.208,1.0,mut-bf5889,1784776571.9995205,True,
2026-08-11T01:59:06.378470+00:00,AMZN,high_volatility,124,False,-0.0252,4,-1.006,0.25,0.0297,0.025,2,5.016,1.0,imm-5ecbb6,1784948103.51404,True,
2026-08-11T01:59:10.321944+00:00,META,high_volatility,124,False,-0.0199,2,-199.0,0.0,0.0199,0.0199,3,0.559,0.667,mut-ceb411,1785926501.1619763,True,
2026-08-11T01:59:15.149508+00:00,TSLA,high_volatility,124,False,0.0,0,,,,0.0236,4,0.569,0.75,mut-842635,1783887921.345828,True,
2026-08-11T01:59:19.011326+00:00,BRKB,high_volatility,124,False,-0.0199,2,-199.0,0.0,0.0199,0.0298,4,0.717,0.75,mut-555b97,1786071060.3954887,True,
2026-08-11T01:59:23.877649+00:00,LLY,high_volatility,124,False,0.0113,1,0.0,1.0,0.0,0.0385,5,0.756,0.8,mut-5648c7,1784363164.0287595,True,
2026-08-11T01:59:28.880777+00:00,V,trending_up,125,False,0.0249,3,0.861,0.667,0.0,0.0391,5,0.784,0.8,mut-1b8e6f,1785174490.8748248,True,
2026-08-11T01:59:33.737948+00:00,JPM,trending_up,124,False,0.0,0,,,,0.0398,3,5.096,1.0,mut-44cc85,1784776603.1924407,True,
2026-08-11T09:00:41.459195+00:00,EURUSD,ranging,130,False,0.0049,2,0.193,0.5,0.01,0.0214,2,2.499,1.0,mut-9ac3c3,1784827527.8572602,True,
2026-08-11T09:00:45.370125+00:00,GBPUSD,ranging,130,False,-0.017,2,-5.607,0.0,0.01,0.013,3,0.408,0.667,mut-5089ff,1785321738.3398762,True,
2026-08-11T09:00:49.204682+00:00,USDJPY,ranging,130,False,0.015,1,0.0,1.0,0.0,0.0436,3,18.115,1.0,mut-84bada,1784629717.863137,True,
2026-08-11T09:00:53.880055+00:00,AUDUSD,ranging,130,False,-0.0052,1,0.0,0.0,0.0,0.0208,2,2.255,1.0,mut-56a4e2,1785345504.775803,True,
2026-08-11T09:00:58.530702+00:00,USDCAD,ranging,130,False,-0.0328,5,-0.995,0.2,0.0394,0.0424,4,1.321,0.75,mut-fd7afd,1784124334.4320092,True,
2026-08-11T09:01:03.243801+00:00,USDCHF,ranging,130,False,0.012,2,0.669,0.5,0.0,0.0293,2,44.593,1.0,imm-4fc33a,1784741046.2585468,True,
2026-08-11T09:01:08.078133+00:00,NZDUSD,trending_up,130,False,-0.0065,1,0.0,0.0,0.0,0.0179,4,0.41,0.5,mut-9fdf67,1785897925.9572012,True,
2026-08-11T09:01:12.704413+00:00,EURGBP,ranging,130,False,0.0199,4,0.469,0.5,0.01,0.028,3,1.139,0.667,mut-e402c5,1785433132.65746,True,
2026-08-11T09:01:17.328646+00:00,EURJPY,ranging,130,False,0.0,0,,,,0.0049,2,0.193,0.5,mut-74bdf5,1785122908.0481284,True,
2026-08-11T09:01:21.364046+00:00,GBPJPY,ranging,130,False,-0.0373,4,-9.271,0.0,0.0297,0.0122,5,0.219,0.6,mut-aa51f8,1785811687.2642987,True,
2026-08-11T09:01:25.262073+00:00,XAUUSD,high_volatility,125,False,-0.025,6,-0.45,0.167,0.0297,0.023,2,3.283,1.0,mut-aef8ad,1784888561.9697459,True,
2026-08-11T09:01:30.071964+00:00,USOIL,high_volatility,125,False,0.0049,2,0.193,0.5,0.01,0.0203,2,2.087,1.0,mut-44fc90,1783821407.0754356,True,
2026-08-11T09:01:36.312706+00:00,BTCUSD,high_volatility,182,False,0.0013,1,0.0,1.0,0.0,0.0607,5,1.893,0.8,mut-785457,1783821498.0682824,True,
2026-08-11T09:01:42.438643+00:00,ETHUSD,high_volatility,182,False,-0.0145,2,-2.606,0.0,0.01,0.0338,5,0.629,0.6,imm-7ac82e,1784277230.6638775,True,
2026-08-11T09:01:48.375576+00:00,SOLUSD,high_volatility,182,False,-0.012,2,-1.493,0.0,0.01,0.0223,4,0.53,0.75,mut-db8220,1785206756.6628072,True,
2026-08-11T09:01:52.733268+00:00,XRPUSD,high_volatility,182,False,0.0111,1,0.0,1.0,0.0,0.0376,5,0.738,0.8,mut-eb4a78,1785174380.1173518,True,
2026-08-11T09:01:57.235925+00:00,BNBUSD,high_volatility,182,False,-0.0004,1,0.0,0.0,0.0,0.0203,2,2.079,1.0,mut-167b4d,1785840212.5746226,True,
2026-08-11T09:02:03.148000+00:00,ADAUSD,high_volatility,182,False,-0.0169,2,-5.363,0.0,0.01,0.0435,5,0.874,0.8,mut-a36803,1785235220.1110218,True,
2026-08-11T09:02:07.933851+00:00,SPX,trending_up,124,False,-0.0184,3,-1.14,0.333,0.0199,0.0199,3,0.559,0.667,mut-8ec06d,1785926421.560454,True,
2026-08-11T09:02:12.110705+00:00,NASDAQ,high_volatility,124,False,-0.0274,4,-1.294,0.25,0.0297,0.0211,4,0.503,0.75,imm-9a582c,1786153872.2105956,True,
2026-08-11T09:02:16.837971+00:00,DJI,trending_up,124,False,0.0,0,,,,0.0286,3,1.206,0.667,imm-f6a612,1786093449.0598,True,
2026-08-11T09:02:21.752124+00:00,RUT,trending_up,124,False,-0.0138,2,-2.233,0.0,0.01,0.017,2,1.316,1.0,mut-c12dc0,1786153881.8891637,True,
2026-08-11T09:02:26.442714+00:00,VIX,high_volatility,126,False,-0.0113,2,-1.288,0.0,0.01,0.0641,6,1.152,0.833,imm-48c3d1,1785840241.6769683,True,
2026-08-11T09:02:30.349257+00:00,FTSE,trending_up,126,False,-0.0212,3,-1.73,0.0,0.0199,0.0298,3,1.353,0.667,mut-52b925,1786354054.6523268,True,
2026-08-11T09:02:35.199788+00:00,DAX,high_volatility,127,False,-0.0029,4,-0.071,0.5,0.0199,0.0111,3,0.359,0.667,imm-e93e99,1786354059.3817143,True,
2026-08-11T09:02:40.018051+00:00,CAC40,trending_up,127,False,-0.0297,3,-121.863,0.0,0.0297,0.0285,2,19.534,1.0,mut-37f60a,1785984577.7157676,True,
2026-08-11T09:02:44.789209+00:00,NIKKEI,high_volatility,122,False,-0.0068,4,-0.167,0.25,0.01,0.0244,3,0.828,0.667,mut-c1d5a1,1783914987.901319,True,
2026-08-11T09:02:48.741095+00:00,HSI,trending_up,120,False,0.0056,5,0.098,0.4,0.0199,0.0191,4,0.443,0.5,mut-220ee6,1786354072.6067727,True,
2026-08-11T09:02:52.726073+00:00,SENSEX,trending_up,122,False,-0.0125,2,-1.683,0.0,0.01,0.0073,3,0.239,0.667,pullba-2843bc,1786013070.0283835,True,
2026-08-11T09:02:57.538579+00:00,ASX200,trending_up,127,False,0.0037,3,0.12,0.333,0.01,0.0041,3,0.133,0.333,mut-8859ed,1786413523.46849,True,
2026-08-11T09:03:01.536849+00:00,AAPL,high_volatility,124,False,-0.0299,4,-1.787,0.0,0.0297,0.0131,5,0.233,0.6,mut-3c43e6,1785811782.91854,True,
2026-08-11T09:03:05.638904+00:00,MSFT,high_volatility,124,False,0.0052,6,0.077,0.5,0.0297,0.0534,6,0.914,0.833,mut-417f54,1785866030.0990324,True,
2026-08-11T09:03:10.505770+00:00,NVDA,high_volatility,124,False,-0.0111,2,-1.239,0.0,0.01,0.0225,2,3.025,1.0,mut-78d460,1785433250.8173203,True,
2026-08-11T09:03:15.625279+00:00,GOOGL,high_volatility,124,False,0.0138,4,0.295,0.5,0.01,0.0229,2,3.208,1.0,mut-bf5889,1784776571.9995205,True,
2026-08-11T09:03:20.432203+00:00,AMZN,high_volatility,124,False,-0.0252,4,-1.006,0.25,0.0297,0.025,2,5.016,1.0,imm-5ecbb6,1784948103.51404,True,
2026-08-11T09:03:24.421165+00:00,META,high_volatility,124,False,-0.0033,5,-0.059,0.4,0.0199,0.0199,3,0.559,0.667,mut-ceb411,1785926501.1619763,True,
2026-08-11T09:03:29.282626+00:00,TSLA,high_volatility,124,False,0.0,0,,,,0.0236,4,0.569,0.75,mut-842635,1783887921.345828,True,
2026-08-11T09:03:33.165514+00:00,BRKB,high_volatility,124,False,-0.0199,2,-199.0,0.0,0.0199,0.0298,4,0.717,0.75,mut-555b97,1786071060.3954887,True,
2026-08-11T09:03:38.075684+00:00,LLY,high_volatility,124,False,0.0098,3,0.321,0.667,0.01,0.0385,5,0.756,0.8,mut-5648c7,1784363164.0287595,True,
2026-08-11T09:03:43.131065+00:00,V,trending_up,125,False,-0.0245,4,-0.934,0.25,0.0297,0.0391,5,0.784,0.8,mut-1b8e6f,1785174490.8748248,True,
2026-08-11T09:03:47.906907+00:00,JPM,trending_up,124,False,0.0,0,,,,0.0398,3,5.096,1.0,mut-44cc85,1784776603.1924407,True,
2026-08-11T16:59:23.926945+00:00,EURUSD,ranging,130,False,0.0049,2,0.193,0.5,0.01,0.0214,2,2.499,1.0,mut-9ac3c3,1784827527.8572602,True,
2026-08-11T16:59:27.856644+00:00,GBPUSD,ranging,130,False,-0.0171,2,-5.835,0.0,0.01,0.013,3,0.408,0.667,mut-5089ff,1785321738.3398762,True,
2026-08-11T16:59:31.664005+00:00,USDJPY,ranging,130,False,0.015,1,0.0,1.0,0.0,0.0436,3,18.115,1.0,mut-84bada,1784629717.863137,True,
2026-08-11T16:59:36.621195+00:00,AUDUSD,ranging,130,False,-0.006,1,0.0,0.0,0.0,0.0208,2,2.255,1.0,mut-56a4e2,1785345504.775803,True,
2026-08-11T16:59:41.427421+00:00,USDCAD,ranging,130,False,-0.0217,4,-0.7,0.25,0.0297,0.0424,4,1.321,0.75,mut-fd7afd,1784124334.4320092,True,
2026-08-11T16:59:46.038037+00:00,USDCHF,ranging,130,False,0.0122,2,0.685,0.5,0.0,0.0293,2,44.593,1.0,imm-4fc33a,1784741046.2585468,True,
2026-08-11T16:59:51.543443+00:00,NZDUSD,trending_up,130,False,-0.0074,1,0.0,0.0,0.0,0.0179,4,0.41,0.5,mut-9fdf67,1785897925.9572012,True,
2026-08-11T16:59:55.958847+00:00,EURGBP,ranging,130,False,0.0141,5,0.251,0.6,0.01,0.028,3,1.139,0.667,mut-e402c5,1785433132.65746,True,
2026-08-11T17:00:00.493636+00:00,EURJPY,ranging,130,False,0.0,0,,,,0.0049,2,0.193,0.5,mut-74bdf5,1785122908.0481284,True,
2026-08-11T17:00:04.472387+00:00,GBPJPY,ranging,130,False,-0.037,4,-8.1,0.0,0.0297,0.0122,5,0.219,0.6,mut-aa51f8,1785811687.2642987,True,
2026-08-11T17:00:08.302363+00:00,XAUUSD,high_volatility,125,False,-0.0052,3,-0.148,0.333,0.01,0.023,2,3.283,1.0,mut-aef8ad,1784888561.9697459,True,
2026-08-11T17:00:12.317913+00:00,USOIL,high_volatility,125,False,0.0,0,,,,0.0203,2,2.087,1.0,mut-44fc90,1783821407.0754356,True,
2026-08-11T17:00:18.432418+00:00,BTCUSD,high_volatility,182,False,-0.0005,1,0.0,0.0,0.0,0.0607,5,1.893,0.8,mut-785457,1783821498.0682824,True,
2026-08-11T17:00:24.175547+00:00,ETHUSD,high_volatility,182,False,0.0,0,,,,0.0338,5,0.629,0.6,imm-7ac82e,1784277230.6638775,True,
2026-08-11T17:00:28.497134+00:00,SOLUSD,high_volatility,182,False,-0.01,2,-1.009,0.0,0.01,0.0223,4,0.53,0.75,mut-db8220,1785206756.6628072,True,
2026-08-11T17:00:33.149727+00:00,XRPUSD,high_volatility,182,False,0.0108,1,0.0,1.0,0.0,0.0376,5,0.738,0.8,mut-eb4a78,1785174380.1173518,True,
2026-08-11T17:00:37.644239+00:00,BNBUSD,high_volatility,182,False,-0.001,1,0.0,0.0,0.0,0.0203,2,2.079,1.0,mut-167b4d,1785840212.5746226,True,
2026-08-11T17:00:43.201537+00:00,ADAUSD,high_volatility,182,False,0.0,0,,,,0.0435,5,0.874,0.8,mut-a36803,1785235220.1110218,True,
2026-08-11T17:00:48.165552+00:00,SPX,trending_up,125,False,-0.0102,2,-1.039,0.0,0.01,0.0199,3,0.559,0.667,mut-8ec06d,1785926421.560454,True,
2026-08-11T17:00:53.123315+00:00,NASDAQ,high_volatility,125,False,0.0,0,,,,0.0211,4,0.503,0.75,imm-9a582c,1786153872.2105956,True,
2026-08-11T17:00:58.131430+00:00,DJI,trending_up,125,False,0.0,0,,,,0.0286,3,1.206,0.667,imm-f6a612,1786093449.0598,True,
2026-08-11T17:01:03.164172+00:00,RUT,trending_up,125,False,-0.0076,1,0.0,0.0,0.0,0.017,2,1.316,1.0,mut-c12dc0,1786153881.8891637,True,
2026-08-11T17:01:07.911992+00:00,VIX,high_volatility,126,False,-0.0114,2,-1.321,0.0,0.01,0.0641,6,1.152,0.833,imm-48c3d1,1785840241.6769683,True,
2026-08-11T17:01:12.232450+00:00,FTSE,trending_up,126,False,-0.021,3,-1.685,0.0,0.0199,0.0298,3,1.353,0.667,mut-52b925,1786354054.6523268,True,
2026-08-11T17:01:17.207834+00:00,DAX,high_volatility,127,False,0.0,0,,,,0.0111,3,0.359,0.667,imm-e93e99,1786354059.3817143,True,
2026-08-11T17:01:21.945898+00:00,CAC40,trending_up,127,False,0.0069,4,0.148,0.5,0.0199,0.0285,2,19.534,1.0,mut-37f60a,1785984577.7157676,True,
2026-08-11T17:01:27.494603+00:00,NIKKEI,high_volatility,122,False,-0.0068,4,-0.167,0.25,0.01,0.0244,3,0.828,0.667,mut-c1d5a1,1783914987.901319,True,
2026-08-11T17:01:31.458853+00:00,HSI,trending_up,119,False,0.0191,4,0.443,0.5,0.01,0.0191,4,0.443,0.5,mut-220ee6,1786354072.6067727,True,
2026-08-11T17:01:36.011033+00:00,SENSEX,trending_up,122,False,-0.0123,2,-1.6,0.0,0.01,0.0073,3,0.239,0.667,pullba-2843bc,1786013070.0283835,True,
2026-08-11T17:01:40.820793+00:00,ASX200,trending_up,126,False,0.0,0,,,,0.0041,3,0.133,0.333,mut-8859ed,1786413523.46849,True,
2026-08-11T17:01:45.504222+00:00,AAPL,high_volatility,125,False,-0.0312,4,-2.141,0.0,0.0297,0.0131,5,0.233,0.6,mut-3c43e6,1785811782.91854,True,
2026-08-11T17:01:50.368929+00:00,MSFT,high_volatility,125,False,0.0294,6,0.436,0.667,0.0199,0.0534,6,0.914,0.833,mut-417f54,1785866030.0990324,True,
2026-08-11T17:01:55.301605+00:00,NVDA,high_volatility,125,False,0.0,0,,,,0.0225,2,3.025,1.0,mut-78d460,1785433250.8173203,True,
2026-08-11T17:02:00.095538+00:00,GOOGL,high_volatility,125,False,0.0099,4,0.197,0.5,0.01,0.0229,2,3.208,1.0,mut-bf5889,1784776571.9995205,True,
2026-08-11T17:02:04.780610+00:00,AMZN,high_volatility,125,False,-0.0294,4,-1.67,0.25,0.0297,0.025,2,5.016,1.0,imm-5ecbb6,1784948103.51404,True,
2026-08-11T17:02:08.936061+00:00,META,high_volatility,125,False,0.0,0,,,,0.0199,3,0.559,0.667,mut-ceb411,1785926501.1619763,True,
2026-08-11T17:02:13.646091+00:00,TSLA,high_volatility,125,False,0.0,0,,,,0.0236,4,0.569,0.75,mut-842635,1783887921.345828,True,
2026-08-11T17:02:18.302913+00:00,BRKB,high_volatility,125,False,-0.0199,2,-199.0,0.0,0.0199,0.0298,4,0.717,0.75,mut-555b97,1786071060.3954887,True,
2026-08-11T17:02:22.404332+00:00,LLY,high_volatility,125,False,-0.012,3,-0.474,0.333,0.0199,0.0385,5,0.756,0.8,mut-5648c7,1784363164.0287595,True,
2026-08-11T17:02:27.047004+00:00,V,trending_up,125,False,-0.031,4,-2.072,0.0,0.0297,0.0391,5,0.784,0.8,mut-1b8e6f,1785174490.8748248,True,
2026-08-11T17:02:31.759616+00:00,JPM,trending_up,125,False,-0.0058,3,-0.17,0.333,0.0199,0.0398,3,5.096,1.0,mut-44cc85,1784776603.1924407,True,
2026-08-12T02:09:24.325352+00:00,EURUSD,ranging,130,False,0.0049,2,0.193,0.5,0.01,0.0214,2,2.499,1.0,mut-9ac3c3,1784827527.8572602,True,
2026-08-12T02:09:28.958028+00:00,GBPUSD,ranging,130,False,-0.017,2,-5.651,0.0,0.01,0.013,3,0.408,0.667,mut-5089ff,1785321738.3398762,True,
2026-08-12T02:09:32.931260+00:00,USDJPY,ranging,130,False,0.015,1,0.0,1.0,0.0,0.0436,3,18.115,1.0,mut-84bada,1784629717.863137,True,
2026-08-12T02:09:37.563927+00:00,AUDUSD,ranging,130,False,0.0027,4,0.061,0.5,0.0199,0.0208,2,2.255,1.0,mut-56a4e2,1785345504.775803,True,
2026-08-12T02:09:41.574058+00:00,USDCAD,ranging,130,False,0.0138,3,0.429,0.667,0.01,0.0424,4,1.321,0.75,mut-fd7afd,1784124334.4320092,True,
2026-08-12T02:09:46.266382+00:00,USDCHF,ranging,130,False,0.0167,2,1.256,1.0,0.0,0.0293,2,44.593,1.0,imm-4fc33a,1784741046.2585468,True,
2026-08-12T02:09:50.934553+00:00,NZDUSD,ranging,130,False,0.0174,4,0.394,0.5,0.01,0.0146,2,0.951,0.5,mut-9ac759,1785321761.60003,True,
2026-08-12T02:09:55.556891+00:00,EURGBP,ranging,130,False,0.0139,5,0.248,0.6,0.01,0.028,3,1.139,0.667,mut-e402c5,1785433132.65746,True,
2026-08-12T02:10:00.656722+00:00,EURJPY,ranging,130,False,0.0,0,,,,0.0049,2,0.193,0.5,mut-74bdf5,1785122908.0481284,True,
2026-08-12T02:10:05.444376+00:00,GBPJPY,ranging,130,False,0.0019,5,0.032,0.4,0.0199,0.0122,5,0.219,0.6,mut-aa51f8,1785811687.2642987,True,
2026-08-12T02:10:09.349918+00:00,XAUUSD,ranging,126,False,0.0097,4,0.195,0.5,0.01,0.024,3,0.794,0.667,mut-6bbcc8,1785727134.4109955,True,
2026-08-12T02:10:13.421997+00:00,USOIL,ranging,126,False,-0.0102,4,-0.246,0.25,0.0199,,,,,,,True,
2026-08-12T02:10:19.675824+00:00,BTCUSD,high_volatility,181,False,0.0004,1,0.0,1.0,0.0,0.0607,5,1.893,0.8,mut-785457,1783821498.0682824,True,
2026-08-12T02:10:25.756273+00:00,ETHUSD,high_volatility,181,False,-0.0139,2,-2.256,0.0,0.01,0.0338,5,0.629,0.6,imm-7ac82e,1784277230.6638775,True,
2026-08-12T02:10:31.866771+00:00,SOLUSD,high_volatility,181,False,-0.0111,2,-1.258,0.0,0.01,0.0223,4,0.53,0.75,mut-db8220,1785206756.6628072,True,
2026-08-12T02:10:36.353812+00:00,XRPUSD,high_volatility,181,False,0.0098,1,0.0,1.0,0.0,0.0376,5,0.738,0.8,mut-eb4a78,1785174380.1173518,True,
2026-08-12T02:10:40.761673+00:00,BNBUSD,high_volatility,181,False,-0.0021,1,0.0,0.0,0.0,0.0203,2,2.079,1.0,mut-167b4d,1785840212.5746226,True,
2026-08-12T02:10:46.240191+00:00,ADAUSD,high_volatility,181,False,-0.01,1,0.0,0.0,0.01,0.0435,5,0.874,0.8,mut-a36803,1785235220.1110218,True,
2026-08-12T02:10:51.205207+00:00,SPX,trending_up,124,False,-0.0105,2,-1.095,0.0,0.01,0.0199,3,0.559,0.667,mut-8ec06d,1785926421.560454,True,
2026-08-12T02:10:56.193164+00:00,NASDAQ,high_volatility,124,False,0.0,0,,,,0.0211,4,0.503,0.75,imm-9a582c,1786153872.2105956,True,
2026-08-12T02:11:00.976343+00:00,DJI,trending_up,124,False,-0.0202,6,-0.342,0.333,0.0394,0.0286,3,1.206,0.667,imm-f6a612,1786093449.0598,True,
2026-08-12T02:11:04.989827+00:00,RUT,trending_up,124,False,0.0,0,,,,0.017,2,1.316,1.0,mut-c12dc0,1786153881.8891637,True,
2026-08-12T02:11:09.670276+00:00,VIX,high_volatility,126,False,-0.0116,2,-1.39,0.0,0.01,0.0641,6,1.152,0.833,imm-48c3d1,1785840241.6769683,True,
2026-08-12T02:11:14.324827+00:00,FTSE,trending_up,126,False,-0.021,3,-1.685,0.0,0.0199,0.0298,3,1.353,0.667,mut-52b925,1786354054.6523268,True,
2026-08-12T02:11:19.092028+00:00,DAX,high_volatility,127,False,0.0074,4,0.156,0.5,0.0199,0.0111,3,0.359,0.667,imm-e93e99,1786354059.3817143,True,
2026-08-12T02:11:23.306851+00:00,CAC40,trending_up,127,False,0.0,0,,,,0.0285,2,19.534,1.0,mut-37f60a,1785984577.7157676,True,
2026-08-12T02:11:28.039393+00:00,NIKKEI,high_volatility,122,False,0.0066,2,0.285,0.5,0.0,0.0244,3,0.828,0.667,mut-c1d5a1,1783914987.901319,True,
2026-08-12T02:11:32.674284+00:00,HSI,trending_up,120,False,-0.0318,6,-0.596,0.167,0.0394,0.0191,4,0.443,0.5,mut-220ee6,1786354072.6067727,True,
2026-08-12T02:11:36.613460+00:00,SENSEX,trending_up,122,False,-0.0121,3,-0.483,0.333,0.0199,0.0073,3,0.239,0.667,pullba-2843bc,1786013070.0283835,True,
2026-08-12T02:11:40.689433+00:00,ASX200,high_volatility,127,False,-0.0117,2,-1.413,0.0,0.01,,,,,,,True,
2026-08-12T02:11:44.768699+00:00,AAPL,high_volatility,124,False,-0.0319,4,-2.407,0.0,0.0297,0.0131,5,0.233,0.6,mut-3c43e6,1785811782.91854,True,
2026-08-12T02:11:48.997974+00:00,MSFT,high_volatility,124,False,0.0299,6,0.444,0.667,0.0199,0.0534,6,0.914,0.833,mut-417f54,1785866030.0990324,True,
2026-08-12T02:11:53.830809+00:00,NVDA,high_volatility,124,False,-0.0063,1,0.0,0.0,0.0,0.0225,2,3.025,1.0,mut-78d460,1785433250.8173203,True,
2026-08-12T02:11:57.979652+00:00,GOOGL,high_volatility,124,False,0.0,0,,,,0.0229,2,3.208,1.0,mut-bf5889,1784776571.9995205,True,
2026-08-12T02:12:02.057012+00:00,AMZN,high_volatility,124,False,-0.0194,3,-1.315,0.333,0.0199,0.025,2,5.016,1.0,imm-5ecbb6,1784948103.51404,True,
2026-08-12T02:12:06.406341+00:00,META,high_volatility,124,False,0.0,0,,,,0.0199,3,0.559,0.667,mut-ceb411,1785926501.1619763,True,
2026-08-12T02:12:10.475483+00:00,TSLA,high_volatility,124,False,0.011,2,0.579,0.5,0.0,0.0236,4,0.569,0.75,mut-842635,1783887921.345828,True,
2026-08-12T02:12:15.176902+00:00,BRKB,high_volatility,124,False,-0.0199,2,-199.0,0.0,0.0199,0.0298,4,0.717,0.75,mut-555b97,1786071060.3954887,True,
2026-08-12T02:12:19.303281+00:00,LLY,high_volatility,124,False,0.0064,1,0.0,1.0,0.0,0.0385,5,0.756,0.8,mut-5648c7,1784363164.0287595,True,
2026-08-12T02:12:23.241315+00:00,V,trending_up,124,False,-0.0306,4,-1.96,0.0,0.0297,0.0391,5,0.784,0.8,mut-1b8e6f,1785174490.8748248,True,
2026-08-12T02:12:27.959659+00:00,JPM,trending_up,124,False,0.0,0,,,,0.0398,3,5.096,1.0,mut-44cc85,1784776603.1924407,True,
2026-08-12T09:14:43.458812+00:00,EURUSD,ranging,130,False,0.0049,2,0.193,0.5,0.01,0.0214,2,2.499,1.0,mut-9ac3c3,1784827527.8572602,True,
2026-08-12T09:14:48.063761+00:00,GBPUSD,ranging,130,False,-0.003,3,-0.089,0.333,0.01,0.013,3,0.408,0.667,mut-5089ff,1785321738.3398762,True,
2026-08-12T09:14:51.953724+00:00,USDJPY,ranging,130,False,0.0161,10,0.132,0.5,0.0347,0.0436,3,18.115,1.0,mut-84bada,1784629717.863137,True,
2026-08-12T09:14:55.886881+00:00,AUDUSD,ranging,130,False,-0.0115,4,-0.274,0.25,0.0199,0.0208,2,2.255,1.0,mut-56a4e2,1785345504.775803,True,
2026-08-12T09:14:59.840273+00:00,USDCAD,ranging,130,False,-0.0151,5,-0.313,0.2,0.0199,0.0424,4,1.321,0.75,mut-fd7afd,1784124334.4320092,True,
2026-08-12T09:15:03.757349+00:00,USDCHF,ranging,130,False,0.0069,3,0.224,0.667,0.01,0.0293,2,44.593,1.0,imm-4fc33a,1784741046.2585468,True,
2026-08-12T09:15:08.460009+00:00,NZDUSD,ranging,130,False,0.0167,4,0.374,0.5,0.01,0.0146,2,0.951,0.5,mut-9ac759,1785321761.60003,True,
2026-08-12T09:15:12.348047+00:00,EURGBP,ranging,130,False,0.0207,4,0.493,0.75,0.01,0.028,3,1.139,0.667,mut-e402c5,1785433132.65746,True,
2026-08-12T09:15:17.143494+00:00,EURJPY,ranging,130,False,0.0,0,,,,0.0049,2,0.193,0.5,mut-74bdf5,1785122908.0481284,True,
2026-08-12T09:15:21.844887+00:00,GBPJPY,ranging,130,False,-0.0231,5,-0.469,0.2,0.0297,0.0122,5,0.219,0.6,mut-aa51f8,1785811687.2642987,True,
2026-08-12T09:15:25.789422+00:00,XAUUSD,high_volatility,125,False,-0.01,2,-1.0,0.0,0.01,0.023,2,3.283,1.0,mut-aef8ad,1784888561.9697459,True,
2026-08-12T09:15:29.686295+00:00,USOIL,high_volatility,125,False,0.0106,5,0.188,0.6,0.01,0.0203,2,2.087,1.0,mut-44fc90,1783821407.0754356,True,
2026-08-12T09:15:34.514889+00:00,BTCUSD,high_volatility,182,False,0.0,0,,,,0.0607,5,1.893,0.8,mut-785457,1783821498.0682824,True,
2026-08-12T09:15:40.767951+00:00,ETHUSD,high_volatility,182,False,-0.0117,2,-1.4,0.0,0.01,0.0338,5,0.629,0.6,imm-7ac82e,1784277230.6638775,True,
2026-08-12T09:15:46.903141+00:00,SOLUSD,high_volatility,182,False,-0.0274,4,-1.296,0.25,0.0297,0.0223,4,0.53,0.75,mut-db8220,1785206756.6628072,True,
2026-08-12T09:15:52.686396+00:00,XRPUSD,high_volatility,182,False,0.0102,5,0.183,0.6,0.01,0.0376,5,0.738,0.8,mut-eb4a78,1785174380.1173518,True,
2026-08-12T09:15:57.179679+00:00,BNBUSD,high_volatility,182,False,-0.0026,1,0.0,0.0,0.0,0.0203,2,2.079,1.0,mut-167b4d,1785840212.5746226,True,
2026-08-12T09:16:02.791153+00:00,ADAUSD,high_volatility,182,False,-0.0186,2,-13.025,0.0,0.01,0.0435,5,0.874,0.8,mut-a36803,1785235220.1110218,True,
2026-08-12T09:16:07.677968+00:00,SPX,trending_up,124,False,-0.0105,2,-1.095,0.0,0.01,0.0199,3,0.559,0.667,mut-8ec06d,1785926421.560454,True,
2026-08-12T09:16:12.614209+00:00,NASDAQ,high_volatility,124,False,0.0,0,,,,0.0211,4,0.503,0.75,imm-9a582c,1786153872.2105956,True,
2026-08-12T09:16:17.390430+00:00,DJI,trending_up,124,False,0.0025,3,0.08,0.333,0.01,0.0286,3,1.206,0.667,imm-f6a612,1786093449.0598,True,
2026-08-12T09:16:21.304763+00:00,RUT,trending_up,124,False,-0.0074,1,0.0,0.0,0.0,0.017,2,1.316,1.0,mut-c12dc0,1786153881.8891637,True,
2026-08-12T09:16:26.156623+00:00,VIX,high_volatility,126,False,0.0038,1,0.0,1.0,0.0,0.0641,6,1.152,0.833,imm-48c3d1,1785840241.6769683,True,
2026-08-12T09:16:30.170509+00:00,FTSE,trending_up,126,False,0.0,0,,,,0.0298,3,1.353,0.667,mut-52b925,1786354054.6523268,True,
2026-08-12T09:16:35.108871+00:00,DAX,high_volatility,127,False,0.0,0,,,,0.0226,2,3.055,1.0,init-81e4e6,1786526194.1343882,True,
2026-08-12T09:16:39.196673+00:00,CAC40,trending_up,127,False,0.0148,2,0.976,0.5,0.0,0.0285,2,19.534,1.0,mut-37f60a,1785984577.7157676,True,
2026-08-12T09:16:43.927676+00:00,NIKKEI,high_volatility,122,False,0.0,0,,,,0.0244,3,0.828,0.667,mut-c1d5a1,1783914987.901319,True,
2026-08-12T09:16:48.544333+00:00,HSI,trending_up,120,False,-0.0215,5,-0.442,0.2,0.0297,0.0191,4,0.443,0.5,mut-220ee6,1786354072.6067727,True,
2026-08-12T09:16:53.261222+00:00,SENSEX,ranging,122,False,-0.0172,2,-6.032,0.0,0.01,0.001,3,0.03,0.333,mut-dddd39,1784038554.1117454,True,
2026-08-12T09:16:57.284367+00:00,ASX200,high_volatility,127,False,0.0,0,,,,,,,,,,True,
2026-08-12T09:17:01.369025+00:00,AAPL,high_volatility,124,False,-0.0029,4,-0.07,0.5,0.01,0.0131,5,0.233,0.6,mut-3c43e6,1785811782.91854,True,
2026-08-12T09:17:05.500392+00:00,MSFT,high_volatility,124,False,0.0299,6,0.444,0.667,0.0199,0.0534,6,0.914,0.833,mut-417f54,1785866030.0990324,True,
2026-08-12T09:17:10.369419+00:00,NVDA,high_volatility,124,False,-0.0063,1,0.0,0.0,0.0,0.0225,2,3.025,1.0,mut-78d460,1785433250.8173203,True,
2026-08-12T09:17:14.601588+00:00,GOOGL,high_volatility,124,False,0.0097,5,0.172,0.4,0.01,0.0229,2,3.208,1.0,mut-bf5889,1784776571.9995205,True,
2026-08-12T09:17:19.411980+00:00,AMZN,high_volatility,124,False,0.0204,4,0.485,0.75,0.01,0.025,2,5.016,1.0,imm-5ecbb6,1784948103.51404,True,
2026-08-12T09:17:24.333758+00:00,META,high_volatility,124,False,0.0,0,,,,0.0199,3,0.559,0.667,mut-ceb411,1785926501.1619763,True,
2026-08-12T09:17:29.101359+00:00,TSLA,high_volatility,124,False,0.0,0,,,,0.0236,4,0.569,0.75,mut-842635,1783887921.345828,True,
2026-08-12T09:17:33.016140+00:00,BRKB,high_volatility,124,False,-0.0007,3,-0.021,0.333,0.01,0.0298,4,0.717,0.75,mut-555b97,1786071060.3954887,True,
2026-08-12T09:17:37.924023+00:00,LLY,high_volatility,124,False,-0.0157,3,-0.787,0.333,0.0199,0.0385,5,0.756,0.8,mut-5648c7,1784363164.0287595,True,
2026-08-12T09:17:42.039678+00:00,V,trending_up,124,False,0.0,0,,,,0.0391,5,0.784,0.8,mut-1b8e6f,1785174490.8748248,True,
2026-08-12T09:17:46.059824+00:00,JPM,trending_up,124,False,0.0,0,,,,0.0398,3,5.096,1.0,mut-44cc85,1784776603.1924407,True,
2026-08-12T16:59:05.843603+00:00,EURUSD,ranging,130,False,0.0049,2,0.193,0.5,0.01,0.0214,2,2.499,1.0,mut-9ac3c3,1784827527.8572602,True,
2026-08-12T16:59:10.496790+00:00,GBPUSD,ranging,130,False,-0.0018,3,-0.055,0.333,0.01,0.013,3,0.408,0.667,mut-5089ff,1785321738.3398762,True,
2026-08-12T16:59:14.334262+00:00,USDJPY,ranging,130,False,-0.01,2,-1.0,0.0,0.01,0.0436,3,18.115,1.0,mut-84bada,1784629717.863137,True,
2026-08-12T16:59:18.902782+00:00,AUDUSD,ranging,130,False,0.0,0,,,,0.0208,2,2.255,1.0,mut-56a4e2,1785345504.775803,True,
2026-08-12T16:59:23.798485+00:00,USDCAD,ranging,130,False,0.0129,3,0.404,0.667,0.01,0.0424,4,1.321,0.75,mut-fd7afd,1784124334.4320092,True,
2026-08-12T16:59:27.768175+00:00,USDCHF,trending_up,130,False,0.0178,2,1.455,1.0,0.0,0.0451,3,108.416,1.0,mut-4ad71b,1783971987.3191102,True,
2026-08-12T16:59:32.454657+00:00,NZDUSD,ranging,130,False,0.0,0,,,,0.0146,2,0.951,0.5,mut-9ac759,1785321761.60003,True,
2026-08-12T16:59:36.359475+00:00,EURGBP,ranging,130,False,0.0107,5,0.191,0.6,0.01,0.028,3,1.139,0.667,mut-e402c5,1785433132.65746,True,
2026-08-12T16:59:41.101257+00:00,EURJPY,ranging,130,False,0.0,0,,,,0.0049,2,0.193,0.5,mut-74bdf5,1785122908.0481284,True,
2026-08-12T16:59:45.889170+00:00,GBPJPY,ranging,130,False,0.0274,5,0.463,0.6,0.01,0.0274,5,0.463,0.6,adapti-cd3243,1786553985.0193646,True,
2026-08-12T16:59:49.845483+00:00,XAUUSD,high_volatility,125,False,-0.01,2,-1.0,0.0,0.01,0.023,2,3.283,1.0,mut-aef8ad,1784888561.9697459,True,
2026-08-12T16:59:54.575371+00:00,USOIL,high_volatility,125,False,-0.011,5,-0.216,0.4,0.0297,0.0203,2,2.087,1.0,mut-44fc90,1783821407.0754356,True,
2026-08-12T16:59:59.356796+00:00,BTCUSD,high_volatility,182,False,0.0,0,,,,0.0607,5,1.893,0.8,mut-785457,1783821498.0682824,True,
2026-08-12T17:00:05.571288+00:00,ETHUSD,high_volatility,182,False,-0.0119,2,-1.455,0.0,0.01,0.0338,5,0.629,0.6,imm-7ac82e,1784277230.6638775,True,
2026-08-12T17:00:11.612279+00:00,SOLUSD,high_volatility,182,False,-0.0286,4,-1.499,0.25,0.0297,0.0223,4,0.53,0.75,mut-db8220,1785206756.6628072,True,
2026-08-12T17:00:16.246297+00:00,XRPUSD,high_volatility,182,False,0.0015,2,0.069,0.5,0.01,0.0376,5,0.738,0.8,mut-eb4a78,1785174380.1173518,True,
2026-08-12T17:00:22.069824+00:00,BNBUSD,high_volatility,182,False,-0.0025,1,0.0,0.0,0.0,0.0203,2,2.079,1.0,mut-167b4d,1785840212.5746226,True,
2026-08-12T17:00:26.565961+00:00,ADAUSD,high_volatility,182,False,-0.0199,3,-1.414,0.0,0.0199,0.0435,5,0.874,0.8,mut-a36803,1785235220.1110218,True,
2026-08-12T17:00:31.583173+00:00,SPX,trending_up,125,False,0.0116,1,0.0,1.0,0.0,0.0199,3,0.559,0.667,mut-8ec06d,1785926421.560454,True,
2026-08-12T17:00:36.570782+00:00,NASDAQ,high_volatility,125,False,0.0,0,,,,0.0211,4,0.503,0.75,imm-9a582c,1786153872.2105956,True,
2026-08-12T17:00:41.431000+00:00,DJI,trending_up,125,False,0.0128,2,0.745,0.5,0.0,0.0286,3,1.206,0.667,imm-f6a612,1786093449.0598,True,
2026-08-12T17:00:45.333870+00:00,RUT,trending_up,122,False,-0.0157,2,-3.603,0.0,0.01,0.017,2,1.316,1.0,mut-c12dc0,1786153881.8891637,True,
2026-08-12T17:00:49.302473+00:00,VIX,high_volatility,126,False,0.0049,1,0.0,1.0,0.0,0.0641,6,1.152,0.833,imm-48c3d1,1785840241.6769683,True,
2026-08-12T17:00:54.173302+00:00,FTSE,trending_up,126,False,-0.0215,3,-1.818,0.0,0.0199,0.0298,3,1.353,0.667,mut-52b925,1786354054.6523268,True,
2026-08-12T17:00:59.126291+00:00,DAX,high_volatility,127,False,0.0097,5,0.175,0.4,0.0199,0.0226,2,3.055,1.0,init-81e4e6,1786526194.1343882,True,
2026-08-12T17:01:03.917851+00:00,CAC40,trending_up,127,False,-0.0021,4,-0.052,0.5,0.0199,0.0285,2,19.534,1.0,mut-37f60a,1785984577.7157676,True,
2026-08-12T17:01:07.924328+00:00,NIKKEI,high_volatility,121,False,-0.0068,4,-0.167,0.25,0.01,0.0244,3,0.828,0.667,mut-c1d5a1,1783914987.901319,True,
2026-08-12T17:01:11.804056+00:00,HSI,trending_up,119,False,0.0207,6,0.291,0.5,0.0199,0.0191,4,0.443,0.5,mut-220ee6,1786354072.6067727,True,
2026-08-12T17:01:15.751201+00:00,SENSEX,trending_up,122,False,-0.0283,4,-1.452,0.25,0.0297,0.0073,3,0.239,0.667,pullba-2843bc,1786013070.0283835,True,
2026-08-12T17:01:19.713559+00:00,ASX200,trending_up,126,False,0.0037,3,0.12,0.333,0.01,0.0041,3,0.133,0.333,mut-8859ed,1786413523.46849,True,
2026-08-12T17:01:24.649446+00:00,AAPL,high_volatility,125,False,0.0,0,,,,0.0131,5,0.233,0.6,mut-3c43e6,1785811782.91854,True,
2026-08-12T17:01:28.939461+00:00,MSFT,high_volatility,125,False,0.0372,5,0.732,0.8,0.01,0.0534,6,0.914,0.833,mut-417f54,1785866030.0990324,True,
2026-08-12T17:01:33.838983+00:00,NVDA,high_volatility,125,False,-0.01,2,-0.997,0.5,0.01,0.0225,2,3.025,1.0,mut-78d460,1785433250.8173203,True,
2026-08-12T17:01:38.111424+00:00,GOOGL,high_volatility,125,False,0.0,0,,,,0.0229,2,3.208,1.0,mut-bf5889,1784776571.9995205,True,
2026-08-12T17:01:42.974744+00:00,AMZN,high_volatility,125,False,0.0182,4,0.42,0.5,0.01,0.025,2,5.016,1.0,imm-5ecbb6,1784948103.51404,True,
2026-08-12T17:01:47.142278+00:00,META,high_volatility,125,False,-0.0052,4,-0.128,0.25,0.01,0.0199,3,0.559,0.667,mut-ceb411,1785926501.1619763,True,
2026-08-12T17:01:52.009299+00:00,TSLA,high_volatility,125,False,-0.0121,2,-1.544,0.0,0.01,0.0236,4,0.569,0.75,mut-842635,1783887921.345828,True,
2026-08-12T17:01:56.794126+00:00,BRKB,high_volatility,125,False,-0.01,1,0.0,0.0,0.01,0.0298,4,0.717,0.75,mut-555b97,1786071060.3954887,True,
2026-08-12T17:02:01.785905+00:00,LLY,high_volatility,125,False,0.0094,1,0.0,1.0,0.0,0.0385,5,0.756,0.8,mut-5648c7,1784363164.0287595,True,
2026-08-12T17:02:05.854328+00:00,V,ranging,125,False,0.0,0,,,,,,,,,,True,
2026-08-12T17:02:10.571890+00:00,JPM,trending_up,125,False,0.0,0,,,,0.0398,3,5.096,1.0,mut-44cc85,1784776603.1924407,True,
2026-08-13T02:11:33.567329+00:00,EURUSD,ranging,130,False,0.0049,2,0.193,0.5,0.01,0.0214,2,2.499,1.0,mut-9ac3c3,1784827527.8572602,True,
2026-08-13T02:11:37.369079+00:00,GBPUSD,ranging,130,False,-0.0162,2,-4.323,0.0,0.01,0.013,3,0.408,0.667,mut-5089ff,1785321738.3398762,True,
2026-08-13T02:11:41.747640+00:00,USDJPY,trending_down,130,False,0.0,0,,,,,,,,,,True,
2026-08-13T02:11:46.899430+00:00,AUDUSD,ranging,130,False,-0.0058,4,-0.143,0.25,0.0199,0.0208,2,2.255,1.0,mut-56a4e2,1785345504.775803,True,
2026-08-13T02:11:50.657601+00:00,USDCAD,ranging,130,False,0.0126,3,0.398,0.667,0.01,0.0424,4,1.321,0.75,mut-fd7afd,1784124334.4320092,True,
2026-08-13T02:11:54.889714+00:00,USDCHF,ranging,130,False,0.0027,4,0.061,0.5,0.01,0.0293,2,44.593,1.0,imm-4fc33a,1784741046.2585468,True,
2026-08-13T02:11:59.096204+00:00,NZDUSD,ranging,130,False,-0.0045,4,-0.11,0.5,0.0199,0.0146,2,0.951,0.5,mut-9ac759,1785321761.60003,True,
2026-08-13T02:12:02.797544+00:00,EURGBP,ranging,130,False,0.0199,4,0.469,0.5,0.01,0.028,3,1.139,0.667,mut-e402c5,1785433132.65746,True,
2026-08-13T02:12:07.090072+00:00,EURJPY,ranging,130,True,0.0152,2,1.029,1.0,0.0,0.0152,2,1.029,1.0,mut-a0b641,1786587126.9955804,True,
2026-08-13T02:12:10.927560+00:00,GBPJPY,ranging,130,False,-0.0321,6,-0.601,0.167,0.0394,0.0274,5,0.463,0.6,adapti-cd3243,1786553985.0193646,True,
2026-08-13T02:12:15.113412+00:00,XAUUSD,high_volatility,125,False,-0.01,1,0.0,0.0,0.01,0.023,2,3.283,1.0,mut-aef8ad,1784888561.9697459,True,
2026-08-13T02:12:19.431683+00:00,USOIL,high_volatility,125,False,0.0064,5,0.111,0.4,0.01,0.0203,2,2.087,1.0,mut-44fc90,1783821407.0754356,True,
2026-08-13T02:12:24.335853+00:00,BTCUSD,ranging,181,False,-0.0025,1,0.0,0.0,0.0,,,,,,,True,
2026-08-13T02:12:28.347374+00:00,ETHUSD,high_volatility,181,False,0.0,0,,,,0.0338,5,0.629,0.6,imm-7ac82e,1784277230.6638775,True,
2026-08-13T02:12:33.127422+00:00,SOLUSD,high_volatility,181,False,-0.0287,4,-1.526,0.25,0.0297,0.0223,4,0.53,0.75,mut-db8220,1785206756.6628072,True,
2026-08-13T02:12:37.140685+00:00,XRPUSD,high_volatility,181,False,0.0131,5,0.236,0.6,0.01,0.0376,5,0.738,0.8,mut-eb4a78,1785174380.1173518,True,
2026-08-13T02:12:41.140460+00:00,BNBUSD,high_volatility,181,False,-0.0025,1,0.0,0.0,0.0,0.0203,2,2.079,1.0,mut-167b4d,1785840212.5746226,True,
2026-08-13T02:12:45.906165+00:00,ADAUSD,high_volatility,181,False,-0.0199,3,-1.414,0.0,0.0199,0.0435,5,0.874,0.8,mut-a36803,1785235220.1110218,True,
2026-08-13T02:12:50.202536+00:00,SPX,trending_up,121,False,-0.0208,4,-0.636,0.25,0.0297,0.0199,3,0.559,0.667,mut-8ec06d,1785926421.560454,True,
2026-08-13T02:12:54.563925+00:00,NASDAQ,high_volatility,121,False,0.0,0,,,,0.0211,4,0.503,0.75,imm-9a582c,1786153872.2105956,True,
2026-08-13T02:12:58.763697+00:00,DJI,trending_up,121,False,0.0023,3,0.075,0.333,0.01,0.0286,3,1.206,0.667,imm-f6a612,1786093449.0598,True,
2026-08-13T02:13:03.034100+00:00,RUT,trending_up,121,False,-0.0041,2,-0.261,0.5,0.01,0.017,2,1.316,1.0,mut-c12dc0,1786153881.8891637,True,
2026-08-13T02:13:07.543871+00:00,VIX,high_volatility,123,False,-0.0268,4,-1.202,0.25,0.0297,0.0641,6,1.152,0.833,imm-48c3d1,1785840241.6769683,True,
2026-08-13T02:13:11.502040+00:00,FTSE,trending_up,123,False,-0.0313,4,-2.169,0.0,0.0297,0.0298,3,1.353,0.667,mut-52b925,1786354054.6523268,True,
2026-08-13T02:13:15.802448+00:00,DAX,high_volatility,124,False,0.0,0,,,,0.0226,2,3.055,1.0,init-81e4e6,1786526194.1343882,True,
2026-08-13T02:13:19.687211+00:00,CAC40,trending_up,124,False,-0.0165,3,-0.878,0.333,0.0199,0.0285,2,19.534,1.0,mut-37f60a,1785984577.7157676,True,
2026-08-13T02:13:23.577359+00:00,NIKKEI,high_volatility,119,False,-0.009,4,-0.22,0.25,0.01,0.0244,3,0.828,0.667,mut-c1d5a1,1783914987.901319,True,
2026-08-13T02:13:27.332598+00:00,HSI,trending_up,117,False,-0.004,6,-0.059,0.333,0.0297,0.0191,4,0.443,0.5,mut-220ee6,1786354072.6067727,True,
2026-08-13T02:13:31.253572+00:00,SENSEX,ranging,119,False,-0.0182,3,-1.103,0.333,0.0199,0.001,3,0.03,0.333,mut-dddd39,1784038554.1117454,True,
2026-08-13T02:13:35.690176+00:00,ASX200,high_volatility,124,False,0.0,0,,,,,,,,,,True,
2026-08-13T02:13:40.008070+00:00,AAPL,high_volatility,124,False,-0.0013,4,-0.03,0.5,0.01,0.0131,5,0.233,0.6,mut-3c43e6,1785811782.91854,True,
2026-08-13T02:13:43.868879+00:00,MSFT,high_volatility,124,False,0.0264,6,0.388,0.667,0.0199,0.0534,6,0.914,0.833,mut-417f54,1785866030.0990324,True,
2026-08-13T02:13:48.167721+00:00,NVDA,high_volatility,124,False,-0.0099,2,-0.984,0.5,0.01,0.0225,2,3.025,1.0,mut-78d460,1785433250.8173203,True,
2026-08-13T02:13:52.602299+00:00,GOOGL,high_volatility,124,False,-0.0489,6,-2.21,0.167,0.049,0.0229,2,3.208,1.0,mut-bf5889,1784776571.9995205,True,
2026-08-13T02:13:56.421641+00:00,AMZN,high_volatility,124,False,-0.0327,4,-2.736,0.0,0.0297,0.025,2,5.016,1.0,imm-5ecbb6,1784948103.51404,True,
2026-08-13T02:14:00.628394+00:00,META,high_volatility,124,False,-0.0081,4,-0.201,0.25,0.0199,0.0199,3,0.559,0.667,mut-ceb411,1785926501.1619763,True,
2026-08-13T02:14:05.028794+00:00,TSLA,high_volatility,124,False,-0.0123,2,-1.607,0.0,0.01,0.0236,4,0.569,0.75,mut-842635,1783887921.345828,True,
2026-08-13T02:14:09.158095+00:00,BRKB,high_volatility,124,False,0.0199,4,0.463,0.5,0.01,0.0298,4,0.717,0.75,mut-555b97,1786071060.3954887,True,
2026-08-13T02:14:13.601416+00:00,LLY,high_volatility,124,False,0.0099,1,0.0,1.0,0.0,0.0385,5,0.756,0.8,mut-5648c7,1784363164.0287595,True,
2026-08-13T02:14:17.512494+00:00,V,ranging,124,True,0.0321,3,1.714,1.0,0.0,0.0321,3,1.714,1.0,mut-be4f45,1786587257.3985262,True,
2026-08-13T02:14:21.810871+00:00,JPM,high_volatility,124,False,0.0,0,,,,0.0389,3,4.262,1.0,mut-84b106,1785866071.6229672,True,
2026-08-13T09:15:14.325389+00:00,EURUSD,ranging,130,False,0.0049,2,0.193,0.5,0.01,0.0214,2,2.499,1.0,mut-9ac3c3,1784827527.8572602,True,
2026-08-13T09:15:18.294324+00:00,GBPUSD,ranging,130,False,-0.0157,2,-3.626,0.0,0.01,0.013,3,0.408,0.667,mut-5089ff,1785321738.3398762,True,
2026-08-13T09:15:23.234399+00:00,USDJPY,trending_down,130,False,0.0,0,,,,,,,,,,True,
2026-08-13T09:15:27.204117+00:00,AUDUSD,ranging,130,False,-0.0063,4,-0.154,0.25,0.0199,0.0208,2,2.255,1.0,mut-56a4e2,1785345504.775803,True,
2026-08-13T09:15:31.225190+00:00,USDCAD,ranging,130,False,0.0121,3,0.385,0.667,0.01,0.0424,4,1.321,0.75,mut-fd7afd,1784124334.4320092,True,
2026-08-13T09:15:36.098521+00:00,USDCHF,ranging,130,False,-0.0161,3,-0.83,0.333,0.0199,0.0293,2,44.593,1.0,imm-4fc33a,1784741046.2585468,True,
2026-08-13T09:15:40.912892+00:00,NZDUSD,ranging,130,False,-0.0061,4,-0.149,0.25,0.0199,0.0146,2,0.951,0.5,mut-9ac759,1785321761.60003,True,
2026-08-13T09:15:45.588893+00:00,EURGBP,ranging,130,False,0.0097,4,0.194,0.5,0.01,0.028,3,1.139,0.667,mut-e402c5,1785433132.65746,True,
2026-08-13T09:15:50.338291+00:00,EURJPY,ranging,130,False,0.0,0,,,,0.0152,2,1.029,1.0,mut-a0b641,1786587126.9955804,True,
2026-08-13T09:15:55.134714+00:00,GBPJPY,ranging,130,False,-0.0297,3,-121.863,0.0,0.0297,0.0274,5,0.463,0.6,adapti-cd3243,1786553985.0193646,True,
2026-08-13T09:15:59.143799+00:00,XAUUSD,high_volatility,125,False,-0.0041,1,0.0,0.0,0.0,0.023,2,3.283,1.0,mut-aef8ad,1784888561.9697459,True,
2026-08-13T09:16:03.083962+00:00,USOIL,high_volatility,125,False,-0.0211,3,-1.705,0.0,0.0199,0.0203,2,2.087,1.0,mut-44fc90,1783821407.0754356,True,
2026-08-13T09:16:09.259199+00:00,BTCUSD,ranging,182,False,-0.0034,1,0.0,0.0,0.0,,,,,,,True,
2026-08-13T09:16:14.124736+00:00,ETHUSD,high_volatility,182,False,0.0,0,,,,0.0338,5,0.629,0.6,imm-7ac82e,1784277230.6638775,True,
2026-08-13T09:16:18.798839+00:00,SOLUSD,high_volatility,182,False,-0.0214,3,-1.792,0.0,0.0199,0.0223,4,0.53,0.75,mut-db8220,1785206756.6628072,True,
2026-08-13T09:16:23.369265+00:00,XRPUSD,high_volatility,182,False,0.0124,5,0.222,0.6,0.01,0.0376,5,0.738,0.8,mut-eb4a78,1785174380.1173518,True,
2026-08-13T09:16:29.243127+00:00,BNBUSD,high_volatility,182,False,-0.0043,1,0.0,0.0,0.0,0.0203,2,2.079,1.0,mut-167b4d,1785840212.5746226,True,
2026-08-13T09:16:33.648807+00:00,ADAUSD,high_volatility,182,False,-0.0151,4,-0.352,0.25,0.0199,0.0435,5,0.874,0.8,mut-a36803,1785235220.1110218,True,
2026-08-13T09:16:38.613062+00:00,SPX,trending_up,124,False,0.0114,1,0.0,1.0,0.0,0.0199,3,0.559,0.667,mut-8ec06d,1785926421.560454,True,
2026-08-13T09:16:43.673487+00:00,NASDAQ,high_volatility,124,False,0.0,0,,,,0.0211,4,0.503,0.75,imm-9a582c,1786153872.2105956,True,
2026-08-13T09:16:48.532596+00:00,DJI,trending_up,124,False,0.0125,2,0.71,0.5,0.0,0.0286,3,1.206,0.667,imm-f6a612,1786093449.0598,True,
2026-08-13T09:16:52.625597+00:00,RUT,trending_up,124,False,0.0064,1,0.0,1.0,0.0,0.017,2,1.316,1.0,mut-c12dc0,1786153881.8891637,True,
2026-08-13T09:16:56.687926+00:00,VIX,high_volatility,126,False,0.0044,1,0.0,1.0,0.0,0.0641,6,1.152,0.833,imm-48c3d1,1785840241.6769683,True,
2026-08-13T09:17:00.765448+00:00,FTSE,trending_up,126,False,0.0,0,,,,0.0298,3,1.353,0.667,mut-52b925,1786354054.6523268,True,
2026-08-13T09:17:05.080284+00:00,DAX,high_volatility,127,False,0.0,0,,,,0.0226,2,3.055,1.0,init-81e4e6,1786526194.1343882,True,
2026-08-13T09:17:09.237525+00:00,CAC40,trending_up,127,False,-0.0297,3,-121.863,0.0,0.0297,0.0285,2,19.534,1.0,mut-37f60a,1785984577.7157676,True,
2026-08-13T09:17:13.280274+00:00,NIKKEI,high_volatility,122,False,0.0001,3,0.002,0.333,0.01,0.0244,3,0.828,0.667,mut-c1d5a1,1783914987.901319,True,
2026-08-13T09:17:17.919890+00:00,HSI,trending_up,120,False,-0.0197,5,-0.405,0.2,0.0297,0.0191,4,0.443,0.5,mut-220ee6,1786354072.6067727,True,
2026-08-13T09:17:22.574287+00:00,SENSEX,ranging,122,False,-0.0277,4,-1.345,0.25,0.0297,0.001,3,0.03,0.333,mut-dddd39,1784038554.1117454,True,
2026-08-13T09:17:27.520557+00:00,ASX200,high_volatility,127,False,0.0,0,,,,,,,,,,True,
2026-08-13T09:17:32.459886+00:00,AAPL,high_volatility,124,False,-0.0013,4,-0.03,0.5,0.01,0.0131,5,0.233,0.6,mut-3c43e6,1785811782.91854,True,
2026-08-13T09:17:37.640451+00:00,MSFT,high_volatility,124,False,0.0264,6,0.388,0.667,0.0199,0.0534,6,0.914,0.833,mut-417f54,1785866030.0990324,True,
2026-08-13T09:17:42.551036+00:00,NVDA,high_volatility,124,False,-0.0099,2,-0.984,0.5,0.01,0.0225,2,3.025,1.0,mut-78d460,1785433250.8173203,True,
2026-08-13T09:17:46.881804+00:00,GOOGL,high_volatility,124,False,0.0,0,,,,0.0229,2,3.208,1.0,mut-bf5889,1784776571.9995205,True,
2026-08-13T09:17:50.972122+00:00,AMZN,high_volatility,124,False,0.0,0,,,,0.025,2,5.016,1.0,imm-5ecbb6,1784948103.51404,True,
2026-08-13T09:17:55.730716+00:00,META,high_volatility,124,False,-0.007,4,-0.173,0.25,0.0199,0.0199,3,0.559,0.667,mut-ceb411,1785926501.1619763,True,
2026-08-13T09:18:00.599736+00:00,TSLA,high_volatility,124,False,-0.0123,2,-1.607,0.0,0.01,0.0236,4,0.569,0.75,mut-842635,1783887921.345828,True,
2026-08-13T09:18:04.626387+00:00,BRKB,high_volatility,124,False,0.0199,4,0.463,0.5,0.01,0.0298,4,0.717,0.75,mut-555b97,1786071060.3954887,True,
2026-08-13T09:18:09.793084+00:00,LLY,high_volatility,124,False,0.0099,1,0.0,1.0,0.0,0.0385,5,0.756,0.8,mut-5648c7,1784363164.0287595,True,
2026-08-13T09:18:14.567692+00:00,V,ranging,124,False,0.0321,3,1.714,1.0,0.0,0.0321,3,1.714,1.0,mut-be4f45,1786587257.3985262,True,
2026-08-13T09:18:18.798975+00:00,JPM,high_volatility,124,False,0.0,0,,,,0.0389,3,4.262,1.0,mut-84b106,1785866071.6229672,True,
2026-08-13T16:58:42.556010+00:00,EURUSD,ranging,130,False,0.0049,2,0.193,0.5,0.01,0.0214,2,2.499,1.0,mut-9ac3c3,1784827527.8572602,True,
2026-08-13T16:58:46.851258+00:00,GBPUSD,ranging,130,False,-0.0159,2,-3.914,0.0,0.01,0.013,3,0.408,0.667,mut-5089ff,1785321738.3398762,True,
2026-08-13T16:58:52.086782+00:00,USDJPY,trending_down,130,False,0.0,0,,,,,,,,,,True,
2026-08-13T16:58:56.213709+00:00,AUDUSD,ranging,130,False,-0.0019,3,-0.058,0.333,0.01,0.0208,2,2.255,1.0,mut-56a4e2,1785345504.775803,True,
2026-08-13T16:59:00.505206+00:00,USDCAD,ranging,130,False,0.0138,3,0.429,0.667,0.01,0.0424,4,1.321,0.75,mut-fd7afd,1784124334.4320092,True,
2026-08-13T16:59:05.296742+00:00,USDCHF,ranging,130,False,0.0182,2,1.537,1.0,0.0,0.0293,2,44.593,1.0,imm-4fc33a,1784741046.2585468,True,
2026-08-13T16:59:10.065287+00:00,NZDUSD,ranging,130,False,-0.0196,3,-1.356,0.333,0.0199,0.0146,2,0.951,0.5,mut-9ac759,1785321761.60003,True,
2026-08-13T16:59:14.711019+00:00,EURGBP,ranging,130,False,0.0037,3,0.121,0.333,0.01,0.028,3,1.139,0.667,mut-e402c5,1785433132.65746,True,
2026-08-13T16:59:19.496424+00:00,EURJPY,ranging,130,True,0.0147,2,0.957,0.5,0.0,0.0147,2,0.957,0.5,mut-b7ed4f,1786640359.3595927,True,
2026-08-13T16:59:23.414580+00:00,GBPJPY,ranging,130,False,-0.0297,3,-121.863,0.0,0.0297,0.0274,5,0.463,0.6,adapti-cd3243,1786553985.0193646,True,
2026-08-13T16:59:27.819097+00:00,XAUUSD,high_volatility,125,False,-0.01,1,0.0,0.0,0.01,0.023,2,3.283,1.0,mut-aef8ad,1784888561.9697459,True,
2026-08-13T16:59:33.458736+00:00,USOIL,high_volatility,125,False,-0.0207,3,-1.588,0.0,0.0199,0.0203,2,2.087,1.0,mut-44fc90,1783821407.0754356,True,
2026-08-13T16:59:38.037813+00:00,BTCUSD,ranging,182,False,0.0,0,,,,,,,,,,True,
2026-08-13T16:59:42.716153+00:00,ETHUSD,high_volatility,182,False,0.0,0,,,,0.0338,5,0.629,0.6,imm-7ac82e,1784277230.6638775,True,
2026-08-13T16:59:47.277809+00:00,SOLUSD,high_volatility,182,False,-0.0209,3,-1.642,0.0,0.0199,0.0223,4,0.53,0.75,mut-db8220,1785206756.6628072,True,
2026-08-13T16:59:51.873411+00:00,XRPUSD,high_volatility,182,False,0.0131,5,0.236,0.6,0.01,0.0376,5,0.738,0.8,mut-eb4a78,1785174380.1173518,True,
2026-08-13T16:59:57.667632+00:00,BNBUSD,high_volatility,182,False,-0.0033,1,0.0,0.0,0.0,0.0203,2,2.079,1.0,mut-167b4d,1785840212.5746226,True,
2026-08-13T17:00:02.131385+00:00,ADAUSD,high_volatility,182,False,-0.025,3,-3.64,0.0,0.0199,0.0435,5,0.874,0.8,mut-a36803,1785235220.1110218,True,
2026-08-13T17:00:07.117179+00:00,SPX,high_volatility,125,False,0.0,0,,,,0.0082,1,0.0,1.0,imm-7bcae5,1786640406.2374578,True,
2026-08-13T17:00:12.177341+00:00,NASDAQ,high_volatility,122,False,0.0,0,,,,0.0211,4,0.503,0.75,imm-9a582c,1786153872.2105956,True,
2026-08-13T17:00:17.047176+00:00,DJI,trending_up,125,False,0.0121,2,0.677,0.5,0.0,0.0286,3,1.206,0.667,imm-f6a612,1786093449.0598,True,
2026-08-13T17:00:21.088601+00:00,RUT,trending_up,125,False,0.0054,1,0.0,1.0,0.0,0.017,2,1.316,1.0,mut-c12dc0,1786153881.8891637,True,
2026-08-13T17:00:25.855309+00:00,VIX,high_volatility,126,False,0.0,0,,,,0.0641,6,1.152,0.833,imm-48c3d1,1785840241.6769683,True,
2026-08-13T17:00:31.187413+00:00,FTSE,trending_up,126,False,-0.0077,2,-0.624,0.5,0.01,0.0298,3,1.353,0.667,mut-52b925,1786354054.6523268,True,
2026-08-13T17:00:35.343304+00:00,DAX,high_volatility,124,False,0.0,0,,,,0.0226,2,3.055,1.0,init-81e4e6,1786526194.1343882,True,
2026-08-13T17:00:39.493338+00:00,CAC40,trending_up,124,False,-0.0199,3,-1.414,0.0,0.0199,0.0285,2,19.534,1.0,mut-37f60a,1785984577.7157676,True,
2026-08-13T17:00:43.433487+00:00,NIKKEI,high_volatility,121,False,0.0052,2,0.208,0.5,0.0,0.0244,3,0.828,0.667,mut-c1d5a1,1783914987.901319,True,
2026-08-13T17:00:47.284809+00:00,HSI,trending_up,119,False,-0.0215,5,-0.442,0.2,0.0297,0.0191,4,0.443,0.5,mut-220ee6,1786354072.6067727,True,
2026-08-13T17:00:51.199076+00:00,SENSEX,ranging,122,False,-0.0037,1,0.0,0.0,0.0,0.001,3,0.03,0.333,mut-dddd39,1784038554.1117454,True,
2026-08-13T17:00:55.247911+00:00,ASX200,high_volatility,123,False,-0.0199,3,-1.414,0.0,0.0199,,,,,,,True,
2026-08-13T17:01:00.176645+00:00,AAPL,high_volatility,125,False,0.0,0,,,,0.0131,5,0.233,0.6,mut-3c43e6,1785811782.91854,True,
2026-08-13T17:01:05.484897+00:00,MSFT,high_volatility,125,False,0.0118,5,0.211,0.6,0.0199,0.0534,6,0.914,0.833,mut-417f54,1785866030.0990324,True,
2026-08-13T17:01:10.291276+00:00,NVDA,high_volatility,125,False,-0.0075,1,0.0,0.0,0.0,0.0225,2,3.025,1.0,mut-78d460,1785433250.8173203,True,
2026-08-13T17:01:14.500117+00:00,GOOGL,high_volatility,125,False,0.0,0,,,,0.0229,2,3.208,1.0,mut-bf5889,1784776571.9995205,True,
2026-08-13T17:01:19.277008+00:00,AMZN,high_volatility,125,False,-0.0145,2,-2.623,0.0,0.01,0.025,2,5.016,1.0,imm-5ecbb6,1784948103.51404,True,
2026-08-13T17:01:24.009355+00:00,META,high_volatility,125,False,-0.0199,2,-199.0,0.0,0.0199,0.0199,3,0.559,0.667,mut-ceb411,1785926501.1619763,True,
2026-08-13T17:01:28.104388+00:00,TSLA,high_volatility,125,False,-0.015,2,-3.006,0.0,0.01,0.0236,4,0.569,0.75,mut-842635,1783887921.345828,True,
2026-08-13T17:01:32.406563+00:00,BRKB,high_volatility,125,False,-0.0021,6,-0.032,0.333,0.0199,0.0298,4,0.717,0.75,mut-555b97,1786071060.3954887,True,
2026-08-13T17:01:36.660720+00:00,LLY,high_volatility,125,False,0.0102,1,0.0,1.0,0.0,0.0385,5,0.756,0.8,mut-5648c7,1784363164.0287595,True,
2026-08-13T17:01:40.700521+00:00,V,ranging,125,False,-0.0199,2,-199.0,0.0,0.0199,0.0321,3,1.714,1.0,mut-be4f45,1786587257.3985262,True,
2026-08-13T17:01:45.554238+00:00,JPM,high_volatility,125,False,0.0,0,,,,0.0389,3,4.262,1.0,mut-84b106,1785866071.6229672,True,
2026-08-14T02:09:40.045362+00:00,EURUSD,ranging,130,False,-0.0026,1,0.0,0.0,0.0,0.0214,2,2.499,1.0,mut-9ac3c3,1784827527.8572602,True,
2026-08-14T02:09:44.647592+00:00,GBPUSD,ranging,130,False,-0.0003,3,-0.009,0.333,0.01,0.013,3,0.408,0.667,mut-5089ff,1785321738.3398762,True,
2026-08-14T02:09:49.681870+00:00,USDJPY,trending_down,130,True,0.0018,9,0.017,0.444,0.0347,0.0018,9,0.017,0.444,mut-e4844f,1786673389.5541012,True,
2026-08-14T02:09:54.429049+00:00,AUDUSD,trending_up,130,False,-0.0165,2,-4.647,0.0,0.01,0.0009,5,0.014,0.4,mut-a28f7b,1783503809.986574,True,
2026-08-14T02:09:59.197819+00:00,USDCAD,ranging,130,False,-0.0159,5,-0.33,0.2,0.0199,0.0424,4,1.321,0.75,mut-fd7afd,1784124334.4320092,True,
2026-08-14T02:10:03.918741+00:00,USDCHF,ranging,130,False,0.0087,3,0.284,0.667,0.01,0.0293,2,44.593,1.0,imm-4fc33a,1784741046.2585468,True,
2026-08-14T02:10:08.682659+00:00,NZDUSD,ranging,130,False,0.0162,4,0.36,0.5,0.01,0.0146,2,0.951,0.5,mut-9ac759,1785321761.60003,True,
2026-08-14T02:10:13.404808+00:00,EURGBP,ranging,130,False,0.029,3,1.258,0.667,0.0,0.029,3,1.258,0.667,mut-4b7651,1786673412.645189,True,
2026-08-14T02:10:18.179267+00:00,EURJPY,ranging,130,False,-0.0329,6,-0.614,0.167,0.0394,0.0147,2,0.957,0.5,mut-b7ed4f,1786640359.3595927,True,
2026-08-14T02:10:22.141781+00:00,GBPJPY,ranging,130,False,0.0022,5,0.037,0.4,0.01,0.0274,5,0.463,0.6,adapti-cd3243,1786553985.0193646,True,
2026-08-14T02:10:26.048992+00:00,XAUUSD,ranging,126,False,-0.0018,1,0.0,0.0,0.0,0.024,3,0.794,0.667,mut-6bbcc8,1785727134.4109955,True,
2026-08-14T02:10:30.702049+00:00,USOIL,ranging,126,False,-0.012,2,-1.498,0.0,0.01,,,,,,,True,
2026-08-14T02:10:36.608700+00:00,BTCUSD,ranging,181,False,0.0,0,,,,,,,,,,True,
2026-08-14T02:10:41.029822+00:00,ETHUSD,high_volatility,181,False,0.0,0,,,,0.0338,5,0.629,0.6,imm-7ac82e,1784277230.6638775,True,
2026-08-14T02:10:45.965091+00:00,SOLUSD,high_volatility,181,False,-0.0213,3,-1.758,0.0,0.0199,0.0223,4,0.53,0.75,mut-db8220,1785206756.6628072,True,
2026-08-14T02:10:50.364252+00:00,XRPUSD,high_volatility,181,False,0.0113,5,0.203,0.6,0.01,0.0376,5,0.738,0.8,mut-eb4a78,1785174380.1173518,True,
2026-08-14T02:10:56.138403+00:00,BNBUSD,high_volatility,181,False,-0.0041,1,0.0,0.0,0.0,0.0203,2,2.079,1.0,mut-167b4d,1785840212.5746226,True,
2026-08-14T02:11:01.820926+00:00,ADAUSD,high_volatility,181,False,-0.0094,4,-0.23,0.25,0.01,0.0435,5,0.874,0.8,mut-a36803,1785235220.1110218,True,
2026-08-14T02:11:06.831174+00:00,SPX,high_volatility,124,False,0.0,0,,,,0.0082,1,0.0,1.0,imm-7bcae5,1786640406.2374578,True,
2026-08-14T02:11:11.694791+00:00,NASDAQ,high_volatility,121,False,0.0,0,,,,0.0211,4,0.503,0.75,imm-9a582c,1786153872.2105956,True,
2026-08-14T02:11:16.395266+00:00,DJI,trending_up,121,False,0.0029,3,0.093,0.333,0.01,0.0286,3,1.206,0.667,imm-f6a612,1786093449.0598,True,
2026-08-14T02:11:21.099641+00:00,RUT,trending_up,121,False,0.0,0,,,,0.017,2,1.316,1.0,mut-c12dc0,1786153881.8891637,True,
2026-08-14T02:11:25.202426+00:00,VIX,high_volatility,126,False,0.0,0,,,,0.0641,6,1.152,0.833,imm-48c3d1,1785840241.6769683,True,
2026-08-14T02:11:30.029133+00:00,FTSE,trending_up,126,False,-0.0176,3,-1.017,0.333,0.0199,0.0298,3,1.353,0.667,mut-52b925,1786354054.6523268,True,
2026-08-14T02:11:34.244836+00:00,DAX,high_volatility,127,False,0.0,0,,,,0.0226,2,3.055,1.0,init-81e4e6,1786526194.1343882,True,
2026-08-14T02:11:39.056545+00:00,CAC40,trending_up,123,False,-0.0147,5,-0.306,0.4,0.0297,0.0285,2,19.534,1.0,mut-37f60a,1785984577.7157676,True,
2026-08-14T02:11:43.028642+00:00,NIKKEI,high_volatility,122,False,-0.0213,3,-1.773,0.0,0.0199,0.0244,3,0.828,0.667,mut-c1d5a1,1783914987.901319,True,
2026-08-14T02:11:47.083436+00:00,HSI,ranging,120,False,-0.0209,5,-0.429,0.2,0.0297,,,,,,,True,
2026-08-14T02:11:51.386053+00:00,SENSEX,ranging,122,False,-0.0269,4,-1.219,0.25,0.0297,0.001,3,0.03,0.333,mut-dddd39,1784038554.1117454,True,
2026-08-14T02:11:55.558297+00:00,ASX200,high_volatility,123,False,-0.0031,3,-0.092,0.333,0.01,,,,,,,True,
2026-08-14T02:12:00.413486+00:00,AAPL,high_volatility,124,False,-0.0031,4,-0.076,0.5,0.01,0.0131,5,0.233,0.6,mut-3c43e6,1785811782.91854,True,
2026-08-14T02:12:04.813795+00:00,MSFT,high_volatility,124,False,0.0381,5,0.757,0.8,0.01,0.0534,6,0.914,0.833,mut-417f54,1785866030.0990324,True,
2026-08-14T02:12:09.573209+00:00,NVDA,high_volatility,124,False,-0.0312,5,-0.866,0.2,0.0394,0.0225,2,3.025,1.0,mut-78d460,1785433250.8173203,True,
2026-08-14T02:12:13.774767+00:00,GOOGL,high_volatility,124,False,-0.0499,6,-2.512,0.0,0.049,0.0229,2,3.208,1.0,mut-bf5889,1784776571.9995205,True,
2026-08-14T02:12:18.549288+00:00,AMZN,high_volatility,124,False,-0.0146,2,-2.698,0.0,0.01,0.025,2,5.016,1.0,imm-5ecbb6,1784948103.51404,True,
2026-08-14T02:12:22.570867+00:00,META,high_volatility,124,False,0.0055,3,0.18,0.667,0.01,0.0199,3,0.559,0.667,mut-ceb411,1785926501.1619763,True,
2026-08-14T02:12:27.336796+00:00,TSLA,high_volatility,124,False,-0.016,2,-4.045,0.0,0.01,0.0236,4,0.569,0.75,mut-842635,1783887921.345828,True,
2026-08-14T02:12:31.446302+00:00,BRKB,high_volatility,124,False,0.0,0,,,,0.0298,4,0.717,0.75,mut-555b97,1786071060.3954887,True,
2026-08-14T02:12:36.369051+00:00,LLY,high_volatility,125,False,0.0091,1,0.0,1.0,0.0,0.0385,5,0.756,0.8,mut-5648c7,1784363164.0287595,True,
2026-08-14T02:12:40.535331+00:00,V,trending_up,124,False,0.0181,4,0.417,0.5,0.01,0.0391,5,0.784,0.8,mut-1b8e6f,1785174490.8748248,True,
2026-08-14T02:12:45.454931+00:00,JPM,high_volatility,124,False,-0.0094,3,-0.324,0.333,0.0199,0.0389,3,4.262,1.0,mut-84b106,1785866071.6229672,True,
2026-08-14T09:10:18.266308+00:00,EURUSD,ranging,130,False,-0.0043,1,0.0,0.0,0.0,0.0214,2,2.499,1.0,mut-9ac3c3,1784827527.8572602,True,
2026-08-14T09:10:22.906995+00:00,GBPUSD,ranging,130,False,-0.002,3,-0.061,0.333,0.01,0.013,3,0.408,0.667,mut-5089ff,1785321738.3398762,True,
2026-08-14T09:10:26.765442+00:00,USDJPY,trending_down,130,False,0.0006,9,0.006,0.444,0.0347,0.0018,9,0.017,0.444,mut-e4844f,1786673389.5541012,True,
2026-08-14T09:10:31.496134+00:00,AUDUSD,trending_up,130,False,-0.018,2,-8.921,0.0,0.01,0.0009,5,0.014,0.4,mut-a28f7b,1783503809.986574,True,
2026-08-14T09:10:36.237790+00:00,USDCAD,ranging,130,False,0.017,3,0.504,0.667,0.01,0.0424,4,1.321,0.75,mut-fd7afd,1784124334.4320092,True,
2026-08-14T09:10:40.917782+00:00,USDCHF,ranging,130,False,0.0189,2,1.698,1.0,0.0,0.0293,2,44.593,1.0,imm-4fc33a,1784741046.2585468,True,
2026-08-14T09:10:45.702373+00:00,NZDUSD,ranging,130,False,0.018,4,0.412,0.5,0.01,0.0146,2,0.951,0.5,mut-9ac759,1785321761.60003,True,
2026-08-14T09:10:50.293769+00:00,EURGBP,ranging,130,False,0.0,0,,,,0.029,3,1.258,0.667,mut-4b7651,1786673412.645189,True,
2026-08-14T09:10:55.038115+00:00,EURJPY,ranging,130,False,-0.0328,6,-0.612,0.167,0.0394,0.0147,2,0.957,0.5,mut-b7ed4f,1786640359.3595927,True,
2026-08-14T09:10:59.067158+00:00,GBPJPY,ranging,130,False,-0.0371,4,-8.708,0.0,0.0297,0.0274,5,0.463,0.6,adapti-cd3243,1786553985.0193646,True,
2026-08-14T09:11:03.790436+00:00,XAUUSD,high_volatility,125,False,-0.0055,4,-0.137,0.25,0.0199,0.023,2,3.283,1.0,mut-aef8ad,1784888561.9697459,True,
2026-08-14T09:11:08.351738+00:00,USOIL,high_volatility,125,False,-0.0101,2,-1.028,0.0,0.01,0.0203,2,2.087,1.0,mut-44fc90,1783821407.0754356,True,
2026-08-14T09:11:13.340966+00:00,BTCUSD,ranging,182,False,0.0,0,,,,,,,,,,True,
2026-08-14T09:11:17.909495+00:00,ETHUSD,high_volatility,181,False,0.0,0,,,,0.0338,5,0.629,0.6,imm-7ac82e,1784277230.6638775,True,
2026-08-14T09:11:22.279874+00:00,SOLUSD,high_volatility,182,False,-0.0113,2,-1.305,0.0,0.01,0.0223,4,0.53,0.75,mut-db8220,1785206756.6628072,True,
2026-08-14T09:11:28.160373+00:00,XRPUSD,high_volatility,182,False,0.0084,3,0.275,0.667,0.01,0.0376,5,0.738,0.8,mut-eb4a78,1785174380.1173518,True,
2026-08-14T09:11:32.614889+00:00,BNBUSD,high_volatility,182,False,-0.0005,1,0.0,0.0,0.0,0.0203,2,2.079,1.0,mut-167b4d,1785840212.5746226,True,
2026-08-14T09:11:38.373034+00:00,ADAUSD,high_volatility,181,False,0.0137,4,0.294,0.5,0.01,0.0435,5,0.874,0.8,mut-a36803,1785235220.1110218,True,
2026-08-14T09:11:43.332495+00:00,SPX,high_volatility,124,False,0.0,0,,,,0.0082,1,0.0,1.0,imm-7bcae5,1786640406.2374578,True,
2026-08-14T09:11:48.304499+00:00,NASDAQ,high_volatility,121,False,0.0,0,,,,0.0211,4,0.503,0.75,imm-9a582c,1786153872.2105956,True,
2026-08-14T09:11:53.101069+00:00,DJI,trending_up,124,False,0.013,2,0.766,0.5,0.0,0.0286,3,1.206,0.667,imm-f6a612,1786093449.0598,True,
2026-08-14T09:11:57.808700+00:00,RUT,trending_up,124,False,-0.0055,1,0.0,0.0,0.0,0.017,2,1.316,1.0,mut-c12dc0,1786153881.8891637,True,
2026-08-14T09:12:02.487093+00:00,VIX,high_volatility,126,False,0.0022,1,0.0,1.0,0.0,0.0641,6,1.152,0.833,imm-48c3d1,1785840241.6769683,True,
2026-08-14T09:12:07.463394+00:00,FTSE,trending_up,126,False,-0.0154,3,-0.753,0.333,0.0199,0.0298,3,1.353,0.667,mut-52b925,1786354054.6523268,True,
2026-08-14T09:12:12.363356+00:00,DAX,high_volatility,127,False,0.0223,2,2.896,1.0,0.0,0.0226,2,3.055,1.0,init-81e4e6,1786526194.1343882,True,
2026-08-14T09:12:16.593788+00:00,CAC40,trending_up,127,False,0.0085,1,0.0,1.0,0.0,0.0285,2,19.534,1.0,mut-37f60a,1785984577.7157676,True,
2026-08-14T09:12:20.624185+00:00,NIKKEI,high_volatility,122,False,-0.0188,3,-1.205,0.333,0.0199,0.0244,3,0.828,0.667,mut-c1d5a1,1783914987.901319,True,
2026-08-14T09:12:24.535528+00:00,HSI,ranging,120,False,-0.0151,4,-0.349,0.25,0.0297,,,,,,,True,
2026-08-14T09:12:29.108244+00:00,SENSEX,ranging,122,False,-0.0199,2,-199.0,0.0,0.0199,0.001,3,0.03,0.333,mut-dddd39,1784038554.1117454,True,
2026-08-14T09:12:33.140244+00:00,ASX200,trending_up,127,False,-0.0163,2,-4.456,0.0,0.01,0.0041,3,0.133,0.333,mut-8859ed,1786413523.46849,True,
2026-08-14T09:12:38.043861+00:00,AAPL,high_volatility,124,False,-0.0031,4,-0.076,0.5,0.01,0.0131,5,0.233,0.6,mut-3c43e6,1785811782.91854,True,
2026-08-14T09:12:42.226782+00:00,MSFT,high_volatility,124,False,0.0126,5,0.224,0.6,0.0199,0.0534,6,0.914,0.833,mut-417f54,1785866030.0990324,True,
2026-08-14T09:12:47.054826+00:00,NVDA,high_volatility,124,False,-0.0312,5,-0.866,0.2,0.0394,0.0225,2,3.025,1.0,mut-78d460,1785433250.8173203,True,
2026-08-14T09:12:51.245222+00:00,GOOGL,high_volatility,124,False,-0.0499,6,-2.512,0.0,0.049,0.0229,2,3.208,1.0,mut-bf5889,1784776571.9995205,True,
2026-08-14T09:12:55.961039+00:00,AMZN,high_volatility,124,False,-0.0164,2,-4.593,0.0,0.01,0.025,2,5.016,1.0,imm-5ecbb6,1784948103.51404,True,
2026-08-14T09:13:00.772282+00:00,META,high_volatility,124,False,-0.0088,4,-0.217,0.25,0.01,0.0199,3,0.559,0.667,mut-ceb411,1785926501.1619763,True,
2026-08-14T09:13:05.715612+00:00,TSLA,high_volatility,124,False,0.0,0,,,,0.0236,4,0.569,0.75,mut-842635,1783887921.345828,True,
2026-08-14T09:13:09.766525+00:00,BRKB,high_volatility,124,False,0.0,0,,,,0.0298,4,0.717,0.75,mut-555b97,1786071060.3954887,True,
2026-08-14T09:13:13.931895+00:00,LLY,high_volatility,125,False,-0.0304,4,-1.906,0.0,0.0297,0.0385,5,0.756,0.8,mut-5648c7,1784363164.0287595,True,
2026-08-14T09:13:17.904274+00:00,V,trending_up,124,False,-0.01,1,0.0,0.0,0.01,0.0391,5,0.784,0.8,mut-1b8e6f,1785174490.8748248,True,
2026-08-14T09:13:22.771647+00:00,JPM,high_volatility,124,False,-0.0094,3,-0.324,0.333,0.0199,0.0389,3,4.262,1.0,mut-84b106,1785866071.6229672,True,
2026-08-14T16:56:23.975425+00:00,EURUSD,ranging,130,False,-0.0056,1,0.0,0.0,0.0,0.0214,2,2.499,1.0,mut-9ac3c3,1784827527.8572602,True,
2026-08-14T16:56:28.657651+00:00,GBPUSD,ranging,130,False,0.0,0,,,,0.013,3,0.408,0.667,mut-5089ff,1785321738.3398762,True,
2026-08-14T16:56:33.418808+00:00,USDJPY,trending_down,130,False,0.0015,9,0.014,0.444,0.0347,0.0018,9,0.017,0.444,mut-e4844f,1786673389.5541012,True,
2026-08-14T16:56:38.276764+00:00,AUDUSD,trending_up,130,False,-0.0199,3,-1.414,0.0,0.0199,0.0009,5,0.014,0.4,mut-a28f7b,1783503809.986574,True,
2026-08-14T16:56:42.507397+00:00,USDCAD,trending_down,130,True,0.0185,3,0.534,0.667,0.01,0.0185,3,0.534,0.667,mut-4a9d7a,1786726602.3812447,True,
2026-08-14T16:56:47.283443+00:00,USDCHF,ranging,130,False,0.0074,3,0.243,0.667,0.01,0.0293,2,44.593,1.0,imm-4fc33a,1784741046.2585468,True,
2026-08-14T16:56:52.081381+00:00,NZDUSD,ranging,130,False,-0.0095,4,-0.231,0.25,0.0199,0.0146,2,0.951,0.5,mut-9ac759,1785321761.60003,True,
2026-08-14T16:56:56.782645+00:00,EURGBP,ranging,130,False,0.0297,3,1.337,0.667,0.0,0.0297,3,1.337,0.667,mut-5388b6,1786726615.9913101,True,
2026-08-14T16:57:01.629899+00:00,EURJPY,ranging,130,False,-0.0347,7,-0.577,0.143,0.0394,0.0147,2,0.957,0.5,mut-b7ed4f,1786640359.3595927,True,
2026-08-14T16:57:05.765586+00:00,GBPJPY,ranging,130,False,0.0,0,,,,0.0274,5,0.463,0.6,adapti-cd3243,1786553985.0193646,True,
2026-08-14T16:57:10.600399+00:00,XAUUSD,high_volatility,125,False,-0.0042,1,0.0,0.0,0.0,0.023,2,3.283,1.0,mut-aef8ad,1784888561.9697459,True,
2026-08-14T16:57:15.523392+00:00,USOIL,high_volatility,125,False,-0.0108,2,-1.178,0.0,0.01,0.0203,2,2.087,1.0,mut-44fc90,1783821407.0754356,True,
2026-08-14T16:57:20.480009+00:00,BTCUSD,ranging,182,False,0.0,0,,,,,,,,,,True,
2026-08-14T16:57:26.528606+00:00,ETHUSD,high_volatility,182,False,0.0,0,,,,0.0338,5,0.629,0.6,imm-7ac82e,1784277230.6638775,True,
2026-08-14T16:57:32.391706+00:00,SOLUSD,high_volatility,182,False,-0.0109,2,-1.187,0.0,0.01,0.0223,4,0.53,0.75,mut-db8220,1785206756.6628072,True,
2026-08-14T16:57:36.957242+00:00,XRPUSD,high_volatility,182,False,0.002,2,0.091,0.5,0.01,0.0376,5,0.738,0.8,mut-eb4a78,1785174380.1173518,True,
2026-08-14T16:57:42.917643+00:00,BNBUSD,high_volatility,182,False,-0.0125,3,-0.512,0.333,0.0199,0.0203,2,2.079,1.0,mut-167b4d,1785840212.5746226,True,
2026-08-14T16:57:48.828724+00:00,ADAUSD,high_volatility,182,False,-0.0114,4,-0.275,0.25,0.01,0.0435,5,0.874,0.8,mut-a36803,1785235220.1110218,True,
2026-08-14T16:57:53.896396+00:00,SPX,high_volatility,122,False,0.0,0,,,,0.0082,1,0.0,1.0,imm-7bcae5,1786640406.2374578,True,
2026-08-14T16:57:58.934483+00:00,NASDAQ,high_volatility,122,False,0.0,0,,,,0.0211,4,0.503,0.75,imm-9a582c,1786153872.2105956,True,
2026-08-14T16:58:03.810430+00:00,DJI,trending_up,122,False,0.0119,2,0.653,0.5,0.0,0.0286,3,1.206,0.667,imm-f6a612,1786093449.0598,True,
2026-08-14T16:58:07.937167+00:00,RUT,trending_up,122,False,0.0075,1,0.0,1.0,0.0,0.017,2,1.316,1.0,mut-c12dc0,1786153881.8891637,True,
2026-08-14T16:58:12.629993+00:00,VIX,high_volatility,123,False,-0.0082,1,0.0,0.0,0.0,0.0641,6,1.152,0.833,imm-48c3d1,1785840241.6769683,True,
2026-08-14T16:58:17.694322+00:00,FTSE,trending_up,123,False,-0.0147,3,-0.686,0.333,0.0199,0.0298,3,1.353,0.667,mut-52b925,1786354054.6523268,True,
2026-08-14T16:58:22.566195+00:00,DAX,high_volatility,124,False,0.0021,4,0.049,0.5,0.0199,0.0226,2,3.055,1.0,init-81e4e6,1786526194.1343882,True,
2026-08-14T16:58:26.683306+00:00,CAC40,trending_up,124,False,0.0116,2,0.626,0.5,0.0,0.0285,2,19.534,1.0,mut-37f60a,1785984577.7157676,True,
2026-08-14T16:58:31.439621+00:00,NIKKEI,high_volatility,118,False,-0.0297,3,-121.863,0.0,0.0297,0.0244,3,0.828,0.667,mut-c1d5a1,1783914987.901319,True,
2026-08-14T16:58:35.414562+00:00,HSI,trending_up,116,False,-0.0045,6,-0.066,0.333,0.0297,0.0191,4,0.443,0.5,mut-220ee6,1786354072.6067727,True,
2026-08-14T16:58:40.132730+00:00,SENSEX,trending_up,119,False,-0.0278,4,-1.355,0.25,0.0297,0.0073,3,0.239,0.667,pullba-2843bc,1786013070.0283835,True,
2026-08-14T16:58:44.301949+00:00,ASX200,high_volatility,123,True,0.0002,3,0.006,0.333,0.01,0.0002,3,0.006,0.333,mut-a55bdc,1786726724.1566548,True,
2026-08-14T16:58:48.547525+00:00,AAPL,high_volatility,125,False,0.0,0,,,,0.0131,5,0.233,0.6,mut-3c43e6,1785811782.91854,True,
2026-08-14T16:58:52.746528+00:00,MSFT,high_volatility,125,False,0.0276,6,0.409,0.667,0.0199,0.0534,6,0.914,0.833,mut-417f54,1785866030.0990324,True,
2026-08-14T16:58:57.665795+00:00,NVDA,high_volatility,125,False,-0.0261,4,-1.11,0.25,0.0297,0.0225,2,3.025,1.0,mut-78d460,1785433250.8173203,True,
2026-08-14T16:59:01.974291+00:00,GOOGL,high_volatility,125,False,-0.0494,6,-2.332,0.0,0.049,0.0229,2,3.208,1.0,mut-bf5889,1784776571.9995205,True,
2026-08-14T16:59:06.817369+00:00,AMZN,high_volatility,125,False,-0.0548,6,-6.037,0.0,0.049,0.025,2,5.016,1.0,imm-5ecbb6,1784948103.51404,True,
2026-08-14T16:59:11.837371+00:00,META,high_volatility,125,False,-0.0081,4,-0.198,0.25,0.01,0.0199,3,0.559,0.667,mut-ceb411,1785926501.1619763,True,
2026-08-14T16:59:16.835352+00:00,TSLA,high_volatility,125,False,-0.0156,2,-3.543,0.0,0.01,0.0236,4,0.569,0.75,mut-842635,1783887921.345828,True,
2026-08-14T16:59:20.918724+00:00,BRKB,high_volatility,125,False,0.0,0,,,,0.0298,4,0.717,0.75,mut-555b97,1786071060.3954887,True,
2026-08-14T16:59:25.915849+00:00,LLY,high_volatility,125,False,0.0,0,,,,0.0385,5,0.756,0.8,mut-5648c7,1784363164.0287595,True,
2026-08-14T16:59:30.105179+00:00,V,trending_up,125,False,-0.01,1,0.0,0.0,0.01,0.0391,5,0.784,0.8,mut-1b8e6f,1785174490.8748248,True,
2026-08-14T16:59:35.022105+00:00,JPM,trending_up,125,False,-0.0199,2,-199.0,0.0,0.0199,0.0398,3,5.096,1.0,mut-44cc85,1784776603.1924407,True,
2026-08-15T01:22:57.939632+00:00,EURUSD,ranging,130,False,-0.0054,1,0.0,0.0,0.0,0.0214,2,2.499,1.0,mut-9ac3c3,1784827527.8572602,True,
2026-08-15T01:23:02.517715+00:00,GBPUSD,ranging,130,False,-0.0028,3,-0.081,0.333,0.01,0.013,3,0.408,0.667,mut-5089ff,1785321738.3398762,True,
2026-08-15T01:23:07.698895+00:00,USDJPY,trending_down,131,False,0.0,0,,,,0.0018,9,0.017,0.444,mut-e4844f,1786673389.5541012,True,
2026-08-15T01:23:12.368524+00:00,AUDUSD,trending_up,130,False,0.0,0,,,,0.0009,5,0.014,0.4,mut-a28f7b,1783503809.986574,True,
2026-08-15T01:23:17.252536+00:00,USDCAD,trending_down,131,False,0.0186,3,0.535,0.667,0.01,0.0186,3,0.535,0.667,mut-c1a474,1786756996.29005,True,
2026-08-15T01:23:21.908599+00:00,USDCHF,ranging,131,False,0.0187,2,1.656,1.0,0.0,0.0293,2,44.593,1.0,imm-4fc33a,1784741046.2585468,True,
2026-08-15T01:23:26.621060+00:00,NZDUSD,ranging,130,False,-0.0097,4,-0.236,0.25,0.0199,0.0146,2,0.951,0.5,mut-9ac759,1785321761.60003,True,
2026-08-15T01:23:31.228508+00:00,EURGBP,ranging,130,False,0.0294,3,1.306,0.667,0.0,0.0297,3,1.337,0.667,mut-5388b6,1786726615.9913101,True,
2026-08-15T01:23:35.910983+00:00,EURJPY,ranging,130,False,-0.0413,5,-2.6,0.0,0.0394,0.0147,2,0.957,0.5,mut-b7ed4f,1786640359.3595927,True,
2026-08-15T01:23:40.769337+00:00,GBPJPY,ranging,130,False,-0.0242,5,-0.498,0.2,0.0297,0.0274,5,0.463,0.6,adapti-cd3243,1786553985.0193646,True,
2026-08-15T01:23:44.700619+00:00,XAUUSD,high_volatility,125,False,0.0065,3,0.211,0.667,0.01,0.023,2,3.283,1.0,mut-aef8ad,1784888561.9697459,True,
2026-08-15T01:23:49.238892+00:00,USOIL,high_volatility,125,False,-0.0233,3,-2.502,0.0,0.0199,0.0203,2,2.087,1.0,mut-44fc90,1783821407.0754356,True,
2026-08-15T01:23:55.188573+00:00,BTCUSD,ranging,181,False,0.0,0,,,,,,,,,,True,
2026-08-15T01:24:00.899431+00:00,ETHUSD,high_volatility,181,False,-0.0123,2,-1.61,0.0,0.01,0.0338,5,0.629,0.6,imm-7ac82e,1784277230.6638775,True,
2026-08-15T01:24:05.417376+00:00,SOLUSD,high_volatility,181,False,-0.0078,2,-0.642,0.5,0.01,0.0223,4,0.53,0.75,mut-db8220,1785206756.6628072,True,
2026-08-15T01:24:11.189835+00:00,XRPUSD,high_volatility,181,False,0.0021,2,0.095,0.5,0.01,0.0376,5,0.738,0.8,mut-eb4a78,1785174380.1173518,True,
2026-08-15T01:24:16.859461+00:00,BNBUSD,high_volatility,181,False,-0.0005,1,0.0,0.0,0.0,0.0203,2,2.079,1.0,mut-167b4d,1785840212.5746226,True,
2026-08-15T01:24:22.488637+00:00,ADAUSD,high_volatility,181,False,-0.0113,4,-0.273,0.25,0.01,0.0435,5,0.874,0.8,mut-a36803,1785235220.1110218,True,
2026-08-15T01:24:27.521353+00:00,SPX,high_volatility,125,False,0.0,0,,,,0.0082,1,0.0,1.0,imm-7bcae5,1786640406.2374578,True,
2026-08-15T01:24:32.443310+00:00,NASDAQ,high_volatility,125,False,0.0,0,,,,0.0211,4,0.503,0.75,imm-9a582c,1786153872.2105956,True,
2026-08-15T01:24:37.247090+00:00,DJI,trending_up,125,False,0.0145,2,0.939,0.5,0.0,0.0286,3,1.206,0.667,imm-f6a612,1786093449.0598,True,
2026-08-15T01:24:41.175721+00:00,RUT,trending_up,125,False,0.0,0,,,,0.017,2,1.316,1.0,mut-c12dc0,1786153881.8891637,True,
2026-08-15T01:24:45.812993+00:00,VIX,high_volatility,126,False,0.0027,1,0.0,1.0,0.0,0.0641,6,1.152,0.833,imm-48c3d1,1785840241.6769683,True,
2026-08-15T01:24:49.810405+00:00,FTSE,trending_up,125,False,-0.0164,3,-0.858,0.333,0.0199,0.0298,3,1.353,0.667,mut-52b925,1786354054.6523268,True,
2026-08-15T01:24:54.648276+00:00,DAX,high_volatility,126,False,0.0199,2,1.958,1.0,0.0,0.0226,2,3.055,1.0,init-81e4e6,1786526194.1343882,True,
2026-08-15T01:24:59.585859+00:00,CAC40,trending_up,126,False,-0.0297,3,-121.863,0.0,0.0297,0.0285,2,19.534,1.0,mut-37f60a,1785984577.7157676,True,
2026-08-15T01:25:04.278659+00:00,NIKKEI,high_volatility,121,False,-0.0199,2,-199.0,0.0,0.0199,0.0244,3,0.828,0.667,mut-c1d5a1,1783914987.901319,True,
2026-08-15T01:25:08.872686+00:00,HSI,trending_up,119,False,-0.022,5,-0.451,0.2,0.0297,0.0191,4,0.443,0.5,mut-220ee6,1786354072.6067727,True,
2026-08-15T01:25:12.791258+00:00,SENSEX,ranging,121,False,-0.0292,4,-1.613,0.25,0.0297,0.001,3,0.03,0.333,mut-dddd39,1784038554.1117454,True,
2026-08-15T01:25:17.549150+00:00,ASX200,high_volatility,126,False,-0.01,1,0.0,0.0,0.01,0.0002,3,0.006,0.333,mut-a55bdc,1786726724.1566548,True,
2026-08-15T01:25:22.466194+00:00,AAPL,high_volatility,125,False,0.0013,6,0.02,0.5,0.0199,0.0131,5,0.233,0.6,mut-3c43e6,1785811782.91854,True,
2026-08-15T01:25:27.522995+00:00,MSFT,high_volatility,125,False,0.0377,5,0.745,0.8,0.01,0.0534,6,0.914,0.833,mut-417f54,1785866030.0990324,True,
2026-08-15T01:25:32.451139+00:00,NVDA,high_volatility,125,False,-0.0213,6,-0.37,0.333,0.025,0.0225,2,3.025,1.0,mut-78d460,1785433250.8173203,True,
2026-08-15T01:25:36.651611+00:00,GOOGL,high_volatility,125,False,0.0,0,,,,0.0229,2,3.208,1.0,mut-bf5889,1784776571.9995205,True,
2026-08-15T01:25:41.389985+00:00,AMZN,high_volatility,125,False,-0.0551,6,-6.645,0.0,0.049,0.025,2,5.016,1.0,imm-5ecbb6,1784948103.51404,True,
2026-08-15T01:25:45.421610+00:00,META,high_volatility,125,False,-0.0077,4,-0.189,0.25,0.01,0.0199,3,0.559,0.667,mut-ceb411,1785926501.1619763,True,
2026-08-15T01:25:50.252295+00:00,TSLA,high_volatility,125,False,-0.0167,2,-5.103,0.0,0.01,0.0236,4,0.569,0.75,mut-842635,1783887921.345828,True,
2026-08-15T01:25:54.349806+00:00,BRKB,high_volatility,125,False,0.0,0,,,,0.0298,4,0.717,0.75,mut-555b97,1786071060.3954887,True,
2026-08-15T01:25:59.263054+00:00,LLY,high_volatility,125,False,0.0082,3,0.265,0.667,0.01,0.0385,5,0.756,0.8,mut-5648c7,1784363164.0287595,True,
2026-08-15T01:26:03.322302+00:00,V,trending_up,125,False,-0.01,1,0.0,0.0,0.01,0.0391,5,0.784,0.8,mut-1b8e6f,1785174490.8748248,True,
2026-08-15T01:26:07.476635+00:00,JPM,trending_up,125,False,0.003,3,0.097,0.333,0.01,0.0398,3,5.096,1.0,mut-44cc85,1784776603.1924407,True,
2026-08-15T08:32:18.433290+00:00,EURUSD,ranging,130,False,-0.0054,1,0.0,0.0,0.0,0.0214,2,2.499,1.0,mut-9ac3c3,1784827527.8572602,True,
2026-08-15T08:32:22.734642+00:00,GBPUSD,ranging,130,False,0.0,0,,,,0.013,3,0.408,0.667,mut-5089ff,1785321738.3398762,True,
2026-08-15T08:32:27.258147+00:00,USDJPY,trending_down,131,False,0.0013,9,0.012,0.444,0.0347,0.0018,9,0.017,0.444,mut-e4844f,1786673389.5541012,True,
2026-08-15T08:32:31.073411+00:00,AUDUSD,trending_up,131,False,-0.0177,3,-1.023,0.333,0.0199,0.0009,5,0.014,0.4,mut-a28f7b,1783503809.986574,True,
2026-08-15T08:32:35.514471+00:00,USDCAD,trending_down,131,False,0.0186,3,0.535,0.667,0.01,0.0186,3,0.535,0.667,mut-c1a474,1786756996.29005,True,
2026-08-15T08:32:39.817822+00:00,USDCHF,ranging,131,False,0.0187,2,1.656,1.0,0.0,0.0293,2,44.593,1.0,imm-4fc33a,1784741046.2585468,True,
2026-08-15T08:32:44.350740+00:00,NZDUSD,ranging,131,False,-0.0097,4,-0.236,0.25,0.0199,0.0146,2,0.951,0.5,mut-9ac759,1785321761.60003,True,
2026-08-15T08:32:48.635435+00:00,EURGBP,ranging,130,False,0.0294,3,1.306,0.667,0.0,0.0297,3,1.337,0.667,mut-5388b6,1786726615.9913101,True,
2026-08-15T08:32:52.925605+00:00,EURJPY,ranging,130,False,-0.0347,7,-0.577,0.143,0.0394,0.0147,2,0.957,0.5,mut-b7ed4f,1786640359.3595927,True,
2026-08-15T08:32:57.443365+00:00,GBPJPY,ranging,131,False,-0.0382,4,-15.276,0.0,0.0297,0.0274,5,0.463,0.6,adapti-cd3243,1786553985.0193646,True,
2026-08-15T08:33:01.871022+00:00,XAUUSD,high_volatility,125,False,-0.0072,4,-0.179,0.25,0.0199,0.023,2,3.283,1.0,mut-aef8ad,1784888561.9697459,True,
2026-08-15T08:33:06.258474+00:00,USOIL,high_volatility,125,False,-0.0165,3,-0.877,0.333,0.0199,0.0203,2,2.087,1.0,mut-44fc90,1783821407.0754356,True,
2026-08-15T08:33:10.564314+00:00,BTCUSD,ranging,182,False,0.001,1,0.0,1.0,0.0,,,,,,,True,
2026-08-15T08:33:15.959547+00:00,ETHUSD,high_volatility,182,False,-0.0107,2,-1.158,0.0,0.01,0.0338,5,0.629,0.6,imm-7ac82e,1784277230.6638775,True,
2026-08-15T08:33:20.072502+00:00,SOLUSD,high_volatility,182,False,-0.0104,2,-1.087,0.0,0.01,0.0223,4,0.53,0.75,mut-db8220,1785206756.6628072,True,
2026-08-15T08:33:24.362755+00:00,XRPUSD,high_volatility,182,False,0.0021,2,0.097,0.5,0.01,0.0376,5,0.738,0.8,mut-eb4a78,1785174380.1173518,True,
2026-08-15T08:33:28.471311+00:00,BNBUSD,high_volatility,182,False,-0.0014,1,0.0,0.0,0.0,0.0203,2,2.079,1.0,mut-167b4d,1785840212.5746226,True,
2026-08-15T08:33:33.572411+00:00,ADAUSD,high_volatility,182,False,-0.0297,3,-121.863,0.0,0.0297,0.0435,5,0.874,0.8,mut-a36803,1785235220.1110218,True,
2026-08-15T08:33:38.214326+00:00,SPX,high_volatility,125,False,0.0,0,,,,0.0082,1,0.0,1.0,imm-7bcae5,1786640406.2374578,True,
2026-08-15T08:33:42.724417+00:00,NASDAQ,high_volatility,125,False,0.0,0,,,,0.0211,4,0.503,0.75,imm-9a582c,1786153872.2105956,True,
2026-08-15T08:33:47.245499+00:00,DJI,trending_up,125,False,0.0104,2,0.53,0.5,0.0,0.0286,3,1.206,0.667,imm-f6a612,1786093449.0598,True,
2026-08-15T08:33:51.510937+00:00,RUT,trending_up,125,False,0.0082,1,0.0,1.0,0.0,0.017,2,1.316,1.0,mut-c12dc0,1786153881.8891637,True,
2026-08-15T08:33:55.289638+00:00,VIX,high_volatility,126,False,0.0068,1,0.0,1.0,0.0,0.0641,6,1.152,0.833,imm-48c3d1,1785840241.6769683,True,
2026-08-15T08:33:59.729918+00:00,FTSE,trending_up,126,False,-0.0113,2,-1.309,0.0,0.01,0.0298,3,1.353,0.667,mut-52b925,1786354054.6523268,True,
2026-08-15T08:34:04.171245+00:00,DAX,high_volatility,127,False,0.0221,2,2.819,1.0,0.0,0.0226,2,3.055,1.0,init-81e4e6,1786526194.1343882,True,
2026-08-15T08:34:08.041243+00:00,CAC40,trending_up,127,False,-0.0078,2,-0.638,0.5,0.01,0.0285,2,19.534,1.0,mut-37f60a,1785984577.7157676,True,
2026-08-15T08:34:11.790153+00:00,NIKKEI,high_volatility,122,False,-0.0199,3,-1.414,0.0,0.0199,0.0244,3,0.828,0.667,mut-c1d5a1,1783914987.901319,True,
2026-08-15T08:34:15.495619+00:00,HSI,ranging,120,False,-0.0227,5,-0.463,0.2,0.0297,,,,,,,True,
2026-08-15T08:34:19.699894+00:00,SENSEX,ranging,122,False,-0.0098,4,-0.241,0.25,0.0199,0.001,3,0.03,0.333,mut-dddd39,1784038554.1117454,True,
2026-08-15T08:34:24.017694+00:00,ASX200,trending_up,127,False,-0.01,1,0.0,0.0,0.01,0.0041,3,0.133,0.333,mut-8859ed,1786413523.46849,True,
2026-08-15T08:34:27.990903+00:00,AAPL,high_volatility,125,False,0.0,0,,,,0.0131,5,0.233,0.6,mut-3c43e6,1785811782.91854,True,
2026-08-15T08:34:31.936653+00:00,MSFT,high_volatility,125,False,0.0,0,,,,0.0534,6,0.914,0.833,mut-417f54,1785866030.0990324,True,
2026-08-15T08:34:36.325282+00:00,NVDA,high_volatility,125,False,-0.0144,5,-0.298,0.4,0.0297,0.0225,2,3.025,1.0,mut-78d460,1785433250.8173203,True,
2026-08-15T08:34:40.343475+00:00,GOOGL,high_volatility,125,False,-0.0498,6,-2.48,0.0,0.049,0.0229,2,3.208,1.0,mut-bf5889,1784776571.9995205,True,
2026-08-15T08:34:44.673250+00:00,AMZN,high_volatility,125,False,-0.0313,6,-0.587,0.167,0.0394,0.025,2,5.016,1.0,imm-5ecbb6,1784948103.51404,True,
2026-08-15T08:34:48.458815+00:00,META,high_volatility,125,False,0.0058,3,0.191,0.667,0.01,0.0199,3,0.559,0.667,mut-ceb411,1785926501.1619763,True,
2026-08-15T08:34:52.900247+00:00,TSLA,high_volatility,125,False,-0.0167,2,-5.103,0.0,0.01,0.0236,4,0.569,0.75,mut-842635,1783887921.345828,True,
2026-08-15T08:34:57.426399+00:00,BRKB,high_volatility,125,False,0.0,0,,,,0.0298,4,0.717,0.75,mut-555b97,1786071060.3954887,True,
2026-08-15T08:35:01.751518+00:00,LLY,high_volatility,125,False,0.0084,3,0.272,0.667,0.01,0.0385,5,0.756,0.8,mut-5648c7,1784363164.0287595,True,
2026-08-15T08:35:05.606206+00:00,V,trending_up,125,False,0.0,0,,,,0.0391,5,0.784,0.8,mut-1b8e6f,1785174490.8748248,True,
2026-08-15T08:35:09.591747+00:00,JPM,trending_up,125,False,0.0,0,,,,0.0398,3,5.096,1.0,mut-44cc85,1784776603.1924407,True,
2026-08-15T16:27:55.203895+00:00,EURUSD,ranging,130,False,-0.0054,1,0.0,0.0,0.0,0.0214,2,2.499,1.0,mut-9ac3c3,1784827527.8572602,True,
2026-08-15T16:27:59.909323+00:00,GBPUSD,ranging,130,False,-0.0085,4,-0.208,0.25,0.0199,0.013,3,0.408,0.667,mut-5089ff,1785321738.3398762,True,
2026-08-15T16:28:04.597495+00:00,USDJPY,trending_down,131,False,0.0013,9,0.012,0.444,0.0347,0.0018,9,0.017,0.444,mut-e4844f,1786673389.5541012,True,
2026-08-15T16:28:09.362782+00:00,AUDUSD,trending_up,131,False,-0.0177,3,-1.023,0.333,0.0199,0.0009,5,0.014,0.4,mut-a28f7b,1783503809.986574,True,
2026-08-15T16:28:14.261389+00:00,USDCAD,trending_down,131,False,0.0186,3,0.535,0.667,0.01,0.0186,3,0.535,0.667,mut-c1a474,1786756996.29005,True,
2026-08-15T16:28:19.091772+00:00,USDCHF,ranging,131,False,0.0187,2,1.656,1.0,0.0,0.0293,2,44.593,1.0,imm-4fc33a,1784741046.2585468,True,
2026-08-15T16:28:23.840196+00:00,NZDUSD,ranging,131,False,0.0195,4,0.454,0.5,0.01,0.0146,2,0.951,0.5,mut-9ac759,1785321761.60003,True,
2026-08-15T16:28:28.440201+00:00,EURGBP,ranging,130,False,0.0294,3,1.306,0.667,0.0,0.0297,3,1.337,0.667,mut-5388b6,1786726615.9913101,True,
2026-08-15T16:28:33.121746+00:00,EURJPY,ranging,130,False,-0.0299,5,-0.772,0.2,0.0394,0.0147,2,0.957,0.5,mut-b7ed4f,1786640359.3595927,True,
2026-08-15T16:28:37.207469+00:00,GBPJPY,ranging,131,False,0.0,0,,,,0.0274,5,0.463,0.6,adapti-cd3243,1786553985.0193646,True,
2026-08-15T16:28:42.006884+00:00,XAUUSD,high_volatility,125,False,0.0047,3,0.151,0.333,0.01,0.023,2,3.283,1.0,mut-aef8ad,1784888561.9697459,True,
2026-08-15T16:28:46.775886+00:00,USOIL,high_volatility,125,False,-0.0165,3,-0.877,0.333,0.0199,0.0203,2,2.087,1.0,mut-44fc90,1783821407.0754356,True,
2026-08-15T16:28:52.670540+00:00,BTCUSD,ranging,182,False,0.0,0,,,,,,,,,,True,
2026-08-15T16:28:57.316762+00:00,ETHUSD,high_volatility,182,False,-0.0104,2,-1.087,0.0,0.01,0.0338,5,0.629,0.6,imm-7ac82e,1784277230.6638775,True,
2026-08-15T16:29:03.116619+00:00,SOLUSD,high_volatility,182,False,-0.0078,2,-0.643,0.5,0.01,0.0223,4,0.53,0.75,mut-db8220,1785206756.6628072,True,
2026-08-15T16:29:07.781490+00:00,XRPUSD,high_volatility,182,False,0.0091,3,0.299,0.667,0.01,0.0376,5,0.738,0.8,mut-eb4a78,1785174380.1173518,True,
2026-08-15T16:29:13.730320+00:00,BNBUSD,high_volatility,182,False,0.0,0,,,,0.0203,2,2.079,1.0,mut-167b4d,1785840212.5746226,True,
2026-08-15T16:29:19.351195+00:00,ADAUSD,high_volatility,182,False,-0.0171,5,-0.356,0.2,0.0199,0.0435,5,0.874,0.8,mut-a36803,1785235220.1110218,True,
2026-08-15T16:29:24.439741+00:00,SPX,high_volatility,125,False,0.0,0,,,,0.0082,1,0.0,1.0,imm-7bcae5,1786640406.2374578,True,
2026-08-15T16:29:29.525890+00:00,NASDAQ,high_volatility,125,False,0.0,0,,,,0.0211,4,0.503,0.75,imm-9a582c,1786153872.2105956,True,
2026-08-15T16:29:34.391182+00:00,DJI,trending_up,125,False,0.0104,2,0.53,0.5,0.0,0.0286,3,1.206,0.667,imm-f6a612,1786093449.0598,True,
2026-08-15T16:29:38.354626+00:00,RUT,trending_up,125,False,0.0082,1,0.0,1.0,0.0,0.017,2,1.316,1.0,mut-c12dc0,1786153881.8891637,True,
2026-08-15T16:29:43.109139+00:00,VIX,high_volatility,126,False,0.0027,1,0.0,1.0,0.0,0.0641,6,1.152,0.833,imm-48c3d1,1785840241.6769683,True,
2026-08-15T16:29:48.000160+00:00,FTSE,trending_up,126,False,-0.0147,3,-0.69,0.333,0.0199,0.0298,3,1.353,0.667,mut-52b925,1786354054.6523268,True,
2026-08-15T16:29:52.086776+00:00,DAX,high_volatility,127,False,0.0271,4,0.659,0.75,0.01,0.0226,2,3.055,1.0,init-81e4e6,1786526194.1343882,True,
2026-08-15T16:29:56.212574+00:00,CAC40,trending_up,127,False,-0.0297,3,-121.863,0.0,0.0297,0.0285,2,19.534,1.0,mut-37f60a,1785984577.7157676,True,
2026-08-15T16:30:00.998758+00:00,NIKKEI,high_volatility,122,False,-0.021,3,-1.674,0.0,0.0199,0.0244,3,0.828,0.667,mut-c1d5a1,1783914987.901319,True,
2026-08-15T16:30:04.950509+00:00,HSI,ranging,120,False,-0.0227,5,-0.463,0.2,0.0297,,,,,,,True,
2026-08-15T16:30:08.966170+00:00,SENSEX,ranging,122,False,-0.0199,2,-199.0,0.0,0.0199,0.001,3,0.03,0.333,mut-dddd39,1784038554.1117454,True,
2026-08-15T16:30:13.087856+00:00,ASX200,trending_up,127,False,0.0,0,,,,0.0041,3,0.133,0.333,mut-8859ed,1786413523.46849,True,
2026-08-15T16:30:18.014206+00:00,AAPL,high_volatility,125,False,-0.0135,5,-0.276,0.4,0.0199,0.0131,5,0.233,0.6,mut-3c43e6,1785811782.91854,True,
2026-08-15T16:30:23.335855+00:00,MSFT,high_volatility,125,False,0.0377,5,0.745,0.8,0.01,0.0534,6,0.914,0.833,mut-417f54,1785866030.0990324,True,
2026-08-15T16:30:28.233416+00:00,NVDA,high_volatility,125,False,-0.0313,5,-0.872,0.2,0.0394,0.0225,2,3.025,1.0,mut-78d460,1785433250.8173203,True,
2026-08-15T16:30:33.389952+00:00,GOOGL,high_volatility,125,False,-0.0498,6,-2.458,0.0,0.049,0.0229,2,3.208,1.0,mut-bf5889,1784776571.9995205,True,
2026-08-15T16:30:37.429940+00:00,AMZN,high_volatility,125,False,-0.0551,6,-6.645,0.0,0.049,0.025,2,5.016,1.0,imm-5ecbb6,1784948103.51404,True,
2026-08-15T16:30:42.152176+00:00,META,high_volatility,125,False,-0.0231,4,-0.808,0.25,0.0297,0.0199,3,0.559,0.667,mut-ceb411,1785926501.1619763,True,
2026-08-15T16:30:47.102134+00:00,TSLA,high_volatility,125,False,0.0081,2,0.37,0.5,0.0,0.0236,4,0.569,0.75,mut-842635,1783887921.345828,True,
2026-08-15T16:30:51.199899+00:00,BRKB,high_volatility,125,False,0.0,0,,,,0.0298,4,0.717,0.75,mut-555b97,1786071060.3954887,True,
2026-08-15T16:30:56.096374+00:00,LLY,high_volatility,125,False,0.0084,3,0.272,0.667,0.01,0.0385,5,0.756,0.8,mut-5648c7,1784363164.0287595,True,
2026-08-15T16:31:00.077060+00:00,V,trending_up,125,False,-0.0217,3,-1.876,0.0,0.0199,0.0391,5,0.784,0.8,mut-1b8e6f,1785174490.8748248,True,
2026-08-15T16:31:05.019656+00:00,JPM,trending_up,125,False,-0.0394,4,-88.999,0.0,0.0394,0.0398,3,5.096,1.0,mut-44cc85,1784776603.1924407,True,
2026-08-16T01:28:16.973452+00:00,EURUSD,ranging,130,False,-0.0054,1,0.0,0.0,0.0,0.0214,2,2.499,1.0,mut-9ac3c3,1784827527.8572602,True,
2026-08-16T01:28:21.270930+00:00,GBPUSD,ranging,130,False,-0.0028,3,-0.081,0.333,0.01,0.013,3,0.408,0.667,mut-5089ff,1785321738.3398762,True,
2026-08-16T01:28:25.226174+00:00,USDJPY,trending_down,131,False,0.0013,9,0.012,0.444,0.0347,0.0018,9,0.017,0.444,mut-e4844f,1786673389.5541012,True,
2026-08-16T01:28:30.621336+00:00,AUDUSD,trending_up,130,False,-0.0191,2,-20.529,0.0,0.01,0.0009,5,0.014,0.4,mut-a28f7b,1783503809.986574,True,
2026-08-16T01:28:36.267752+00:00,USDCAD,trending_down,131,False,0.0186,3,0.535,0.667,0.01,0.0186,3,0.535,0.667,mut-c1a474,1786756996.29005,True,
2026-08-16T01:28:40.792854+00:00,USDCHF,ranging,130,False,0.0,0,,,,0.0293,2,44.593,1.0,imm-4fc33a,1784741046.2585468,True,
2026-08-16T01:28:45.305404+00:00,NZDUSD,ranging,131,False,0.0195,4,0.454,0.5,0.01,0.0146,2,0.951,0.5,mut-9ac759,1785321761.60003,True,
2026-08-16T01:28:49.634209+00:00,EURGBP,ranging,130,False,0.0294,3,1.306,0.667,0.0,0.0297,3,1.337,0.667,mut-5388b6,1786726615.9913101,True,
2026-08-16T01:28:54.009015+00:00,EURJPY,ranging,130,False,-0.0299,5,-0.772,0.2,0.0394,0.0147,2,0.957,0.5,mut-b7ed4f,1786640359.3595927,True,
2026-08-16T01:28:57.875759+00:00,GBPJPY,ranging,130,False,0.0,0,,,,0.0274,5,0.463,0.6,adapti-cd3243,1786553985.0193646,True,
2026-08-16T01:29:02.411493+00:00,XAUUSD,high_volatility,125,False,-0.0072,4,-0.179,0.25,0.0199,0.023,2,3.283,1.0,mut-aef8ad,1784888561.9697459,True,
2026-08-16T01:29:06.250423+00:00,USOIL,high_volatility,125,False,-0.0165,3,-0.877,0.333,0.0199,0.0203,2,2.087,1.0,mut-44fc90,1783821407.0754356,True,
2026-08-16T01:29:10.535546+00:00,BTCUSD,ranging,181,False,0.0,0,,,,,,,,,,True,
2026-08-16T01:29:15.798786+00:00,ETHUSD,high_volatility,181,False,-0.0108,2,-1.165,0.0,0.01,0.0338,5,0.629,0.6,imm-7ac82e,1784277230.6638775,True,
2026-08-16T01:29:21.239850+00:00,SOLUSD,high_volatility,181,False,-0.007,2,-0.538,0.5,0.01,0.0223,4,0.53,0.75,mut-db8220,1785206756.6628072,True,
2026-08-16T01:29:26.566644+00:00,XRPUSD,high_volatility,181,False,0.0022,2,0.1,0.5,0.01,0.0376,5,0.738,0.8,mut-eb4a78,1785174380.1173518,True,
2026-08-16T01:29:30.744453+00:00,BNBUSD,high_volatility,181,False,-0.0335,4,-3.168,0.0,0.0297,0.0203,2,2.079,1.0,mut-167b4d,1785840212.5746226,True,
2026-08-16T01:29:36.205871+00:00,ADAUSD,high_volatility,181,False,-0.0199,3,-1.414,0.0,0.0199,0.0435,5,0.874,0.8,mut-a36803,1785235220.1110218,True,
2026-08-16T01:29:40.938994+00:00,SPX,high_volatility,125,False,0.0,0,,,,0.0082,1,0.0,1.0,imm-7bcae5,1786640406.2374578,True,
2026-08-16T01:29:45.542095+00:00,NASDAQ,high_volatility,125,False,0.0,0,,,,0.0211,4,0.503,0.75,imm-9a582c,1786153872.2105956,True,
2026-08-16T01:29:50.025353+00:00,DJI,trending_up,122,False,0.0122,2,0.681,0.5,0.0,0.0286,3,1.206,0.667,imm-f6a612,1786093449.0598,True,
2026-08-16T01:29:53.782949+00:00,RUT,trending_up,125,False,0.0,0,,,,0.017,2,1.316,1.0,mut-c12dc0,1786153881.8891637,True,
2026-08-16T01:29:58.232469+00:00,VIX,high_volatility,126,False,0.0027,1,0.0,1.0,0.0,0.0641,6,1.152,0.833,imm-48c3d1,1785840241.6769683,True,
2026-08-16T01:30:02.762973+00:00,FTSE,trending_up,126,False,-0.0113,2,-1.309,0.0,0.01,0.0298,3,1.353,0.667,mut-52b925,1786354054.6523268,True,
2026-08-16T01:30:07.312248+00:00,DAX,high_volatility,127,False,0.0221,2,2.819,1.0,0.0,0.0226,2,3.055,1.0,init-81e4e6,1786526194.1343882,True,
2026-08-16T01:30:11.938200+00:00,CAC40,trending_up,124,False,-0.0087,2,-0.774,0.5,0.01,0.0285,2,19.534,1.0,mut-37f60a,1785984577.7157676,True,
2026-08-16T01:30:15.777280+00:00,NIKKEI,high_volatility,119,False,-0.0108,4,-0.261,0.25,0.01,0.0244,3,0.828,0.667,mut-c1d5a1,1783914987.901319,True,
2026-08-16T01:30:20.167303+00:00,HSI,trending_up,117,False,-0.0246,5,-0.494,0.2,0.0297,0.0191,4,0.443,0.5,mut-220ee6,1786354072.6067727,True,
2026-08-16T01:30:24.451586+00:00,SENSEX,trending_up,119,False,-0.01,1,0.0,0.0,0.01,0.0073,3,0.239,0.667,pullba-2843bc,1786013070.0283835,True,
2026-08-16T01:30:28.460734+00:00,ASX200,trending_up,124,False,-0.0164,2,-4.546,0.0,0.01,0.0041,3,0.133,0.333,mut-8859ed,1786413523.46849,True,
2026-08-16T01:30:33.095628+00:00,AAPL,high_volatility,125,False,-0.004,4,-0.097,0.5,0.01,0.0131,5,0.233,0.6,mut-3c43e6,1785811782.91854,True,
2026-08-16T01:30:37.209157+00:00,MSFT,high_volatility,125,False,0.0,0,,,,0.0534,6,0.914,0.833,mut-417f54,1785866030.0990324,True,
2026-08-16T01:30:41.711065+00:00,NVDA,high_volatility,125,False,-0.0313,5,-0.872,0.2,0.0394,0.0225,2,3.025,1.0,mut-78d460,1785433250.8173203,True,
2026-08-16T01:30:45.697495+00:00,GOOGL,high_volatility,125,False,-0.0498,6,-2.458,0.0,0.049,0.0229,2,3.208,1.0,mut-bf5889,1784776571.9995205,True,
2026-08-16T01:30:50.199477+00:00,AMZN,high_volatility,125,False,0.0,0,,,,0.025,2,5.016,1.0,imm-5ecbb6,1784948103.51404,True,
2026-08-16T01:30:54.070933+00:00,META,high_volatility,125,False,-0.021,3,-1.691,0.0,0.0199,0.0199,3,0.559,0.667,mut-ceb411,1785926501.1619763,True,
2026-08-16T01:30:58.622641+00:00,TSLA,high_volatility,125,False,-0.0167,2,-5.103,0.0,0.01,0.0236,4,0.569,0.75,mut-842635,1783887921.345828,True,
2026-08-16T01:31:02.506569+00:00,BRKB,high_volatility,125,False,0.0,0,,,,0.0298,4,0.717,0.75,mut-555b97,1786071060.3954887,True,
2026-08-16T01:31:07.150610+00:00,LLY,high_volatility,125,False,0.0084,3,0.272,0.667,0.01,0.0385,5,0.756,0.8,mut-5648c7,1784363164.0287595,True,
2026-08-16T01:31:11.108094+00:00,V,trending_up,125,False,0.0,0,,,,0.0391,5,0.784,0.8,mut-1b8e6f,1785174490.8748248,True,
2026-08-16T01:31:15.081793+00:00,JPM,trending_up,125,False,0.003,3,0.097,0.333,0.01,0.0398,3,5.096,1.0,mut-44cc85,1784776603.1924407,True,
2026-08-16T08:32:28.250368+00:00,EURUSD,ranging,130,False,-0.0054,1,0.0,0.0,0.0,0.0214,2,2.499,1.0,mut-9ac3c3,1784827527.8572602,True,
2026-08-16T08:32:32.765871+00:00,GBPUSD,ranging,131,False,-0.0026,3,-0.077,0.333,0.01,0.013,3,0.408,0.667,mut-5089ff,1785321738.3398762,True,
2026-08-16T08:32:37.542807+00:00,USDJPY,trending_down,131,False,-0.027,8,-0.325,0.25,0.0347,0.0018,9,0.017,0.444,mut-e4844f,1786673389.5541012,True,
2026-08-16T08:32:42.077892+00:00,AUDUSD,trending_up,131,False,-0.0177,3,-1.023,0.333,0.0199,0.0009,5,0.014,0.4,mut-a28f7b,1783503809.986574,True,
2026-08-16T08:32:46.944438+00:00,USDCAD,trending_down,130,False,0.0186,3,0.535,0.667,0.01,0.0186,3,0.535,0.667,mut-c1a474,1786756996.29005,True,
2026-08-16T08:32:51.599355+00:00,USDCHF,ranging,130,False,0.0187,2,1.656,1.0,0.0,0.0293,2,44.593,1.0,imm-4fc33a,1784741046.2585468,True,
2026-08-16T08:32:56.553567+00:00,NZDUSD,ranging,131,False,-0.0154,3,-0.757,0.333,0.0199,0.0146,2,0.951,0.5,mut-9ac759,1785321761.60003,True,
2026-08-16T08:33:01.070764+00:00,EURGBP,ranging,130,False,0.0294,3,1.306,0.667,0.0,0.0297,3,1.337,0.667,mut-5388b6,1786726615.9913101,True,
2026-08-16T08:33:05.655735+00:00,EURJPY,ranging,130,False,-0.0347,7,-0.577,0.143,0.0394,0.0147,2,0.957,0.5,mut-b7ed4f,1786640359.3595927,True,
2026-08-16T08:33:09.572207+00:00,GBPJPY,ranging,131,False,-0.0386,4,-21.687,0.0,0.0297,0.0274,5,0.463,0.6,adapti-cd3243,1786553985.0193646,True,
2026-08-16T08:33:13.472743+00:00,XAUUSD,high_volatility,125,False,-0.0091,1,0.0,0.0,0.0,0.023,2,3.283,1.0,mut-aef8ad,1784888561.9697459,True,
2026-08-16T08:33:17.477647+00:00,USOIL,high_volatility,125,False,-0.0134,2,-2.034,0.0,0.01,0.0203,2,2.087,1.0,mut-44fc90,1783821407.0754356,True,
2026-08-16T08:33:23.212577+00:00,BTCUSD,ranging,182,False,-0.0249,3,-3.529,0.0,0.0199,,,,,,,True,
2026-08-16T08:33:29.056711+00:00,ETHUSD,high_volatility,182,False,-0.0121,3,-0.48,0.333,0.0199,0.0338,5,0.629,0.6,imm-7ac82e,1784277230.6638775,True,
2026-08-16T08:33:34.865880+00:00,SOLUSD,high_volatility,182,False,-0.0108,2,-1.173,0.0,0.01,0.0223,4,0.53,0.75,mut-db8220,1785206756.6628072,True,
2026-08-16T08:33:40.622956+00:00,XRPUSD,high_volatility,182,False,-0.0147,6,-0.232,0.333,0.0394,0.0376,5,0.738,0.8,mut-eb4a78,1785174380.1173518,True,
2026-08-16T08:33:45.159986+00:00,BNBUSD,high_volatility,182,False,-0.0341,4,-3.542,0.0,0.0297,0.0203,2,2.079,1.0,mut-167b4d,1785840212.5746226,True,
2026-08-16T08:33:49.879017+00:00,ADAUSD,high_volatility,182,False,-0.0286,4,-1.5,0.25,0.0297,0.0435,5,0.874,0.8,mut-a36803,1785235220.1110218,True,
2026-08-16T08:33:54.884573+00:00,SPX,high_volatility,125,False,0.0,0,,,,0.0082,1,0.0,1.0,imm-7bcae5,1786640406.2374578,True,
2026-08-16T08:33:58.983855+00:00,NASDAQ,high_volatility,125,False,0.0,0,,,,0.0211,4,0.503,0.75,imm-9a582c,1786153872.2105956,True,
2026-08-16T08:34:03.693578+00:00,DJI,trending_up,125,False,0.0104,2,0.53,0.5,0.0,0.0286,3,1.206,0.667,imm-f6a612,1786093449.0598,True,
2026-08-16T08:34:07.611712+00:00,RUT,trending_up,122,False,-0.0088,1,0.0,0.0,0.0,0.017,2,1.316,1.0,mut-c12dc0,1786153881.8891637,True,
2026-08-16T08:34:11.519502+00:00,VIX,high_volatility,123,False,-0.0085,1,0.0,0.0,0.0,0.0641,6,1.152,0.833,imm-48c3d1,1785840241.6769683,True,
2026-08-16T08:34:16.256091+00:00,FTSE,trending_up,126,False,-0.0154,3,-0.756,0.333,0.0199,0.0298,3,1.353,0.667,mut-52b925,1786354054.6523268,True,
2026-08-16T08:34:21.032913+00:00,DAX,high_volatility,124,False,0.0,0,,,,0.0226,2,3.055,1.0,init-81e4e6,1786526194.1343882,True,
2026-08-16T08:34:25.035466+00:00,CAC40,trending_up,127,False,-0.0116,2,-1.382,0.0,0.01,0.0285,2,19.534,1.0,mut-37f60a,1785984577.7157676,True,
2026-08-16T08:34:29.742044+00:00,NIKKEI,high_volatility,119,False,0.0,0,,,,0.0244,3,0.828,0.667,mut-c1d5a1,1783914987.901319,True,
2026-08-16T08:34:33.600905+00:00,HSI,ranging,120,False,-0.003,4,-0.072,0.5,0.0199,,,,,,,True,
2026-08-16T08:34:38.128039+00:00,SENSEX,ranging,122,False,-0.0033,1,0.0,0.0,0.0,0.001,3,0.03,0.333,mut-dddd39,1784038554.1117454,True,
2026-08-16T08:34:42.139000+00:00,ASX200,trending_up,127,False,-0.0038,3,-0.11,0.333,0.01,0.0041,3,0.133,0.333,mut-8859ed,1786413523.46849,True,
2026-08-16T08:34:46.255150+00:00,AAPL,high_volatility,125,False,0.0,0,,,,0.0131,5,0.233,0.6,mut-3c43e6,1785811782.91854,True,
2026-08-16T08:34:51.271264+00:00,MSFT,high_volatility,125,False,0.0377,5,0.745,0.8,0.01,0.0534,6,0.914,0.833,mut-417f54,1785866030.0990324,True,
2026-08-16T08:34:56.074754+00:00,NVDA,high_volatility,125,False,-0.0213,6,-0.37,0.333,0.025,0.0225,2,3.025,1.0,mut-78d460,1785433250.8173203,True,
2026-08-16T08:35:01.120134+00:00,GOOGL,high_volatility,125,False,-0.0498,6,-2.458,0.0,0.049,0.0229,2,3.208,1.0,mut-bf5889,1784776571.9995205,True,
2026-08-16T08:35:05.891763+00:00,AMZN,high_volatility,125,False,-0.0551,6,-6.645,0.0,0.049,0.025,2,5.016,1.0,imm-5ecbb6,1784948103.51404,True,
2026-08-16T08:35:09.937780+00:00,META,high_volatility,125,False,-0.0077,4,-0.189,0.25,0.01,0.0199,3,0.559,0.667,mut-ceb411,1785926501.1619763,True,
2026-08-16T08:35:13.962441+00:00,TSLA,high_volatility,125,False,-0.0167,2,-5.103,0.0,0.01,0.0236,4,0.569,0.75,mut-842635,1783887921.345828,True,
2026-08-16T08:35:18.835407+00:00,BRKB,high_volatility,125,False,0.0,0,,,,0.0298,4,0.717,0.75,mut-555b97,1786071060.3954887,True,
2026-08-16T08:35:23.735134+00:00,LLY,high_volatility,125,False,0.0084,3,0.272,0.667,0.01,0.0385,5,0.756,0.8,mut-5648c7,1784363164.0287595,True,
2026-08-16T08:35:27.827454+00:00,V,trending_up,125,True,0.0274,3,1.081,0.667,0.0,0.0274,3,1.081,0.667,mut-5f31b7,1786869327.668408,True,
2026-08-16T08:35:31.916265+00:00,JPM,trending_up,125,False,0.0,0,,,,0.0398,3,5.096,1.0,mut-44cc85,1784776603.1924407,True,
2026-08-16T16:28:55.624026+00:00,EURUSD,ranging,130,False,-0.0054,1,0.0,0.0,0.0,0.0214,2,2.499,1.0,mut-9ac3c3,1784827527.8572602,True,
2026-08-16T16:29:01.407944+00:00,GBPUSD,ranging,131,False,-0.0026,3,-0.077,0.333,0.01,0.013,3,0.408,0.667,mut-5089ff,1785321738.3398762,True,
2026-08-16T16:29:07.216427+00:00,USDJPY,trending_down,131,False,-0.0317,6,-0.595,0.167,0.0394,0.0018,9,0.017,0.444,mut-e4844f,1786673389.5541012,True,
2026-08-16T16:29:12.598523+00:00,AUDUSD,trending_up,131,False,0.0,0,,,,0.0009,5,0.014,0.4,mut-a28f7b,1783503809.986574,True,
2026-08-16T16:29:18.298794+00:00,USDCAD,trending_down,131,False,0.0186,3,0.535,0.667,0.01,0.0186,3,0.535,0.667,mut-c1a474,1786756996.29005,True,
2026-08-16T16:29:23.634751+00:00,USDCHF,ranging,131,False,0.0,0,,,,0.0293,2,44.593,1.0,imm-4fc33a,1784741046.2585468,True,
2026-08-16T16:29:29.018626+00:00,NZDUSD,ranging,131,False,-0.0438,5,-3.992,0.0,0.0394,0.0146,2,0.951,0.5,mut-9ac759,1785321761.60003,True,
2026-08-16T16:29:34.517768+00:00,EURGBP,ranging,130,False,0.0294,3,1.306,0.667,0.0,0.0297,3,1.337,0.667,mut-5388b6,1786726615.9913101,True,
2026-08-16T16:29:39.984557+00:00,EURJPY,ranging,130,False,-0.0347,7,-0.577,0.143,0.0394,0.0147,2,0.957,0.5,mut-b7ed4f,1786640359.3595927,True,
2026-08-16T16:29:43.989670+00:00,GBPJPY,ranging,131,False,0.0,0,,,,0.0274,5,0.463,0.6,adapti-cd3243,1786553985.0193646,True,
2026-08-16T16:29:49.559031+00:00,XAUUSD,high_volatility,125,False,-0.0032,4,-0.078,0.5,0.0199,0.023,2,3.283,1.0,mut-aef8ad,1784888561.9697459,True,
2026-08-16T16:29:53.418036+00:00,USOIL,high_volatility,125,False,-0.0165,3,-0.877,0.333,0.0199,0.0203,2,2.087,1.0,mut-44fc90,1783821407.0754356,True,
2026-08-16T16:29:57.851018+00:00,BTCUSD,ranging,182,False,-0.0242,3,-3.045,0.0,0.0199,,,,,,,True,
2026-08-16T16:30:04.782133+00:00,ETHUSD,high_volatility,182,False,-0.0116,3,-0.451,0.333,0.0199,0.0338,5,0.629,0.6,imm-7ac82e,1784277230.6638775,True,
2026-08-16T16:30:11.604848+00:00,SOLUSD,high_volatility,182,False,0.0006,3,0.018,0.333,0.01,0.0223,4,0.53,0.75,mut-db8220,1785206756.6628072,True,
2026-08-16T16:30:18.321894+00:00,XRPUSD,high_volatility,182,False,0.0136,5,0.243,0.6,0.01,0.0376,5,0.738,0.8,mut-eb4a78,1785174380.1173518,True,
2026-08-16T16:30:22.766983+00:00,BNBUSD,high_volatility,182,False,-0.0089,4,-0.217,0.25,0.0199,0.0203,2,2.079,1.0,mut-167b4d,1785840212.5746226,True,
2026-08-16T16:30:27.338409+00:00,ADAUSD,high_volatility,182,False,-0.0285,3,-15.347,0.0,0.0199,0.0435,5,0.874,0.8,mut-a36803,1785235220.1110218,True,
2026-08-16T16:30:33.127136+00:00,SPX,high_volatility,125,False,0.0,0,,,,0.0082,1,0.0,1.0,imm-7bcae5,1786640406.2374578,True,
2026-08-16T16:30:38.965955+00:00,NASDAQ,high_volatility,125,False,0.0,0,,,,0.0211,4,0.503,0.75,imm-9a582c,1786153872.2105956,True,
2026-08-16T16:30:44.525179+00:00,DJI,trending_up,125,False,0.0104,2,0.53,0.5,0.0,0.0286,3,1.206,0.667,imm-f6a612,1786093449.0598,True,
2026-08-16T16:30:48.491243+00:00,RUT,trending_up,125,False,0.0,0,,,,0.017,2,1.316,1.0,mut-c12dc0,1786153881.8891637,True,
2026-08-16T16:30:53.855825+00:00,VIX,high_volatility,126,False,0.0027,1,0.0,1.0,0.0,0.0641,6,1.152,0.833,imm-48c3d1,1785840241.6769683,True,
2026-08-16T16:30:59.427611+00:00,FTSE,trending_up,126,False,-0.0154,3,-0.756,0.333,0.0199,0.0298,3,1.353,0.667,mut-52b925,1786354054.6523268,True,
2026-08-16T16:31:04.993659+00:00,DAX,high_volatility,127,False,0.025,4,0.605,0.75,0.01,0.0226,2,3.055,1.0,init-81e4e6,1786526194.1343882,True,
2026-08-16T16:31:09.110903+00:00,CAC40,trending_up,127,False,0.0082,1,0.0,1.0,0.0,0.0285,2,19.534,1.0,mut-37f60a,1785984577.7157676,True,
2026-08-16T16:31:13.113832+00:00,NIKKEI,high_volatility,122,False,-0.0188,3,-1.205,0.333,0.0199,0.0244,3,0.828,0.667,mut-c1d5a1,1783914987.901319,True,
2026-08-16T16:31:17.016091+00:00,HSI,ranging,120,False,-0.0227,5,-0.463,0.2,0.0297,,,,,,,True,
2026-08-16T16:31:20.912641+00:00,SENSEX,ranging,122,False,-0.0098,4,-0.241,0.25,0.0199,0.001,3,0.03,0.333,mut-dddd39,1784038554.1117454,True,
2026-08-16T16:31:27.230503+00:00,ASX200,trending_up,127,False,-0.0038,3,-0.11,0.333,0.01,0.0041,3,0.133,0.333,mut-8859ed,1786413523.46849,True,
2026-08-16T16:31:33.072317+00:00,AAPL,high_volatility,125,False,0.0013,6,0.02,0.5,0.0199,0.0131,5,0.233,0.6,mut-3c43e6,1785811782.91854,True,
2026-08-16T16:31:37.278757+00:00,MSFT,high_volatility,125,False,0.0271,6,0.401,0.667,0.0199,0.0534,6,0.914,0.833,mut-417f54,1785866030.0990324,True,
2026-08-16T16:31:42.838113+00:00,NVDA,high_volatility,125,False,0.0,0,,,,0.0225,2,3.025,1.0,mut-78d460,1785433250.8173203,True,
2026-08-16T16:31:47.049111+00:00,GOOGL,high_volatility,125,False,-0.0498,6,-2.48,0.0,0.049,0.0229,2,3.208,1.0,mut-bf5889,1784776571.9995205,True,
2026-08-16T16:31:52.492203+00:00,AMZN,high_volatility,125,False,-0.0116,4,-0.282,0.25,0.0199,0.025,2,5.016,1.0,imm-5ecbb6,1784948103.51404,True,
2026-08-16T16:31:58.000747+00:00,META,high_volatility,125,False,0.0076,5,0.136,0.4,0.01,0.0199,3,0.559,0.667,mut-ceb411,1785926501.1619763,True,
2026-08-16T16:32:04.596987+00:00,TSLA,high_volatility,125,False,-0.0167,2,-5.103,0.0,0.01,0.0236,4,0.569,0.75,mut-842635,1783887921.345828,True,
2026-08-16T16:32:24.884772+00:00,BRKB,high_volatility,125,False,0.0,0,,,,0.0298,4,0.717,0.75,mut-555b97,1786071060.3954887,True,
2026-08-16T16:32:30.652703+00:00,LLY,high_volatility,125,False,-0.0329,4,-2.815,0.0,0.0297,0.0385,5,0.756,0.8,mut-5648c7,1784363164.0287595,True,
2026-08-16T16:32:36.851776+00:00,V,trending_up,125,False,0.0274,3,1.081,0.667,0.0,0.0274,3,1.081,0.667,mut-5f31b7,1786869327.668408,True,
2026-08-16T16:32:40.951124+00:00,JPM,trending_up,125,False,0.003,3,0.097,0.333,0.01,0.0398,3,5.096,1.0,mut-44cc85,1784776603.1924407,True,
2026-08-17T01:25:11.208913+00:00,EURUSD,ranging,129,False,-0.0009,3,-0.026,0.333,0.01,0.0214,2,2.499,1.0,mut-9ac3c3,1784827527.8572602,True,
2026-08-17T01:25:31.184236+00:00,GBPUSD,ranging,129,False,-0.038,4,-14.074,0.0,0.0297,0.013,3,0.408,0.667,mut-5089ff,1785321738.3398762,True,
2026-08-17T01:25:46.313735+00:00,USDJPY,trending_down,130,True,0.0292,5,0.508,0.6,0.01,0.0292,5,0.508,0.6,breako-f6f93e,1786929946.1332827,True,
2026-08-17T01:25:50.125384+00:00,AUDUSD,trending_up,129,False,-0.0021,4,-0.05,0.5,0.0199,0.0009,5,0.014,0.4,mut-a28f7b,1783503809.986574,True,
2026-08-17T01:26:05.122019+00:00,USDCAD,trending_down,129,False,0.0188,3,0.54,0.667,0.01,0.0188,3,0.54,0.667,mut-161c42,1786929953.926994,True,
2026-08-17T01:26:19.606679+00:00,USDCHF,ranging,129,False,0.0,0,,,,0.0293,2,44.593,1.0,imm-4fc33a,1784741046.2585468,True,
2026-08-17T01:26:23.520998+00:00,NZDUSD,ranging,130,False,-0.014,3,-0.626,0.333,0.0199,0.0146,2,0.951,0.5,mut-9ac759,1785321761.60003,True,
2026-08-17T01:26:27.438603+00:00,EURGBP,ranging,129,False,0.0046,3,0.15,0.333,0.01,0.0297,3,1.337,0.667,mut-5388b6,1786726615.9913101,True,
2026-08-17T01:26:31.788304+00:00,EURJPY,ranging,129,False,-0.0306,5,-0.819,0.2,0.0394,0.0147,2,0.957,0.5,mut-b7ed4f,1786640359.3595927,True,
2026-08-17T01:26:36.188463+00:00,GBPJPY,ranging,129,False,-0.036,4,-5.741,0.0,0.0297,0.0274,5,0.463,0.6,adapti-cd3243,1786553985.0193646,True,
2026-08-17T01:26:40.710215+00:00,XAUUSD,high_volatility,126,False,-0.0012,4,-0.03,0.5,0.0199,0.023,2,3.283,1.0,mut-aef8ad,1784888561.9697459,True,
2026-08-17T01:26:44.663968+00:00,USOIL,high_volatility,126,False,-0.0168,3,-0.908,0.333,0.0199,0.0203,2,2.087,1.0,mut-44fc90,1783821407.0754356,True,
2026-08-17T01:26:48.948016+00:00,BTCUSD,ranging,181,False,-0.0247,3,-3.391,0.0,0.0199,,,,,,,True,
2026-08-17T01:26:54.198920+00:00,ETHUSD,high_volatility,181,False,0.0,0,,,,0.0338,5,0.629,0.6,imm-7ac82e,1784277230.6638775,True,
2026-08-17T01:26:59.471238+00:00,SOLUSD,high_volatility,181,False,-0.0128,2,-1.782,0.0,0.01,0.0223,4,0.53,0.75,mut-db8220,1785206756.6628072,True,
2026-08-17T01:27:03.858375+00:00,XRPUSD,high_volatility,181,False,0.0134,1,0.0,1.0,0.0,0.0376,5,0.738,0.8,mut-eb4a78,1785174380.1173518,True,
2026-08-17T01:27:09.201658+00:00,BNBUSD,high_volatility,181,False,-0.0102,4,-0.246,0.25,0.0199,0.0203,2,2.079,1.0,mut-167b4d,1785840212.5746226,True,
2026-08-17T01:27:14.475262+00:00,ADAUSD,high_volatility,181,False,-0.049,6,-2.235,0.0,0.049,0.0435,5,0.874,0.8,mut-a36803,1785235220.1110218,True,
2026-08-17T01:27:19.104960+00:00,SPX,high_volatility,122,False,0.0,0,,,,0.0082,1,0.0,1.0,imm-7bcae5,1786640406.2374578,True,
2026-08-17T01:27:23.727745+00:00,NASDAQ,high_volatility,122,False,0.0,0,,,,0.0211,4,0.503,0.75,imm-9a582c,1786153872.2105956,True,
2026-08-17T01:27:28.196902+00:00,DJI,trending_up,122,False,0.0122,2,0.681,0.5,0.0,0.0286,3,1.206,0.667,imm-f6a612,1786093449.0598,True,
2026-08-17T01:27:32.574142+00:00,RUT,trending_up,122,False,0.0,0,,,,0.017,2,1.316,1.0,mut-c12dc0,1786153881.8891637,True,
2026-08-17T01:27:36.934453+00:00,VIX,high_volatility,123,False,-0.0085,1,0.0,0.0,0.0,0.0641,6,1.152,0.833,imm-48c3d1,1785840241.6769683,True,
2026-08-17T01:27:41.549621+00:00,FTSE,trending_up,123,False,0.0136,2,0.833,0.5,0.0,0.0298,3,1.353,0.667,mut-52b925,1786354054.6523268,True,
2026-08-17T01:27:46.083825+00:00,DAX,high_volatility,124,False,-0.0014,4,-0.035,0.5,0.0199,0.0226,2,3.055,1.0,init-81e4e6,1786526194.1343882,True,
2026-08-17T01:27:50.672892+00:00,CAC40,trending_up,124,False,0.0116,2,0.626,0.5,0.0,0.0285,2,19.534,1.0,mut-37f60a,1785984577.7157676,True,
2026-08-17T01:27:55.109814+00:00,NIKKEI,high_volatility,119,False,-0.0193,3,-1.284,0.333,0.0199,0.0244,3,0.828,0.667,mut-c1d5a1,1783914987.901319,True,
2026-08-17T01:27:58.923394+00:00,HSI,trending_up,117,False,-0.0246,5,-0.494,0.2,0.0297,0.0191,4,0.443,0.5,mut-220ee6,1786354072.6067727,True,
2026-08-17T01:28:03.256903+00:00,SENSEX,trending_up,119,False,-0.0138,2,-2.223,0.0,0.01,0.0073,3,0.239,0.667,pullba-2843bc,1786013070.0283835,True,
2026-08-17T01:28:07.118829+00:00,ASX200,trending_up,124,False,-0.0178,2,-7.961,0.0,0.01,0.0041,3,0.133,0.333,mut-8859ed,1786413523.46849,True,
2026-08-17T01:28:11.684297+00:00,AAPL,high_volatility,125,False,-0.0234,6,-0.42,0.333,0.0297,0.0131,5,0.233,0.6,mut-3c43e6,1785811782.91854,True,
2026-08-17T01:28:15.797387+00:00,MSFT,high_volatility,125,False,0.0273,6,0.403,0.667,0.0199,0.0534,6,0.914,0.833,mut-417f54,1785866030.0990324,True,
2026-08-17T01:28:20.292929+00:00,NVDA,high_volatility,125,False,-0.026,4,-1.101,0.25,0.0297,0.0225,2,3.025,1.0,mut-78d460,1785433250.8173203,True,
2026-08-17T01:28:24.343437+00:00,GOOGL,high_volatility,125,False,0.0,0,,,,0.0229,2,3.208,1.0,mut-bf5889,1784776571.9995205,True,
2026-08-17T01:28:28.944379+00:00,AMZN,high_volatility,125,False,-0.0116,4,-0.282,0.25,0.0199,0.025,2,5.016,1.0,imm-5ecbb6,1784948103.51404,True,
2026-08-17T01:28:32.945164+00:00,META,high_volatility,125,False,-0.0077,4,-0.189,0.25,0.01,0.0199,3,0.559,0.667,mut-ceb411,1785926501.1619763,True,
2026-08-17T01:28:36.933816+00:00,TSLA,high_volatility,125,False,-0.0167,2,-5.103,0.0,0.01,0.0236,4,0.569,0.75,mut-842635,1783887921.345828,True,
2026-08-17T01:28:40.848004+00:00,BRKB,high_volatility,125,False,0.0199,3,0.554,0.667,0.01,0.0298,4,0.717,0.75,mut-555b97,1786071060.3954887,True,
2026-08-17T01:28:45.400385+00:00,LLY,high_volatility,125,False,0.0084,3,0.272,0.667,0.01,0.0385,5,0.756,0.8,mut-5648c7,1784363164.0287595,True,
2026-08-17T01:28:49.805880+00:00,V,trending_up,125,False,0.0,0,,,,0.0274,3,1.081,0.667,mut-5f31b7,1786869327.668408,True,
2026-08-17T01:28:54.291688+00:00,JPM,trending_up,125,False,0.0,0,,,,0.0398,3,5.096,1.0,mut-44cc85,1784776603.1924407,True,
2026-08-17T08:46:40.053986+00:00,EURUSD,ranging,129,False,-0.0031,3,-0.092,0.333,0.01,0.0214,2,2.499,1.0,mut-9ac3c3,1784827527.8572602,True,
2026-08-17T08:46:46.388882+00:00,GBPUSD,ranging,129,False,-0.0384,4,-18.15,0.0,0.0297,0.013,3,0.408,0.667,mut-5089ff,1785321738.3398762,True,
2026-08-17T08:46:51.568390+00:00,USDJPY,trending_down,130,False,0.0188,6,0.259,0.5,0.0199,0.0292,5,0.508,0.6,breako-f6f93e,1786929946.1332827,True,
2026-08-17T08:46:57.129912+00:00,AUDUSD,trending_up,129,False,0.0,0,,,,0.0009,5,0.014,0.4,mut-a28f7b,1783503809.986574,True,
2026-08-17T08:47:01.105351+00:00,USDCAD,trending_down,129,True,0.029,2,30.381,1.0,0.0,0.029,2,30.381,1.0,mean_r-3dc72c,1786956420.9301782,True,
2026-08-17T08:47:06.386464+00:00,USDCHF,ranging,129,False,0.0146,2,0.943,0.5,0.0,0.0293,2,44.593,1.0,imm-4fc33a,1784741046.2585468,True,
2026-08-17T08:47:10.326992+00:00,NZDUSD,trending_up,130,False,-0.0124,3,-0.504,0.333,0.0199,0.0179,4,0.41,0.5,mut-9fdf67,1785897925.9572012,True,
2026-08-17T08:47:15.901760+00:00,EURGBP,ranging,129,False,0.0,0,,,,0.0297,3,1.337,0.667,mut-5388b6,1786726615.9913101,True,
2026-08-17T08:47:20.979050+00:00,EURJPY,ranging,129,False,-0.0052,3,-0.148,0.333,0.01,0.0147,2,0.957,0.5,mut-b7ed4f,1786640359.3595927,True,
2026-08-17T08:47:25.099222+00:00,GBPJPY,ranging,129,False,0.0004,5,0.006,0.4,0.01,0.0274,5,0.463,0.6,adapti-cd3243,1786553985.0193646,True,
2026-08-17T08:47:30.388738+00:00,XAUUSD,high_volatility,126,False,-0.0018,4,-0.045,0.5,0.0199,0.023,2,3.283,1.0,mut-aef8ad,1784888561.9697459,True,
2026-08-17T08:47:35.779784+00:00,USOIL,high_volatility,126,False,-0.0167,3,-0.9,0.333,0.0199,0.0203,2,2.087,1.0,mut-44fc90,1783821407.0754356,True,
2026-08-17T08:47:40.381312+00:00,BTCUSD,ranging,182,False,-0.0241,3,-2.96,0.0,0.0199,,,,,,,True,
2026-08-17T08:47:46.629488+00:00,ETHUSD,high_volatility,182,False,-0.0313,4,-2.186,0.0,0.0297,0.0338,5,0.629,0.6,imm-7ac82e,1784277230.6638775,True,
2026-08-17T08:47:52.754156+00:00,SOLUSD,high_volatility,182,False,-0.0127,2,-1.753,0.0,0.01,0.0223,4,0.53,0.75,mut-db8220,1785206756.6628072,True,
2026-08-17T08:47:59.070648+00:00,XRPUSD,high_volatility,182,False,0.0134,1,0.0,1.0,0.0,0.0376,5,0.738,0.8,mut-eb4a78,1785174380.1173518,True,
2026-08-17T08:48:03.925362+00:00,BNBUSD,high_volatility,182,False,-0.0246,3,-3.321,0.0,0.0199,0.0203,2,2.079,1.0,mut-167b4d,1785840212.5746226,True,
2026-08-17T08:48:10.327135+00:00,ADAUSD,high_volatility,182,False,0.0,0,,,,0.0435,5,0.874,0.8,mut-a36803,1785235220.1110218,True,
2026-08-17T08:48:15.734729+00:00,SPX,high_volatility,122,False,0.0,0,,,,0.0082,1,0.0,1.0,imm-7bcae5,1786640406.2374578,True,
2026-08-17T08:48:21.210213+00:00,NASDAQ,high_volatility,122,False,0.0,0,,,,0.0211,4,0.503,0.75,imm-9a582c,1786153872.2105956,True,
2026-08-17T08:48:26.725561+00:00,DJI,trending_up,122,False,0.0122,2,0.681,0.5,0.0,0.0286,3,1.206,0.667,imm-f6a612,1786093449.0598,True,
2026-08-17T08:48:31.163711+00:00,RUT,trending_up,122,False,-0.0078,1,0.0,0.0,0.0,0.017,2,1.316,1.0,mut-c12dc0,1786153881.8891637,True,
2026-08-17T08:48:35.268078+00:00,VIX,high_volatility,124,False,0.004,1,0.0,1.0,0.0,0.0641,6,1.152,0.833,imm-48c3d1,1785840241.6769683,True,
2026-08-17T08:48:40.650789+00:00,FTSE,trending_up,123,False,-0.0153,3,-0.743,0.333,0.0199,0.0298,3,1.353,0.667,mut-52b925,1786354054.6523268,True,
2026-08-17T08:48:44.986523+00:00,DAX,high_volatility,124,False,0.022,2,2.761,1.0,0.0,0.0226,2,3.055,1.0,init-81e4e6,1786526194.1343882,True,
2026-08-17T08:48:49.230355+00:00,CAC40,trending_up,124,False,0.007,1,0.0,1.0,0.0,0.0285,2,19.534,1.0,mut-37f60a,1785984577.7157676,True,
2026-08-17T08:48:54.427806+00:00,NIKKEI,high_volatility,119,False,-0.0177,3,-1.032,0.333,0.0199,0.0244,3,0.828,0.667,mut-c1d5a1,1783914987.901319,True,
2026-08-17T08:48:59.800255+00:00,HSI,trending_up,117,False,0.0163,4,0.363,0.5,0.01,0.0191,4,0.443,0.5,mut-220ee6,1786354072.6067727,True,
2026-08-17T08:49:04.929674+00:00,SENSEX,ranging,119,False,-0.0278,4,-1.354,0.25,0.0297,0.001,3,0.03,0.333,mut-dddd39,1784038554.1117454,True,
2026-08-17T08:49:09.943910+00:00,ASX200,trending_up,124,False,-0.01,1,0.0,0.0,0.01,0.0041,3,0.133,0.333,mut-8859ed,1786413523.46849,True,
2026-08-17T08:49:13.965852+00:00,AAPL,high_volatility,125,False,-0.0071,4,-0.175,0.25,0.01,0.0131,5,0.233,0.6,mut-3c43e6,1785811782.91854,True,
2026-08-17T08:49:19.453570+00:00,MSFT,high_volatility,125,False,0.0,0,,,,0.0534,6,0.914,0.833,mut-417f54,1785866030.0990324,True,
2026-08-17T08:49:24.644623+00:00,NVDA,high_volatility,125,False,-0.0313,5,-0.872,0.2,0.0394,0.0225,2,3.025,1.0,mut-78d460,1785433250.8173203,True,
2026-08-17T08:49:28.778287+00:00,GOOGL,high_volatility,125,False,-0.0498,6,-2.458,0.0,0.049,0.0229,2,3.208,1.0,mut-bf5889,1784776571.9995205,True,
2026-08-17T08:49:33.965090+00:00,AMZN,high_volatility,125,False,-0.0551,6,-6.645,0.0,0.049,0.025,2,5.016,1.0,imm-5ecbb6,1784948103.51404,True,
2026-08-17T08:49:37.874247+00:00,META,high_volatility,125,False,-0.0192,3,-1.268,0.333,0.0199,0.0199,3,0.559,0.667,mut-ceb411,1785926501.1619763,True,
2026-08-17T08:49:43.069282+00:00,TSLA,high_volatility,125,False,0.0,0,,,,0.0236,4,0.569,0.75,mut-842635,1783887921.345828,True,
2026-08-17T08:49:48.227912+00:00,BRKB,high_volatility,125,False,0.0166,4,0.368,0.5,0.01,0.0298,4,0.717,0.75,mut-555b97,1786071060.3954887,True,
2026-08-17T08:49:53.441558+00:00,LLY,high_volatility,125,False,0.0084,3,0.272,0.667,0.01,0.0385,5,0.756,0.8,mut-5648c7,1784363164.0287595,True,
2026-08-17T08:49:59.377365+00:00,V,trending_up,125,False,0.0,0,,,,0.0274,3,1.081,0.667,mut-5f31b7,1786869327.668408,True,
2026-08-17T08:50:03.364655+00:00,JPM,trending_up,125,False,0.0,0,,,,0.0398,3,5.096,1.0,mut-44cc85,1784776603.1924407,True,
2026-08-17T16:31:12.240363+00:00,EURUSD,ranging,130,False,-0.0012,3,-0.035,0.333,0.01,0.0214,2,2.499,1.0,mut-9ac3c3,1784827527.8572602,True,
2026-08-17T16:31:16.155192+00:00,GBPUSD,ranging,130,False,-0.049,6,-2.235,0.0,0.049,0.013,3,0.408,0.667,mut-5089ff,1785321738.3398762,True,
2026-08-17T16:31:36.566888+00:00,USDJPY,trending_down,130,False,-0.0466,10,-0.491,0.2,0.054,0.0292,5,0.508,0.6,breako-f6f93e,1786929946.1332827,True,
2026-08-17T16:31:52.377011+00:00,AUDUSD,trending_up,130,False,0.0027,4,0.061,0.5,0.0199,0.0027,4,0.061,0.5,mut-8c82d0,1786984300.6281297,True,
2026-08-17T16:31:56.588351+00:00,USDCAD,trending_down,130,False,0.0199,4,0.466,0.5,0.01,0.029,2,30.381,1.0,mean_r-3dc72c,1786956420.9301782,True,
2026-08-17T16:32:07.605555+00:00,USDCHF,ranging,130,False,-0.0185,5,-0.387,0.2,0.0199,0.0293,2,44.593,1.0,imm-4fc33a,1784741046.2585468,True,
2026-08-17T16:32:22.978016+00:00,NZDUSD,ranging,130,False,-0.0137,3,-0.604,0.333,0.0199,0.0146,2,0.951,0.5,mut-9ac759,1785321761.60003,True,
2026-08-17T16:32:27.104898+00:00,EURGBP,ranging,130,True,0.0298,3,1.363,0.667,0.0,0.0298,3,1.363,0.667,mut-4339b8,1786984346.8776708,True,
2026-08-17T16:32:31.912235+00:00,EURJPY,ranging,130,False,-0.0265,3,-5.514,0.0,0.0199,0.0147,2,0.957,0.5,mut-b7ed4f,1786640359.3595927,True,
2026-08-17T16:32:36.878313+00:00,GBPJPY,ranging,130,False,-0.0347,7,-0.577,0.143,0.0394,0.0274,5,0.463,0.6,adapti-cd3243,1786553985.0193646,True,
2026-08-17T16:32:41.847798+00:00,XAUUSD,high_volatility,126,False,0.0001,4,0.003,0.5,0.0199,0.023,2,3.283,1.0,mut-aef8ad,1784888561.9697459,True,
2026-08-17T16:32:46.745651+00:00,USOIL,high_volatility,126,False,-0.0102,2,-1.05,0.0,0.01,0.0203,2,2.087,1.0,mut-44fc90,1783821407.0754356,True,
2026-08-17T16:32:51.458717+00:00,BTCUSD,ranging,182,False,-0.0222,3,-2.039,0.0,0.0199,,,,,,,True,
2026-08-17T16:32:57.450215+00:00,ETHUSD,high_volatility,182,False,0.0,0,,,,0.0338,5,0.629,0.6,imm-7ac82e,1784277230.6638775,True,
2026-08-17T16:33:01.840095+00:00,SOLUSD,high_volatility,182,False,-0.0117,2,-1.424,0.0,0.01,0.0223,4,0.53,0.75,mut-db8220,1785206756.6628072,True,
2026-08-17T16:33:06.554852+00:00,XRPUSD,high_volatility,182,False,0.0028,2,0.123,0.5,0.01,0.0376,5,0.738,0.8,mut-eb4a78,1785174380.1173518,True,
2026-08-17T16:33:12.553027+00:00,BNBUSD,high_volatility,182,False,-0.0091,4,-0.221,0.25,0.0199,0.0203,2,2.079,1.0,mut-167b4d,1785840212.5746226,True,
2026-08-17T16:33:18.851707+00:00,ADAUSD,high_volatility,182,False,-0.0289,6,-0.54,0.167,0.0297,0.0435,5,0.874,0.8,mut-a36803,1785235220.1110218,True,
2026-08-17T16:33:24.028353+00:00,SPX,high_volatility,126,False,0.0,0,,,,0.0082,1,0.0,1.0,imm-7bcae5,1786640406.2374578,True,
2026-08-17T16:33:29.406148+00:00,NASDAQ,high_volatility,126,False,0.0,0,,,,0.0211,4,0.503,0.75,imm-9a582c,1786153872.2105956,True,
2026-08-17T16:33:34.244401+00:00,DJI,trending_up,126,False,-0.0069,4,-0.171,0.25,0.0199,0.0286,3,1.206,0.667,imm-f6a612,1786093449.0598,True,
2026-08-17T16:33:38.442848+00:00,RUT,trending_up,126,False,-0.0076,1,0.0,0.0,0.0,0.017,2,1.316,1.0,mut-c12dc0,1786153881.8891637,True,
2026-08-17T16:33:43.303755+00:00,VIX,high_volatility,127,False,0.0,0,,,,0.0641,6,1.152,0.833,imm-48c3d1,1785840241.6769683,True,
2026-08-17T16:33:48.338146+00:00,FTSE,trending_up,126,False,0.0,0,,,,0.0298,3,1.353,0.667,mut-52b925,1786354054.6523268,True,
2026-08-17T16:33:53.266689+00:00,DAX,high_volatility,127,False,0.0172,2,1.335,1.0,0.0,0.0226,2,3.055,1.0,init-81e4e6,1786526194.1343882,True,
2026-08-17T16:33:58.612438+00:00,CAC40,trending_up,127,False,0.0,0,,,,0.0285,2,19.534,1.0,mut-37f60a,1785984577.7157676,True,
2026-08-17T16:34:03.644940+00:00,NIKKEI,high_volatility,121,False,0.0049,2,0.193,0.5,0.01,0.0244,3,0.828,0.667,mut-c1d5a1,1783914987.901319,True,
2026-08-17T16:34:08.463707+00:00,HSI,ranging,119,True,0.0211,4,0.499,0.75,0.01,0.0211,4,0.499,0.75,mut-ffdf6d,1786984448.2217853,True,
2026-08-17T16:34:13.295761+00:00,SENSEX,ranging,122,False,-0.0199,3,-1.414,0.0,0.0199,0.001,3,0.03,0.333,mut-dddd39,1784038554.1117454,True,
2026-08-17T16:34:18.458605+00:00,ASX200,trending_up,126,False,-0.0038,3,-0.11,0.333,0.01,0.0041,3,0.133,0.333,mut-8859ed,1786413523.46849,True,
2026-08-17T16:34:22.790860+00:00,AAPL,high_volatility,126,False,0.0026,6,0.038,0.5,0.0199,0.0131,5,0.233,0.6,mut-3c43e6,1785811782.91854,True,
2026-08-17T16:34:27.178393+00:00,MSFT,high_volatility,126,False,0.0,0,,,,0.0534,6,0.914,0.833,mut-417f54,1785866030.0990324,True,
2026-08-17T16:34:32.534771+00:00,NVDA,high_volatility,126,False,-0.0249,4,-0.983,0.25,0.0297,0.0225,2,3.025,1.0,mut-78d460,1785433250.8173203,True,
2026-08-17T16:34:37.493593+00:00,GOOGL,high_volatility,126,False,0.0,0,,,,0.0229,2,3.208,1.0,mut-bf5889,1784776571.9995205,True,
2026-08-17T16:34:41.588613+00:00,AMZN,high_volatility,126,False,-0.0471,5,-10.748,0.0,0.0394,0.025,2,5.016,1.0,imm-5ecbb6,1784948103.51404,True,
2026-08-17T16:34:46.657444+00:00,META,high_volatility,126,False,-0.0031,4,-0.075,0.5,0.01,0.0199,3,0.559,0.667,mut-ceb411,1785926501.1619763,True,
2026-08-17T16:34:51.600822+00:00,TSLA,high_volatility,126,False,-0.016,2,-4.056,0.0,0.01,0.0236,4,0.569,0.75,mut-842635,1783887921.345828,True,
2026-08-17T16:34:55.634443+00:00,BRKB,high_volatility,126,False,0.0199,3,0.554,0.667,0.01,0.0298,4,0.717,0.75,mut-555b97,1786071060.3954887,True,
2026-08-17T16:35:00.715946+00:00,LLY,high_volatility,126,False,0.0102,3,0.329,0.667,0.01,0.0385,5,0.756,0.8,mut-5648c7,1784363164.0287595,True,
2026-08-17T16:35:05.475329+00:00,V,trending_up,126,False,-0.01,1,0.0,0.0,0.01,0.0274,3,1.081,0.667,mut-5f31b7,1786869327.668408,True,
2026-08-17T16:35:09.799933+00:00,JPM,trending_up,126,False,0.0,0,,,,0.0398,3,5.096,1.0,mut-44cc85,1784776603.1924407,True,
2026-08-18T01:21:48.857627+00:00,EURUSD,trending_up,130,False,-0.0014,4,-0.033,0.5,0.0199,,,,,,,True,
2026-08-18T01:21:52.723749+00:00,GBPUSD,trending_up,130,False,-0.0213,4,-0.671,0.25,0.0297,0.0017,4,0.039,0.5,mut-5e0487,1786207036.534394,True,
2026-08-18T01:22:03.606470+00:00,USDJPY,trending_down,130,False,0.0,0,,,,0.0292,5,0.508,0.6,breako-f6f93e,1786929946.1332827,True,
2026-08-18T01:22:15.257634+00:00,AUDUSD,trending_up,130,False,-0.0224,6,-0.393,0.333,0.0297,0.0027,4,0.061,0.5,mut-8c82d0,1786984300.6281297,True,
2026-08-18T01:22:19.523280+00:00,USDCAD,trending_down,130,False,0.0023,2,0.104,0.5,0.01,0.029,2,30.381,1.0,mean_r-3dc72c,1786956420.9301782,True,
2026-08-18T01:22:34.557551+00:00,USDCHF,ranging,130,False,0.017,2,1.314,1.0,0.0,0.0293,2,44.593,1.0,imm-4fc33a,1784741046.2585468,True,
2026-08-18T01:22:39.913957+00:00,NZDUSD,trending_up,130,True,0.0256,4,0.622,0.75,0.01,0.0256,4,0.622,0.75,mut-517e66,1787016159.6892376,True,
2026-08-18T01:22:44.721354+00:00,EURGBP,ranging,130,False,0.0,0,,,,0.0298,3,1.363,0.667,mut-4339b8,1786984346.8776708,True,
2026-08-18T01:22:49.563571+00:00,EURJPY,ranging,130,False,-0.0142,6,-0.219,0.333,0.0297,0.0147,2,0.957,0.5,mut-b7ed4f,1786640359.3595927,True,
2026-08-18T01:22:54.580109+00:00,GBPJPY,ranging,130,False,0.0249,5,0.4,0.6,0.01,0.0274,5,0.463,0.6,adapti-cd3243,1786553985.0193646,True,
2026-08-18T01:22:58.811388+00:00,XAUUSD,high_volatility,126,False,0.012,3,0.38,0.667,0.01,0.023,2,3.283,1.0,mut-aef8ad,1784888561.9697459,True,
2026-08-18T01:23:02.786183+00:00,USOIL,high_volatility,126,False,-0.0141,3,-0.631,0.333,0.0199,0.0203,2,2.087,1.0,mut-44fc90,1783821407.0754356,True,
2026-08-18T01:23:09.076863+00:00,BTCUSD,ranging,181,False,0.0,0,,,,,,,,,,True,
2026-08-18T01:23:15.035518+00:00,ETHUSD,high_volatility,181,False,-0.0104,3,-0.376,0.333,0.0199,0.0338,5,0.629,0.6,imm-7ac82e,1784277230.6638775,True,
2026-08-18T01:23:19.816001+00:00,SOLUSD,high_volatility,181,False,-0.0043,2,-0.273,0.5,0.01,0.0223,4,0.53,0.75,mut-db8220,1785206756.6628072,True,
2026-08-18T01:23:25.891055+00:00,XRPUSD,high_volatility,181,False,0.0139,5,0.248,0.6,0.01,0.0376,5,0.738,0.8,mut-eb4a78,1785174380.1173518,True,
2026-08-18T01:23:31.994628+00:00,BNBUSD,high_volatility,181,False,-0.0248,3,-3.432,0.0,0.0199,0.0203,2,2.079,1.0,mut-167b4d,1785840212.5746226,True,
2026-08-18T01:23:36.693082+00:00,ADAUSD,high_volatility,181,False,-0.049,6,-2.235,0.0,0.049,0.0435,5,0.874,0.8,mut-a36803,1785235220.1110218,True,
2026-08-18T01:23:41.052020+00:00,SPX,high_volatility,125,False,0.0,0,,,,0.0082,1,0.0,1.0,imm-7bcae5,1786640406.2374578,True,
2026-08-18T01:23:45.171253+00:00,NASDAQ,high_volatility,125,False,-0.0193,3,-1.289,0.333,0.0199,0.0211,4,0.503,0.75,imm-9a582c,1786153872.2105956,True,
2026-08-18T01:23:50.227547+00:00,DJI,trending_up,125,False,0.0099,2,0.496,0.5,0.0,0.0286,3,1.206,0.667,imm-f6a612,1786093449.0598,True,
2026-08-18T01:23:54.539559+00:00,RUT,trending_up,125,False,0.0,0,,,,0.017,2,1.316,1.0,mut-c12dc0,1786153881.8891637,True,
2026-08-18T01:23:59.333677+00:00,VIX,high_volatility,127,False,0.0017,1,0.0,1.0,0.0,0.0641,6,1.152,0.833,imm-48c3d1,1785840241.6769683,True,
2026-08-18T01:24:04.190713+00:00,FTSE,trending_up,125,False,0.0136,2,0.833,0.5,0.0,0.0298,3,1.353,0.667,mut-52b925,1786354054.6523268,True,
2026-08-18T01:24:09.325286+00:00,DAX,high_volatility,126,False,0.0,0,,,,0.0226,2,3.055,1.0,init-81e4e6,1786526194.1343882,True,
2026-08-18T01:24:13.765584+00:00,CAC40,trending_up,126,False,0.0,0,,,,0.0285,2,19.534,1.0,mut-37f60a,1785984577.7157676,True,
2026-08-18T01:24:18.555818+00:00,NIKKEI,high_volatility,121,False,-0.0143,5,-0.292,0.4,0.0199,0.0244,3,0.828,0.667,mut-c1d5a1,1783914987.901319,True,
2026-08-18T01:24:23.240947+00:00,HSI,ranging,119,False,0.0,0,,,,0.0211,4,0.499,0.75,mut-ffdf6d,1786984448.2217853,True,
2026-08-18T01:24:27.273001+00:00,SENSEX,ranging,121,False,-0.0023,2,-0.133,0.5,0.01,0.001,3,0.03,0.333,mut-dddd39,1784038554.1117454,True,
2026-08-18T01:24:32.360417+00:00,ASX200,trending_up,126,False,-0.0133,2,-1.99,0.0,0.01,0.0041,3,0.133,0.333,mut-8859ed,1786413523.46849,True,
2026-08-18T01:24:37.507256+00:00,AAPL,high_volatility,125,False,0.0,0,,,,0.0131,5,0.233,0.6,mut-3c43e6,1785811782.91854,True,
2026-08-18T01:24:42.832168+00:00,MSFT,high_volatility,125,False,0.0177,4,0.405,0.5,0.01,0.0534,6,0.914,0.833,mut-417f54,1785866030.0990324,True,
2026-08-18T01:24:47.693104+00:00,NVDA,high_volatility,125,False,-0.0063,2,-0.46,0.5,0.01,0.0225,2,3.025,1.0,mut-78d460,1785433250.8173203,True,
2026-08-18T01:24:52.114253+00:00,GOOGL,high_volatility,125,False,0.0096,5,0.17,0.4,0.01,0.0229,2,3.208,1.0,mut-bf5889,1784776571.9995205,True,
2026-08-18T01:24:56.263751+00:00,AMZN,high_volatility,125,False,-0.0125,4,-0.3,0.25,0.01,0.025,2,5.016,1.0,imm-5ecbb6,1784948103.51404,True,
2026-08-18T01:25:00.317960+00:00,META,high_volatility,125,False,-0.0273,4,-1.275,0.25,0.0297,0.0199,3,0.559,0.667,mut-ceb411,1785926501.1619763,True,
2026-08-18T01:25:05.139372+00:00,TSLA,high_volatility,125,False,0.009,2,0.43,0.5,0.0,0.0236,4,0.569,0.75,mut-842635,1783887921.345828,True,
2026-08-18T01:25:10.155762+00:00,BRKB,high_volatility,125,False,0.0182,6,0.25,0.5,0.01,0.0298,4,0.717,0.75,mut-555b97,1786071060.3954887,True,
2026-08-18T01:25:15.207408+00:00,LLY,high_volatility,125,False,-0.0166,3,-0.882,0.333,0.0199,0.0385,5,0.756,0.8,mut-5648c7,1784363164.0287595,True,
2026-08-18T01:25:19.351360+00:00,V,trending_up,125,False,0.0236,3,0.766,0.667,0.0,0.0274,3,1.081,0.667,mut-5f31b7,1786869327.668408,True,
2026-08-18T01:25:23.636486+00:00,JPM,trending_up,125,False,0.0,0,,,,0.0398,3,5.096,1.0,mut-44cc85,1784776603.1924407,True,
2026-08-18T08:40:10.707200+00:00,EURUSD,trending_up,130,True,0.0093,3,0.301,0.667,0.01,0.0093,3,0.301,0.667,mut-9504db,1787042410.494208,True,
2026-08-18T08:40:16.183466+00:00,GBPUSD,ranging,129,False,-0.0503,6,-2.642,0.0,0.049,0.013,3,0.408,0.667,mut-5089ff,1785321738.3398762,True,
2026-08-18T08:40:21.922669+00:00,USDJPY,trending_down,130,False,0.0,0,,,,0.0292,5,0.508,0.6,breako-f6f93e,1786929946.1332827,True,
2026-08-18T08:40:25.882786+00:00,AUDUSD,trending_up,129,False,0.0,0,,,,0.0027,4,0.061,0.5,mut-8c82d0,1786984300.6281297,True,
2026-08-18T08:40:30.003423+00:00,USDCAD,trending_down,130,False,0.0026,2,0.116,0.5,0.01,0.029,2,30.381,1.0,mean_r-3dc72c,1786956420.9301782,True,
2026-08-18T08:40:35.591624+00:00,USDCHF,ranging,130,False,0.0179,2,1.479,1.0,0.0,0.0293,2,44.593,1.0,imm-4fc33a,1784741046.2585468,True,
2026-08-18T08:40:41.212225+00:00,NZDUSD,ranging,130,False,0.023,4,0.554,0.75,0.01,0.0146,2,0.951,0.5,mut-9ac759,1785321761.60003,True,
2026-08-18T08:40:46.612144+00:00,EURGBP,ranging,130,False,0.0284,3,1.185,0.667,0.0,0.0298,3,1.363,0.667,mut-4339b8,1786984346.8776708,True,
2026-08-18T08:40:52.032187+00:00,EURJPY,ranging,129,False,-0.0282,5,-0.669,0.2,0.0394,0.0147,2,0.957,0.5,mut-b7ed4f,1786640359.3595927,True,
2026-08-18T08:40:57.563226+00:00,GBPJPY,ranging,129,False,-0.0339,7,-0.559,0.286,0.0394,0.0274,5,0.463,0.6,adapti-cd3243,1786553985.0193646,True,
2026-08-18T08:41:03.112434+00:00,XAUUSD,high_volatility,126,False,-0.0151,5,-0.309,0.2,0.0297,0.023,2,3.283,1.0,mut-aef8ad,1784888561.9697459,True,
2026-08-18T08:41:07.123519+00:00,USOIL,high_volatility,126,False,-0.0144,3,-0.656,0.333,0.0199,0.0203,2,2.087,1.0,mut-44fc90,1783821407.0754356,True,
2026-08-18T08:41:13.926424+00:00,BTCUSD,ranging,182,False,-0.0282,4,-1.434,0.25,0.0297,,,,,,,True,
2026-08-18T08:41:20.687213+00:00,ETHUSD,high_volatility,182,False,-0.0207,4,-0.632,0.25,0.0297,0.0338,5,0.629,0.6,imm-7ac82e,1784277230.6638775,True,
2026-08-18T08:41:25.315567+00:00,SOLUSD,high_volatility,182,False,-0.0044,2,-0.286,0.5,0.01,0.0223,4,0.53,0.75,mut-db8220,1785206756.6628072,True,
2026-08-18T08:41:30.044419+00:00,XRPUSD,high_volatility,182,False,0.0141,1,0.0,1.0,0.0,0.0376,5,0.738,0.8,mut-eb4a78,1785174380.1173518,True,
2026-08-18T08:41:36.928239+00:00,BNBUSD,high_volatility,182,False,-0.0253,3,-3.959,0.0,0.0199,0.0203,2,2.079,1.0,mut-167b4d,1785840212.5746226,True,
2026-08-18T08:41:43.427345+00:00,ADAUSD,high_volatility,182,False,-0.0162,5,-0.337,0.2,0.0199,0.0435,5,0.874,0.8,mut-a36803,1785235220.1110218,True,
2026-08-18T08:41:47.474626+00:00,SPX,ranging,122,False,0.0,0,,,,0.004,1,0.0,1.0,mut-a5176c,1784861666.493881,True,
2026-08-18T08:41:53.033489+00:00,NASDAQ,ranging,122,False,nan,3,nan,0.0,0.0199,0.0177,11,0.132,0.455,mut-d84022,1783650806.8484473,True,
2026-08-18T08:41:58.374827+00:00,DJI,ranging,125,False,nan,6,nan,0.0,0.049,0.017,2,1.3,1.0,mut-28bf02,1784827628.5364316,True,
2026-08-18T08:42:02.572959+00:00,RUT,trending_up,124,False,0.0,0,,,,0.017,2,1.316,1.0,mut-c12dc0,1786153881.8891637,True,
2026-08-18T08:42:07.947211+00:00,VIX,high_volatility,126,False,0.0005,1,0.0,1.0,0.0,0.0641,6,1.152,0.833,imm-48c3d1,1785840241.6769683,True,
2026-08-18T08:42:15.652685+00:00,FTSE,trending_up,125,False,-0.0121,4,-0.293,0.25,0.0199,0.0298,3,1.353,0.667,mut-52b925,1786354054.6523268,True,
2026-08-18T08:42:21.210683+00:00,DAX,high_volatility,126,False,0.015,2,1.001,1.0,0.0,0.0226,2,3.055,1.0,init-81e4e6,1786526194.1343882,True,
2026-08-18T08:42:26.891688+00:00,CAC40,trending_up,123,False,-0.0145,2,-2.63,0.0,0.01,0.0285,2,19.534,1.0,mut-37f60a,1785984577.7157676,True,
2026-08-18T08:42:32.302562+00:00,NIKKEI,high_volatility,118,False,0.0037,3,0.118,0.333,0.01,0.0244,3,0.828,0.667,mut-c1d5a1,1783914987.901319,True,
2026-08-18T08:42:37.470545+00:00,HSI,trending_up,120,False,-0.0001,4,-0.003,0.5,0.01,0.0191,4,0.443,0.5,mut-220ee6,1786354072.6067727,True,
2026-08-18T08:42:42.958273+00:00,SENSEX,ranging,121,False,-0.0319,5,-0.916,0.2,0.0394,0.001,3,0.03,0.333,mut-dddd39,1784038554.1117454,True,
2026-08-18T08:42:48.467188+00:00,ASX200,trending_up,126,False,-0.0145,2,-2.63,0.0,0.01,0.0041,3,0.133,0.333,mut-8859ed,1786413523.46849,True,
2026-08-18T08:42:54.341900+00:00,AAPL,ranging,125,False,nan,4,nan,0.25,0.01,,,,,,,True,
2026-08-18T08:42:59.961570+00:00,MSFT,ranging,125,False,0.0,0,,,,0.0336,6,0.49,0.667,mut-c1d1a2,1785293652.4775221,True,
2026-08-18T08:43:05.431645+00:00,NVDA,ranging,125,False,nan,2,nan,0.0,0.01,,,,,,,True,
2026-08-18T08:43:11.443747+00:00,GOOGL,ranging,125,False,nan,5,nan,0.4,0.01,0.0097,4,0.195,0.5,init-394c9a,1785321891.8670652,True,
2026-08-18T08:43:15.497717+00:00,AMZN,ranging,125,False,nan,4,nan,0.5,0.01,,,,,,,True,
2026-08-18T08:43:21.321081+00:00,META,ranging,125,False,nan,4,nan,0.25,0.01,,,,,,,True,
2026-08-18T08:43:26.708095+00:00,TSLA,ranging,125,False,nan,2,nan,0.0,0.01,,,,,,,True,
2026-08-18T08:43:32.122637+00:00,BRKB,ranging,125,False,nan,7,nan,0.286,0.0297,0.014,3,0.439,0.667,mut-43a374,1785433274.0539877,True,
2026-08-18T08:43:37.859772+00:00,LLY,ranging,125,False,nan,3,nan,0.0,0.0199,,,,,,,True,
2026-08-18T08:43:43.741140+00:00,V,ranging,125,False,nan,3,nan,0.667,0.0,0.0321,3,1.714,1.0,mut-be4f45,1786587257.3985262,True,
2026-08-18T08:43:49.129160+00:00,JPM,ranging,125,False,nan,2,nan,0.0,0.01,,,,,,,True,
2026-08-18T16:34:35.553588+00:00,EURUSD,trending_up,130,False,-0.0101,4,-0.245,0.25,0.0199,0.0093,3,0.301,0.667,mut-9504db,1787042410.494208,True,
2026-08-18T16:34:40.945337+00:00,GBPUSD,trending_up,130,False,-0.0397,5,-2.064,0.0,0.0394,0.0017,4,0.039,0.5,mut-5e0487,1786207036.534394,True,
2026-08-18T16:34:44.971718+00:00,USDJPY,trending_down,130,False,0.0,0,,,,0.0292,5,0.508,0.6,breako-f6f93e,1786929946.1332827,True,
2026-08-18T16:34:50.270122+00:00,AUDUSD,trending_up,130,False,-0.0241,6,-0.431,0.333,0.0297,0.0027,4,0.061,0.5,mut-8c82d0,1786984300.6281297,True,
2026-08-18T16:34:54.348210+00:00,USDCAD,trending_down,130,False,0.0001,2,0.007,0.5,0.01,0.029,2,30.381,1.0,mean_r-3dc72c,1786956420.9301782,True,
2026-08-18T16:34:59.858396+00:00,USDCHF,ranging,130,False,-0.0066,4,-0.163,0.25,0.01,0.0293,2,44.593,1.0,imm-4fc33a,1784741046.2585468,True,
2026-08-18T16:35:05.722259+00:00,NZDUSD,ranging,130,False,0.023,4,0.552,0.75,0.01,0.0146,2,0.951,0.5,mut-9ac759,1785321761.60003,True,
2026-08-18T16:35:11.333631+00:00,EURGBP,ranging,130,False,0.0,0,,,,0.0298,3,1.363,0.667,mut-4339b8,1786984346.8776708,True,
2026-08-18T16:35:16.722770+00:00,EURJPY,ranging,130,False,-0.0124,5,-0.251,0.4,0.0199,0.0147,2,0.957,0.5,mut-b7ed4f,1786640359.3595927,True,
2026-08-18T16:35:22.524932+00:00,GBPJPY,ranging,130,False,-0.0093,7,-0.122,0.429,0.0199,0.0274,5,0.463,0.6,adapti-cd3243,1786553985.0193646,True,
2026-08-18T16:35:28.187529+00:00,XAUUSD,high_volatility,126,False,0.0,0,,,,0.023,2,3.283,1.0,mut-aef8ad,1784888561.9697459,True,
2026-08-18T16:35:32.203565+00:00,USOIL,high_volatility,126,False,-0.0142,2,-2.454,0.0,0.01,0.0203,2,2.087,1.0,mut-44fc90,1783821407.0754356,True,
2026-08-18T16:35:39.137144+00:00,BTCUSD,ranging,182,False,-0.0272,4,-1.269,0.25,0.0297,,,,,,,True,
2026-08-18T16:35:45.844270+00:00,ETHUSD,high_volatility,182,False,-0.0396,5,-2.057,0.0,0.0394,0.0338,5,0.629,0.6,imm-7ac82e,1784277230.6638775,True,
2026-08-18T16:35:52.540108+00:00,SOLUSD,high_volatility,182,False,-0.0056,2,-0.385,0.5,0.01,0.0223,4,0.53,0.75,mut-db8220,1785206756.6628072,True,
2026-08-18T16:35:59.342361+00:00,XRPUSD,high_volatility,182,False,-0.013,5,-0.267,0.4,0.0297,0.0376,5,0.738,0.8,mut-eb4a78,1785174380.1173518,True,
2026-08-18T16:36:06.226831+00:00,BNBUSD,high_volatility,182,False,-0.0106,4,-0.255,0.25,0.0199,0.0203,2,2.079,1.0,mut-167b4d,1785840212.5746226,True,
2026-08-18T16:36:12.960932+00:00,ADAUSD,high_volatility,182,False,-0.0144,5,-0.295,0.4,0.0199,0.0435,5,0.874,0.8,mut-a36803,1785235220.1110218,True,
2026-08-18T16:36:18.860826+00:00,SPX,high_volatility,126,False,0.0,0,,,,0.0082,1,0.0,1.0,imm-7bcae5,1786640406.2374578,True,
2026-08-18T16:36:22.905347+00:00,NASDAQ,high_volatility,126,False,-0.0153,3,-0.74,0.333,0.0199,0.0211,4,0.503,0.75,imm-9a582c,1786153872.2105956,True,
2026-08-18T16:36:28.428061+00:00,DJI,trending_up,126,False,0.0092,2,0.444,0.5,0.0,0.0286,3,1.206,0.667,imm-f6a612,1786093449.0598,True,
2026-08-18T16:36:32.479056+00:00,RUT,trending_up,126,False,0.0,0,,,,0.017,2,1.316,1.0,mut-c12dc0,1786153881.8891637,True,
2026-08-18T16:36:38.211884+00:00,VIX,high_volatility,127,False,0.0049,1,0.0,1.0,0.0,0.0641,6,1.152,0.833,imm-48c3d1,1785840241.6769683,True,
2026-08-18T16:36:43.859700+00:00,FTSE,ranging,126,False,-0.0013,3,-0.04,0.333,0.01,0.0038,3,0.122,0.333,mut-13c6ca,1783887611.8882253,True,
2026-08-18T16:36:47.917123+00:00,DAX,trending_up,127,False,-0.0199,2,-199.0,0.0,0.0199,0.01,3,0.325,0.667,imm-8bd849,1786153894.6424987,True,
2026-08-18T16:36:52.004446+00:00,CAC40,ranging,127,False,-0.025,4,-0.984,0.25,0.0297,0.0141,2,0.89,0.5,mut-b9b556,1784630003.5888314,True,
2026-08-18T16:36:55.948260+00:00,NIKKEI,high_volatility,121,False,-0.0121,4,-0.288,0.25,0.0199,0.0244,3,0.828,0.667,mut-c1d5a1,1783914987.901319,True,
2026-08-18T16:37:01.432898+00:00,HSI,trending_up,120,False,-0.01,4,-0.244,0.25,0.01,0.0191,4,0.443,0.5,mut-220ee6,1786354072.6067727,True,
2026-08-18T16:37:06.847618+00:00,SENSEX,ranging,122,False,0.0008,1,0.0,1.0,0.0,0.001,3,0.03,0.333,mut-dddd39,1784038554.1117454,True,
2026-08-18T16:37:12.488646+00:00,ASX200,trending_up,126,False,-0.0143,2,-2.51,0.0,0.01,0.0041,3,0.133,0.333,mut-8859ed,1786413523.46849,True,
2026-08-18T16:37:18.302737+00:00,AAPL,high_volatility,126,False,0.0,0,,,,0.0131,5,0.233,0.6,mut-3c43e6,1785811782.91854,True,
2026-08-18T16:37:22.647778+00:00,MSFT,high_volatility,126,False,0.0,0,,,,0.0534,6,0.914,0.833,mut-417f54,1785866030.0990324,True,
2026-08-18T16:37:28.252824+00:00,NVDA,high_volatility,126,False,-0.0097,2,-0.944,0.5,0.01,0.0225,2,3.025,1.0,mut-78d460,1785433250.8173203,True,
2026-08-18T16:37:32.381269+00:00,GOOGL,high_volatility,126,False,0.0097,5,0.172,0.6,0.01,0.0229,2,3.208,1.0,mut-bf5889,1784776571.9995205,True,
2026-08-18T16:37:36.452144+00:00,AMZN,high_volatility,126,False,0.0123,4,0.259,0.5,0.01,0.025,2,5.016,1.0,imm-5ecbb6,1784948103.51404,True,
2026-08-18T16:37:40.511056+00:00,META,high_volatility,126,False,-0.0309,4,-2.041,0.0,0.0297,0.0199,3,0.559,0.667,mut-ceb411,1785926501.1619763,True,
2026-08-18T16:37:44.574108+00:00,TSLA,high_volatility,126,False,0.0096,2,0.472,0.5,0.0,0.0236,4,0.569,0.75,mut-842635,1783887921.345828,True,
2026-08-18T16:37:50.448710+00:00,BRKB,high_volatility,126,False,0.0,0,,,,0.0298,4,0.717,0.75,mut-555b97,1786071060.3954887,True,
2026-08-18T16:37:54.580528+00:00,LLY,high_volatility,126,False,-0.0123,3,-0.496,0.333,0.0199,0.0385,5,0.756,0.8,mut-5648c7,1784363164.0287595,True,
2026-08-18T16:37:58.640219+00:00,V,trending_up,126,False,-0.01,1,0.0,0.0,0.01,0.0274,3,1.081,0.667,mut-5f31b7,1786869327.668408,True,
2026-08-18T16:38:04.233018+00:00,JPM,trending_up,126,False,0.0172,2,1.35,1.0,0.0,0.0398,3,5.096,1.0,mut-44cc85,1784776603.1924407,True,
2026-08-19T01:23:44.420884+00:00,EURUSD,trending_up,130,False,-0.0149,2,-2.895,0.0,0.01,0.0093,3,0.301,0.667,mut-9504db,1787042410.494208,True,
2026-08-19T01:23:48.333722+00:00,GBPUSD,trending_up,130,False,-0.0199,2,-199.0,0.0,0.0199,0.0017,4,0.039,0.5,mut-5e0487,1786207036.534394,True,
2026-08-19T01:23:59.143697+00:00,USDJPY,trending_down,130,False,0.0,0,,,,0.0292,5,0.508,0.6,breako-f6f93e,1786929946.1332827,True,
2026-08-19T01:24:03.210772+00:00,AUDUSD,trending_up,130,True,0.0191,4,0.443,0.5,0.01,0.0191,4,0.443,0.5,mut-3049d3,1787102642.990575,True,
2026-08-19T01:24:14.039386+00:00,USDCAD,trending_down,130,False,-0.0003,2,-0.016,0.5,0.01,0.029,2,30.381,1.0,mean_r-3dc72c,1786956420.9301782,True,
2026-08-19T01:24:29.242058+00:00,USDCHF,ranging,130,False,0.004,3,0.128,0.333,0.01,0.0293,2,44.593,1.0,imm-4fc33a,1784741046.2585468,True,
2026-08-19T01:24:33.214116+00:00,NZDUSD,ranging,130,False,-0.0199,2,-199.0,0.0,0.0199,0.0146,2,0.951,0.5,mut-9ac759,1785321761.60003,True,
2026-08-19T01:24:37.936354+00:00,EURGBP,ranging,130,False,0.0164,2,1.204,1.0,0.0,0.0298,3,1.363,0.667,mut-4339b8,1786984346.8776708,True,
2026-08-19T01:24:42.005802+00:00,EURJPY,ranging,130,False,-0.023,6,-0.412,0.333,0.0297,0.0147,2,0.957,0.5,mut-b7ed4f,1786640359.3595927,True,
2026-08-19T01:24:46.992114+00:00,GBPJPY,ranging,130,False,0.0,0,,,,0.0274,5,0.463,0.6,adapti-cd3243,1786553985.0193646,True,
2026-08-19T01:24:51.726473+00:00,XAUUSD,high_volatility,126,False,-0.0077,1,0.0,0.0,0.0,0.023,2,3.283,1.0,mut-aef8ad,1784888561.9697459,True,
2026-08-19T01:24:55.688460+00:00,USOIL,high_volatility,126,False,-0.0074,2,-0.585,0.5,0.01,0.0203,2,2.087,1.0,mut-44fc90,1783821407.0754356,True,
2026-08-19T01:25:00.361332+00:00,BTCUSD,ranging,181,True,0.0029,3,0.091,0.333,0.01,0.0029,3,0.091,0.333,mut-6eb21d,1787102700.1313941,True,
2026-08-19T01:25:06.069458+00:00,ETHUSD,high_volatility,181,False,-0.0397,5,-2.067,0.0,0.0394,0.0338,5,0.629,0.6,imm-7ac82e,1784277230.6638775,True,
2026-08-19T01:25:11.995013+00:00,SOLUSD,high_volatility,181,False,-0.0087,2,-0.772,0.5,0.01,0.0223,4,0.53,0.75,mut-db8220,1785206756.6628072,True,
2026-08-19T01:25:18.191042+00:00,XRPUSD,high_volatility,181,True,0.0273,2,9.969,1.0,0.0,0.0273,2,9.969,1.0,mut-bed07a,1787102717.9566822,True,
2026-08-19T01:25:24.188026+00:00,BNBUSD,high_volatility,181,False,-0.0104,4,-0.251,0.25,0.0199,0.0203,2,2.079,1.0,mut-167b4d,1785840212.5746226,True,
2026-08-19T01:25:29.948609+00:00,ADAUSD,high_volatility,181,False,-0.0264,4,-1.156,0.25,0.0297,0.0435,5,0.874,0.8,mut-a36803,1785235220.1110218,True,
2026-08-19T01:25:34.937858+00:00,SPX,high_volatility,125,False,0.007,1,0.0,1.0,0.0,0.0082,1,0.0,1.0,imm-7bcae5,1786640406.2374578,True,
2026-08-19T01:25:39.137062+00:00,NASDAQ,high_volatility,125,False,0.0,0,,,,0.0211,4,0.503,0.75,imm-9a582c,1786153872.2105956,True,
2026-08-19T01:25:43.994448+00:00,DJI,trending_up,125,False,0.009,2,0.429,0.5,0.0,0.0286,3,1.206,0.667,imm-f6a612,1786093449.0598,True,
2026-08-19T01:25:48.950023+00:00,RUT,trending_up,125,False,0.0,0,,,,0.017,2,1.316,1.0,mut-c12dc0,1786153881.8891637,True,
2026-08-19T01:25:53.094901+00:00,VIX,high_volatility,127,False,0.0045,1,0.0,1.0,0.0,0.0641,6,1.152,0.833,imm-48c3d1,1785840241.6769683,True,
2026-08-19T01:25:57.102065+00:00,FTSE,ranging,126,False,-0.0177,3,-1.024,0.333,0.0199,0.0038,3,0.122,0.333,mut-13c6ca,1783887611.8882253,True,
2026-08-19T01:26:02.040019+00:00,DAX,trending_up,127,False,-0.0052,4,-0.128,0.5,0.0199,0.0171,2,1.32,1.0,mut-1ab323,1787102761.111086,True,
2026-08-19T01:26:07.013775+00:00,CAC40,ranging,127,False,-0.0105,4,-0.257,0.25,0.0199,0.0141,2,0.89,0.5,mut-b9b556,1784630003.5888314,True,
2026-08-19T01:26:11.030640+00:00,NIKKEI,high_volatility,122,False,-0.0451,5,-5.415,0.0,0.0394,0.0244,3,0.828,0.667,mut-c1d5a1,1783914987.901319,True,
2026-08-19T01:26:15.784389+00:00,HSI,trending_up,121,False,-0.0093,2,-0.864,0.5,0.01,0.0191,4,0.443,0.5,mut-220ee6,1786354072.6067727,True,
2026-08-19T01:26:20.473900+00:00,SENSEX,ranging,122,False,-0.0106,5,-0.209,0.4,0.0199,0.001,3,0.03,0.333,mut-dddd39,1784038554.1117454,True,
2026-08-19T01:26:24.546718+00:00,ASX200,trending_up,127,False,0.0,0,,,,0.0041,3,0.133,0.333,mut-8859ed,1786413523.46849,True,
2026-08-19T01:26:29.946055+00:00,AAPL,high_volatility,125,False,-0.0012,6,-0.018,0.333,0.0199,0.0131,5,0.233,0.6,mut-3c43e6,1785811782.91854,True,
2026-08-19T01:26:34.254154+00:00,MSFT,high_volatility,125,False,0.0181,4,0.417,0.5,0.01,0.0534,6,0.914,0.833,mut-417f54,1785866030.0990324,True,
2026-08-19T01:26:39.104509+00:00,NVDA,high_volatility,125,False,-0.0391,5,-1.92,0.2,0.0394,0.0225,2,3.025,1.0,mut-78d460,1785433250.8173203,True,
2026-08-19T01:26:44.322744+00:00,GOOGL,high_volatility,125,False,-0.0105,7,-0.139,0.286,0.0199,0.0229,2,3.208,1.0,mut-bf5889,1784776571.9995205,True,
2026-08-19T01:26:48.447064+00:00,AMZN,high_volatility,125,False,0.0,0,,,,0.025,2,5.016,1.0,imm-5ecbb6,1784948103.51404,True,
2026-08-19T01:26:52.694419+00:00,META,high_volatility,125,False,0.0027,4,0.062,0.5,0.01,0.0199,3,0.559,0.667,mut-ceb411,1785926501.1619763,True,
2026-08-19T01:26:56.833331+00:00,TSLA,high_volatility,125,False,-0.0151,2,-3.094,0.0,0.01,0.0236,4,0.569,0.75,mut-842635,1783887921.345828,True,
2026-08-19T01:27:01.526048+00:00,BRKB,high_volatility,125,False,-0.019,5,-0.398,0.2,0.0199,0.0298,4,0.717,0.75,mut-555b97,1786071060.3954887,True,
2026-08-19T01:27:06.474087+00:00,LLY,high_volatility,125,False,-0.0111,3,-0.417,0.333,0.0199,0.0385,5,0.756,0.8,mut-5648c7,1784363164.0287595,True,
2026-08-19T01:27:11.714369+00:00,V,trending_up,125,False,0.0,0,,,,0.0274,3,1.081,0.667,mut-5f31b7,1786869327.668408,True,
2026-08-19T01:27:16.793163+00:00,JPM,trending_up,125,False,-0.0093,3,-0.32,0.333,0.0199,0.026,2,6.466,1.0,mut-8a6eb4,1787102835.8377273,True,
2026-08-19T08:40:31.743459+00:00,EURUSD,trending_up,129,False,-0.0124,4,-0.294,0.25,0.0199,0.0093,3,0.301,0.667,mut-9504db,1787042410.494208,True,
2026-08-19T08:40:35.604458+00:00,GBPUSD,trending_up,130,False,-0.029,4,-1.584,0.25,0.0297,0.0017,4,0.039,0.5,mut-5e0487,1786207036.534394,True,
2026-08-19T08:40:40.869629+00:00,USDJPY,trending_down,130,False,-0.0262,8,-0.312,0.25,0.049,0.0292,5,0.508,0.6,breako-f6f93e,1786929946.1332827,True,
2026-08-19T08:40:44.869306+00:00,AUDUSD,trending_up,130,False,-0.0018,4,-0.043,0.5,0.0199,0.0191,4,0.443,0.5,mut-3049d3,1787102642.990575,True,
2026-08-19T08:40:50.530113+00:00,USDCAD,trending_down,130,False,0.0,0,,,,0.029,2,30.381,1.0,mean_r-3dc72c,1786956420.9301782,True,
2026-08-19T08:40:56.019801+00:00,USDCHF,ranging,130,False,0.0025,3,0.08,0.333,0.01,0.0293,2,44.593,1.0,imm-4fc33a,1784741046.2585468,True,
2026-08-19T08:41:00.096872+00:00,NZDUSD,trending_up,130,False,-0.0033,2,-0.195,0.5,0.01,0.0256,4,0.622,0.75,mut-517e66,1787016159.6892376,True,
2026-08-19T08:41:05.469541+00:00,EURGBP,ranging,129,False,0.0029,3,0.093,0.333,0.01,0.0298,3,1.363,0.667,mut-4339b8,1786984346.8776708,True,
2026-08-19T08:41:10.882464+00:00,EURJPY,ranging,129,False,-0.0257,6,-0.472,0.167,0.0297,0.0147,2,0.957,0.5,mut-b7ed4f,1786640359.3595927,True,
2026-08-19T08:41:14.998440+00:00,GBPJPY,ranging,130,False,0.0,0,,,,0.0274,5,0.463,0.6,adapti-cd3243,1786553985.0193646,True,
2026-08-19T08:41:20.214025+00:00,XAUUSD,high_volatility,126,False,-0.0049,4,-0.121,0.5,0.0199,0.023,2,3.283,1.0,mut-aef8ad,1784888561.9697459,True,
2026-08-19T08:41:24.198833+00:00,USOIL,high_volatility,126,False,0.0137,3,0.433,0.667,0.01,0.0203,2,2.087,1.0,mut-44fc90,1783821407.0754356,True,
2026-08-19T08:41:30.657998+00:00,BTCUSD,ranging,182,False,-0.003,1,0.0,0.0,0.0,0.0029,3,0.091,0.333,mut-6eb21d,1787102700.1313941,True,
2026-08-19T08:41:35.080103+00:00,ETHUSD,high_volatility,182,False,-0.0293,4,-1.644,0.25,0.0297,0.0338,5,0.629,0.6,imm-7ac82e,1784277230.6638775,True,
2026-08-19T08:41:41.912300+00:00,SOLUSD,high_volatility,182,False,-0.0095,2,-0.908,0.5,0.01,0.0223,4,0.53,0.75,mut-db8220,1785206756.6628072,True,
2026-08-19T08:41:48.391699+00:00,XRPUSD,high_volatility,182,False,-0.0024,4,-0.057,0.5,0.0199,0.0273,2,9.969,1.0,mut-bed07a,1787102717.9566822,True,
2026-08-19T08:41:55.258891+00:00,BNBUSD,high_volatility,182,False,-0.0097,2,-0.946,0.5,0.01,0.0203,2,2.079,1.0,mut-167b4d,1785840212.5746226,True,
2026-08-19T08:42:02.047437+00:00,ADAUSD,high_volatility,182,False,-0.0496,6,-2.391,0.0,0.049,0.0435,5,0.874,0.8,mut-a36803,1785235220.1110218,True,
2026-08-19T08:42:07.711613+00:00,SPX,high_volatility,125,False,0.007,1,0.0,1.0,0.0,0.0082,1,0.0,1.0,imm-7bcae5,1786640406.2374578,True,
2026-08-19T08:42:13.564478+00:00,NASDAQ,high_volatility,125,False,0.0,0,,,,0.0211,4,0.503,0.75,imm-9a582c,1786153872.2105956,True,
2026-08-19T08:42:19.184209+00:00,DJI,trending_up,125,False,0.009,2,0.429,0.5,0.0,0.0286,3,1.206,0.667,imm-f6a612,1786093449.0598,True,
2026-08-19T08:42:24.857228+00:00,RUT,trending_up,125,False,0.0,0,,,,0.017,2,1.316,1.0,mut-c12dc0,1786153881.8891637,True,
2026-08-19T08:42:30.273849+00:00,VIX,high_volatility,127,False,0.0011,1,0.0,1.0,0.0,0.0641,6,1.152,0.833,imm-48c3d1,1785840241.6769683,True,
2026-08-19T08:42:35.768043+00:00,FTSE,trending_up,123,False,-0.0262,4,-1.134,0.25,0.0297,0.0298,3,1.353,0.667,mut-52b925,1786354054.6523268,True,
2026-08-19T08:42:41.789233+00:00,DAX,trending_up,127,True,0.0172,2,1.337,1.0,0.0,0.0172,2,1.337,1.0,mut-48d4a8,1787128961.544584,True,
2026-08-19T08:42:47.510795+00:00,CAC40,trending_up,127,False,0.0064,2,0.269,0.5,0.0,0.0285,2,19.534,1.0,mut-37f60a,1785984577.7157676,True,
2026-08-19T08:42:51.544371+00:00,NIKKEI,high_volatility,122,False,-0.0482,5,-21.701,0.0,0.0394,0.0244,3,0.828,0.667,mut-c1d5a1,1783914987.901319,True,
2026-08-19T08:42:56.949879+00:00,HSI,trending_up,119,False,0.0041,5,0.071,0.4,0.0199,0.0191,4,0.443,0.5,mut-220ee6,1786354072.6067727,True,
2026-08-19T08:43:02.503214+00:00,SENSEX,ranging,119,True,0.0259,2,6.253,1.0,0.0,0.0259,2,6.253,1.0,mut-170491,1787128982.2483368,True,
2026-08-19T08:43:06.576668+00:00,ASX200,trending_up,124,False,-0.0045,2,-0.293,0.5,0.01,0.0041,3,0.133,0.333,mut-8859ed,1786413523.46849,True,
2026-08-19T08:43:12.127202+00:00,AAPL,high_volatility,125,False,-0.0258,6,-0.475,0.167,0.0297,0.0131,5,0.233,0.6,mut-3c43e6,1785811782.91854,True,
2026-08-19T08:43:16.437432+00:00,MSFT,high_volatility,125,False,0.0181,4,0.417,0.5,0.01,0.0534,6,0.914,0.833,mut-417f54,1785866030.0990324,True,
2026-08-19T08:43:22.067434+00:00,NVDA,high_volatility,125,False,-0.0178,5,-0.376,0.2,0.0297,0.0225,2,3.025,1.0,mut-78d460,1785433250.8173203,True,
2026-08-19T08:43:28.037529+00:00,GOOGL,high_volatility,125,False,0.0,0,,,,0.0229,2,3.208,1.0,mut-bf5889,1784776571.9995205,True,
2026-08-19T08:43:32.244792+00:00,AMZN,high_volatility,125,False,-0.0186,2,-13.674,0.0,0.01,0.025,2,5.016,1.0,imm-5ecbb6,1784948103.51404,True,
2026-08-19T08:43:36.483491+00:00,META,high_volatility,125,False,0.0027,4,0.062,0.5,0.01,0.0199,3,0.559,0.667,mut-ceb411,1785926501.1619763,True,
2026-08-19T08:43:40.608460+00:00,TSLA,high_volatility,125,False,-0.0151,2,-3.094,0.0,0.01,0.0236,4,0.569,0.75,mut-842635,1783887921.345828,True,
2026-08-19T08:43:46.304407+00:00,BRKB,high_volatility,125,False,0.0,0,,,,0.0298,4,0.717,0.75,mut-555b97,1786071060.3954887,True,
2026-08-19T08:43:52.051028+00:00,LLY,high_volatility,125,False,-0.0111,3,-0.417,0.333,0.0199,0.0385,5,0.756,0.8,mut-5648c7,1784363164.0287595,True,
2026-08-19T08:43:58.116678+00:00,V,trending_up,125,False,0.0,0,,,,0.0275,3,1.089,0.667,mut-13db12,1787129036.2733107,True,
2026-08-19T08:44:03.906578+00:00,JPM,trending_up,125,False,-0.0093,3,-0.32,0.333,0.0199,0.026,2,6.466,1.0,mut-8a6eb4,1787102835.8377273,True,
2026-08-19T16:34:45.886740+00:00,EURUSD,trending_up,129,False,-0.0151,5,-0.309,0.2,0.0297,,,,,,,True,
2026-08-19T16:34:50.136630+00:00,GBPUSD,trending_up,129,True,0.0032,2,0.138,0.5,0.01,0.0032,2,0.138,0.5,mut-af8ee3,1787157289.9107122,True,
2026-08-19T16:34:55.661458+00:00,USDJPY,trending_down,130,False,0.0012,8,0.013,0.375,0.025,0.0012,8,0.013,0.375,imm-a68679,1787157294.149561,True,
2026-08-19T16:35:01.337899+00:00,AUDUSD,trending_up,129,False,-0.0052,3,-0.146,0.333,0.0199,0.0181,3,0.527,0.667,mut-0c1cb5,1787157299.658837,True,
2026-08-19T16:35:07.073457+00:00,USDCAD,trending_down,129,False,0.0049,3,0.158,0.333,0.01,0.0049,3,0.158,0.333,imm-6d669e,1787157305.3807738,True,
2026-08-19T16:35:12.843772+00:00,USDCHF,ranging,129,False,-0.0151,5,-0.311,0.2,0.0199,0.0293,2,44.593,1.0,imm-4fc33a,1784741046.2585468,True,
2026-08-19T16:35:18.641632+00:00,NZDUSD,trending_up,130,False,-0.01,1,0.0,0.0,0.01,0.0179,4,0.41,0.5,mut-9fdf67,1785897925.9572012,True,
2026-08-19T16:35:24.402407+00:00,EURGBP,ranging,129,False,0.0,0,,,,0.028,3,1.139,0.667,mut-e402c5,1785433132.65746,True,
2026-08-19T16:35:29.865360+00:00,EURJPY,ranging,129,False,-0.0069,4,-0.169,0.25,0.01,0.0049,2,0.193,0.5,mut-74bdf5,1785122908.0481284,True,
2026-08-19T16:35:33.991220+00:00,GBPJPY,ranging,129,False,0.0,0,,,,0.0122,5,0.219,0.6,mut-aa51f8,1785811687.2642987,True,
2026-08-19T16:35:39.747112+00:00,XAUUSD,high_volatility,126,False,-0.01,1,0.0,0.0,0.01,0.023,2,3.283,1.0,mut-aef8ad,1784888561.9697459,True,
2026-08-19T16:35:43.918192+00:00,USOIL,high_volatility,126,False,-0.0134,3,-0.574,0.333,0.0199,0.0203,2,2.087,1.0,mut-44fc90,1783821407.0754356,True,
2026-08-19T16:35:51.225883+00:00,BTCUSD,high_volatility,182,False,0.0,0,,,,0.0607,5,1.893,0.8,mut-785457,1783821498.0682824,True,
2026-08-19T16:35:57.842509+00:00,ETHUSD,high_volatility,182,False,-0.0052,4,-0.129,0.25,0.0199,0.0338,5,0.629,0.6,imm-7ac82e,1784277230.6638775,True,
2026-08-19T16:36:04.553352+00:00,SOLUSD,high_volatility,182,False,-0.0151,2,-3.119,0.0,0.01,0.0223,4,0.53,0.75,mut-db8220,1785206756.6628072,True,
2026-08-19T16:36:11.305381+00:00,XRPUSD,high_volatility,182,False,0.0071,1,0.0,1.0,0.0,0.0376,5,0.738,0.8,mut-eb4a78,1785174380.1173518,True,
2026-08-19T16:36:18.251257+00:00,BNBUSD,high_volatility,182,False,0.0194,3,0.551,0.667,0.01,0.0203,2,2.079,1.0,mut-167b4d,1785840212.5746226,True,
2026-08-19T16:36:24.850138+00:00,ADAUSD,high_volatility,182,False,-0.0528,6,-3.955,0.0,0.049,0.0435,5,0.874,0.8,mut-a36803,1785235220.1110218,True,
2026-08-19T16:36:30.480743+00:00,SPX,high_volatility,123,False,0.0,0,,,,,,,,,,True,
2026-08-19T16:36:34.812965+00:00,NASDAQ,high_volatility,123,False,0.0,0,,,,0.0211,4,0.503,0.75,imm-9a582c,1786153872.2105956,True,
2026-08-19T16:36:40.535500+00:00,DJI,trending_up,123,False,0.0,0,,,,0.0286,3,1.206,0.667,imm-f6a612,1786093449.0598,True,
2026-08-19T16:36:44.708773+00:00,RUT,trending_up,123,False,0.0065,1,0.0,1.0,0.0,0.017,2,1.316,1.0,mut-c12dc0,1786153881.8891637,True,
2026-08-19T16:36:50.349553+00:00,VIX,high_volatility,124,False,0.0018,1,0.0,1.0,0.0,0.0641,6,1.152,0.833,imm-48c3d1,1785840241.6769683,True,
2026-08-19T16:36:56.067006+00:00,FTSE,trending_up,123,False,-0.0144,3,-0.659,0.333,0.0199,0.0298,3,1.353,0.667,mut-52b925,1786354054.6523268,True,
2026-08-19T16:37:01.744224+00:00,DAX,high_volatility,124,False,0.0132,2,0.786,0.5,0.0,0.0132,2,0.786,0.5,imm-773a84,1787157420.1120105,True,
2026-08-19T16:37:07.406835+00:00,CAC40,trending_up,124,False,0.0014,1,0.0,1.0,0.0,0.0285,2,19.534,1.0,mut-37f60a,1785984577.7157676,True,
2026-08-19T16:37:13.029013+00:00,NIKKEI,high_volatility,118,False,-0.0052,4,-0.126,0.25,0.0199,0.0244,3,0.828,0.667,mut-c1d5a1,1783914987.901319,True,
2026-08-19T16:37:18.569763+00:00,HSI,trending_up,118,False,0.0165,4,0.368,0.5,0.01,0.0191,4,0.443,0.5,mut-220ee6,1786354072.6067727,True,
2026-08-19T16:37:24.231611+00:00,SENSEX,ranging,119,True,0.0013,4,0.029,0.5,0.01,0.0013,4,0.029,0.5,mut-5045b4,1787157443.9749207,True,
2026-08-19T16:37:28.339403+00:00,ASX200,trending_up,123,False,-0.0042,3,-0.123,0.333,0.01,,,,,,,True,
2026-08-19T16:37:34.127808+00:00,AAPL,high_volatility,126,False,-0.0048,6,-0.071,0.333,0.0199,0.0131,5,0.233,0.6,mut-3c43e6,1785811782.91854,True,
2026-08-19T16:37:40.049422+00:00,MSFT,high_volatility,126,False,0.0,0,,,,0.0534,6,0.914,0.833,mut-417f54,1785866030.0990324,True,
2026-08-19T16:37:45.709438+00:00,NVDA,high_volatility,126,False,-0.007,2,-0.54,0.5,0.01,0.0225,2,3.025,1.0,mut-78d460,1785433250.8173203,True,
2026-08-19T16:37:50.146966+00:00,GOOGL,high_volatility,126,False,-0.0111,7,-0.147,0.286,0.0199,0.0229,2,3.208,1.0,mut-bf5889,1784776571.9995205,True,
2026-08-19T16:37:54.553976+00:00,AMZN,high_volatility,126,False,0.0,0,,,,0.025,2,5.016,1.0,imm-5ecbb6,1784948103.51404,True,
2026-08-19T16:37:58.694493+00:00,META,high_volatility,126,False,0.001,4,0.023,0.5,0.01,0.0199,3,0.559,0.667,mut-ceb411,1785926501.1619763,True,
2026-08-19T16:38:02.798822+00:00,TSLA,high_volatility,126,False,-0.0035,3,-0.104,0.333,0.01,0.0236,4,0.569,0.75,mut-842635,1783887921.345828,True,
2026-08-19T16:38:08.710707+00:00,BRKB,trending_up,126,False,-0.0219,3,-1.952,0.0,0.0199,0.0189,2,1.697,1.0,mut-5e2a8c,1785898071.5454166,True,
2026-08-19T16:38:14.613333+00:00,LLY,high_volatility,126,False,-0.0052,4,-0.129,0.25,0.0199,0.0385,5,0.756,0.8,mut-5648c7,1784363164.0287595,True,
2026-08-19T16:38:20.833140+00:00,V,trending_up,126,False,0.0309,3,1.515,1.0,0.0,0.0391,5,0.784,0.8,mut-1b8e6f,1785174490.8748248,True,
2026-08-19T16:38:26.676829+00:00,JPM,trending_up,126,False,-0.013,3,-0.547,0.333,0.0199,0.0398,3,5.096,1.0,mut-44cc85,1784776603.1924407,True,
2026-08-20T01:23:03.789381+00:00,EURUSD,trending_up,130,False,0.0001,2,0.006,0.5,0.01,0.0001,2,0.006,0.5,mut-01616e,1787188972.3449605,True,
2026-08-20T01:23:14.419360+00:00,GBPUSD,trending_up,130,False,-0.0199,2,-199.0,0.0,0.0199,0.0032,2,0.138,0.5,mut-af8ee3,1787157289.9107122,True,
2026-08-20T01:23:24.843768+00:00,USDJPY,trending_down,130,False,0.0064,5,0.111,0.4,0.0199,0.0064,5,0.111,0.4,mut-14ea67,1787188998.1914954,True,
2026-08-20T01:23:39.321613+00:00,AUDUSD,trending_up,130,False,-0.0151,4,-0.349,0.25,0.0297,0.0181,3,0.527,0.667,mut-0c1cb5,1787157299.658837,True,
2026-08-20T01:23:44.090149+00:00,USDCAD,trending_down,130,False,0.0105,3,0.342,0.667,0.01,0.0105,3,0.342,0.667,mut-046c72,1787189023.2667673,True,
2026-08-20T01:23:47.989509+00:00,USDCHF,ranging,130,False,-0.0081,1,0.0,0.0,0.0,0.0293,2,44.593,1.0,imm-4fc33a,1784741046.2585468,True,
2026-08-20T01:23:51.815068+00:00,NZDUSD,trending_up,130,False,0.0091,3,0.297,0.667,0.01,0.0179,4,0.41,0.5,mut-9fdf67,1785897925.9572012,True,
2026-08-20T01:23:56.151846+00:00,EURGBP,ranging,130,False,0.002,3,0.064,0.333,0.01,0.028,3,1.139,0.667,mut-e402c5,1785433132.65746,True,
2026-08-20T01:23:59.921283+00:00,EURJPY,ranging,130,False,-0.0175,2,-7.087,0.0,0.01,0.0049,2,0.193,0.5,mut-74bdf5,1785122908.0481284,True,
2026-08-20T01:24:04.492668+00:00,GBPJPY,ranging,130,False,-0.048,6,-1.976,0.167,0.049,0.0122,5,0.219,0.6,mut-aa51f8,1785811687.2642987,True,
2026-08-20T01:24:08.927611+00:00,XAUUSD,high_volatility,126,False,-0.01,2,-1.0,0.0,0.01,0.023,2,3.283,1.0,mut-aef8ad,1784888561.9697459,True,
2026-08-20T01:24:12.749577+00:00,USOIL,high_volatility,126,False,-0.0139,3,-0.614,0.333,0.0199,0.0203,2,2.087,1.0,mut-44fc90,1783821407.0754356,True,
2026-08-20T01:24:17.048029+00:00,BTCUSD,high_volatility,181,False,0.0,0,,,,0.0607,5,1.893,0.8,mut-785457,1783821498.0682824,True,
2026-08-20T01:24:22.477815+00:00,ETHUSD,high_volatility,181,False,-0.0052,4,-0.129,0.25,0.0199,0.0338,5,0.629,0.6,imm-7ac82e,1784277230.6638775,True,
2026-08-20T01:24:27.619117+00:00,SOLUSD,high_volatility,181,False,-0.0074,3,-0.235,0.333,0.0199,0.0223,4,0.53,0.75,mut-db8220,1785206756.6628072,True,
2026-08-20T01:24:31.926920+00:00,XRPUSD,high_volatility,181,False,0.0097,5,0.172,0.4,0.01,0.0376,5,0.738,0.8,mut-eb4a78,1785174380.1173518,True,
2026-08-20T01:24:36.244550+00:00,BNBUSD,high_volatility,181,False,-0.0018,4,-0.044,0.5,0.0199,0.0203,2,2.079,1.0,mut-167b4d,1785840212.5746226,True,
2026-08-20T01:24:41.567869+00:00,ADAUSD,high_volatility,181,False,0.0,0,,,,0.0435,5,0.874,0.8,mut-a36803,1785235220.1110218,True,
2026-08-20T01:24:46.266682+00:00,SPX,high_volatility,125,False,-0.0116,2,-1.37,0.0,0.01,0.0103,1,0.0,1.0,mut-831fda,1787189085.4679873,True,
2026-08-20T01:24:50.837203+00:00,NASDAQ,high_volatility,125,False,-0.0154,3,-0.749,0.333,0.0199,0.0211,4,0.503,0.75,imm-9a582c,1786153872.2105956,True,
2026-08-20T01:24:55.446635+00:00,DJI,trending_up,125,False,0.01,2,0.498,0.5,0.0,0.0286,3,1.206,0.667,imm-f6a612,1786093449.0598,True,
2026-08-20T01:24:59.942564+00:00,RUT,trending_up,125,False,0.0023,1,0.0,1.0,0.0,0.017,2,1.316,1.0,mut-c12dc0,1786153881.8891637,True,
2026-08-20T01:25:04.330149+00:00,VIX,high_volatility,127,False,0.0027,1,0.0,1.0,0.0,0.0641,6,1.152,0.833,imm-48c3d1,1785840241.6769683,True,
2026-08-20T01:25:08.219984+00:00,FTSE,ranging,126,False,-0.0055,2,-0.378,0.5,0.01,0.0038,3,0.122,0.333,mut-13c6ca,1783887611.8882253,True,
2026-08-20T01:25:12.879723+00:00,DAX,trending_up,127,False,0.0165,2,1.216,1.0,0.0,0.0165,2,1.216,1.0,mut-3e942e,1787189112.1266923,True,
2026-08-20T01:25:17.455129+00:00,CAC40,trending_up,127,False,0.0,2,0.001,0.5,0.01,0.0285,2,19.534,1.0,mut-37f60a,1785984577.7157676,True,
2026-08-20T01:25:21.940796+00:00,NIKKEI,high_volatility,122,False,-0.0009,3,-0.028,0.333,0.01,0.0244,3,0.828,0.667,mut-c1d5a1,1783914987.901319,True,
2026-08-20T01:25:26.331419+00:00,HSI,trending_up,122,False,-0.015,3,-0.71,0.333,0.0199,0.0191,4,0.443,0.5,mut-220ee6,1786354072.6067727,True,
2026-08-20T01:25:30.192801+00:00,SENSEX,ranging,122,True,0.0049,2,0.193,0.5,0.01,0.0049,2,0.193,0.5,mut-d9ddd6,1787189129.9977083,True,
2026-08-20T01:25:34.069040+00:00,ASX200,trending_up,127,False,-0.0099,2,-0.972,0.5,0.01,,,,,,,True,
2026-08-20T01:25:38.632635+00:00,AAPL,high_volatility,125,False,-0.0299,6,-0.559,0.167,0.0297,0.0131,5,0.233,0.6,mut-3c43e6,1785811782.91854,True,
2026-08-20T01:25:43.312456+00:00,MSFT,high_volatility,126,False,0.0189,4,0.44,0.5,0.01,0.0534,6,0.914,0.833,mut-417f54,1785866030.0990324,True,
2026-08-20T01:25:47.805934+00:00,NVDA,high_volatility,125,False,-0.0542,6,-5.227,0.0,0.049,0.0225,2,3.025,1.0,mut-78d460,1785433250.8173203,True,
2026-08-20T01:25:52.661544+00:00,GOOGL,high_volatility,125,False,0.0,0,,,,0.0229,2,3.208,1.0,mut-bf5889,1784776571.9995205,True,
2026-08-20T01:25:56.998517+00:00,AMZN,high_volatility,125,False,0.0,0,,,,0.025,2,5.016,1.0,imm-5ecbb6,1784948103.51404,True,
2026-08-20T01:26:01.819275+00:00,META,high_volatility,125,False,0.0057,4,0.123,0.5,0.01,0.0199,3,0.559,0.667,mut-ceb411,1785926501.1619763,True,
2026-08-20T01:26:06.387197+00:00,TSLA,high_volatility,125,False,0.0054,2,0.22,0.5,0.0,0.0236,4,0.569,0.75,mut-842635,1783887921.345828,True,
2026-08-20T01:26:10.288483+00:00,BRKB,trending_up,125,False,-0.0109,4,-0.265,0.25,0.01,0.0189,2,1.697,1.0,mut-5e2a8c,1785898071.5454166,True,
2026-08-20T01:26:14.954175+00:00,LLY,high_volatility,125,False,-0.022,4,-0.718,0.25,0.0297,0.0385,5,0.756,0.8,mut-5648c7,1784363164.0287595,True,
2026-08-20T01:26:19.489727+00:00,V,trending_up,125,False,0.0181,4,0.419,0.5,0.01,0.0391,5,0.784,0.8,mut-1b8e6f,1785174490.8748248,True,
2026-08-20T01:26:24.328207+00:00,JPM,trending_up,125,False,0.0157,2,1.1,1.0,0.0,0.0398,3,5.096,1.0,mut-44cc85,1784776603.1924407,True,
2026-08-20T08:41:52.897079+00:00,EURUSD,trending_up,130,False,0.0018,2,0.083,0.5,0.01,0.0018,2,0.083,0.5,mut-902e86,1787215310.7384248,True,
2026-08-20T08:41:56.714547+00:00,GBPUSD,trending_up,130,False,-0.0129,3,-0.536,0.333,0.0199,0.0032,2,0.138,0.5,mut-af8ee3,1787157289.9107122,True,
2026-08-20T08:42:01.914057+00:00,USDJPY,trending_down,130,False,0.0061,5,0.106,0.4,0.0199,0.0064,5,0.111,0.4,mut-14ea67,1787188998.1914954,True,
2026-08-20T08:42:05.854830+00:00,AUDUSD,trending_up,130,False,-0.0108,5,-0.211,0.4,0.0297,0.0181,3,0.527,0.667,mut-0c1cb5,1787157299.658837,True,
2026-08-20T08:42:11.383010+00:00,USDCAD,trending_down,130,False,0.0132,3,0.418,0.667,0.01,0.0132,3,0.418,0.667,mut-3cef6a,1787215329.7244287,True,
2026-08-20T08:42:15.300879+00:00,USDCHF,ranging,130,False,-0.0053,1,0.0,0.0,0.0,0.0293,2,44.593,1.0,imm-4fc33a,1784741046.2585468,True,
2026-08-20T08:42:20.717037+00:00,NZDUSD,trending_up,130,False,-0.0095,3,-0.331,0.333,0.0199,0.0179,4,0.41,0.5,mut-9fdf67,1785897925.9572012,True,
2026-08-20T08:42:26.108228+00:00,EURGBP,ranging,130,False,0.0027,3,0.086,0.333,0.01,0.028,3,1.139,0.667,mut-e402c5,1785433132.65746,True,
2026-08-20T08:42:31.275647+00:00,EURJPY,ranging,130,False,-0.0147,2,-2.799,0.0,0.01,0.0049,2,0.193,0.5,mut-74bdf5,1785122908.0481284,True,
2026-08-20T08:42:35.180205+00:00,GBPJPY,ranging,130,False,-0.035,7,-0.582,0.143,0.0394,0.0122,5,0.219,0.6,mut-aa51f8,1785811687.2642987,True,
2026-08-20T08:42:40.330666+00:00,XAUUSD,high_volatility,126,False,0.0049,3,0.158,0.333,0.01,0.023,2,3.283,1.0,mut-aef8ad,1784888561.9697459,True,
2026-08-20T08:42:45.457597+00:00,USOIL,high_volatility,126,False,-0.0057,2,-0.4,0.5,0.01,0.0203,2,2.087,1.0,mut-44fc90,1783821407.0754356,True,
2026-08-20T08:42:51.720454+00:00,BTCUSD,high_volatility,182,False,0.0199,4,0.466,0.5,0.01,0.0607,5,1.893,0.8,mut-785457,1783821498.0682824,True,
2026-08-20T08:42:57.878433+00:00,ETHUSD,high_volatility,182,False,-0.0026,4,-0.064,0.5,0.0199,0.0338,5,0.629,0.6,imm-7ac82e,1784277230.6638775,True,
2026-08-20T08:43:03.928618+00:00,SOLUSD,high_volatility,182,False,0.0014,4,0.032,0.5,0.0199,0.0223,4,0.53,0.75,mut-db8220,1785206756.6628072,True,
2026-08-20T08:43:08.344345+00:00,XRPUSD,high_volatility,182,False,-0.0002,1,0.0,0.0,0.0,0.0376,5,0.738,0.8,mut-eb4a78,1785174380.1173518,True,
2026-08-20T08:43:14.317192+00:00,BNBUSD,high_volatility,182,False,0.0043,4,0.095,0.5,0.0199,0.0203,2,2.079,1.0,mut-167b4d,1785840212.5746226,True,
2026-08-20T08:43:20.210459+00:00,ADAUSD,high_volatility,182,False,-0.0212,3,-1.735,0.0,0.0199,0.0435,5,0.874,0.8,mut-a36803,1785235220.1110218,True,
2026-08-20T08:43:25.472359+00:00,SPX,high_volatility,125,False,0.0103,1,0.0,1.0,0.0,0.0103,1,0.0,1.0,mut-831fda,1787189085.4679873,True,
2026-08-20T08:43:30.884926+00:00,NASDAQ,high_volatility,125,False,-0.0154,3,-0.749,0.333,0.0199,0.0211,4,0.503,0.75,imm-9a582c,1786153872.2105956,True,
2026-08-20T08:43:36.264964+00:00,DJI,trending_up,125,False,0.01,2,0.498,0.5,0.0,0.0286,3,1.206,0.667,imm-f6a612,1786093449.0598,True,
2026-08-20T08:43:41.531637+00:00,RUT,trending_up,125,False,0.0023,1,0.0,1.0,0.0,0.017,2,1.316,1.0,mut-c12dc0,1786153881.8891637,True,
2026-08-20T08:43:45.706682+00:00,VIX,high_volatility,127,False,0.0047,1,0.0,1.0,0.0,0.0641,6,1.152,0.833,imm-48c3d1,1785840241.6769683,True,
2026-08-20T08:43:50.642486+00:00,FTSE,ranging,126,False,-0.0123,4,-0.297,0.25,0.0199,0.0038,3,0.122,0.333,mut-13c6ca,1783887611.8882253,True,
2026-08-20T08:43:56.316898+00:00,DAX,trending_up,127,False,0.0058,5,0.101,0.4,0.01,0.0165,2,1.216,1.0,mut-3e942e,1787189112.1266923,True,
2026-08-20T08:44:00.383802+00:00,CAC40,trending_up,127,False,-0.0245,6,-0.446,0.333,0.0297,0.0285,2,19.534,1.0,mut-37f60a,1785984577.7157676,True,
2026-08-20T08:44:04.257770+00:00,NIKKEI,high_volatility,122,False,0.0084,3,0.272,0.667,0.01,0.0244,3,0.828,0.667,mut-c1d5a1,1783914987.901319,True,
2026-08-20T08:44:09.992984+00:00,HSI,trending_up,123,False,0.0036,3,0.117,0.333,0.01,0.0191,4,0.443,0.5,mut-220ee6,1786354072.6067727,True,
2026-08-20T08:44:15.085228+00:00,SENSEX,trending_up,122,False,-0.0173,3,-0.97,0.333,0.0199,0.0073,3,0.239,0.667,pullba-2843bc,1786013070.0283835,True,
2026-08-20T08:44:20.305732+00:00,ASX200,trending_up,127,False,-0.0052,3,-0.148,0.333,0.01,,,,,,,True,
2026-08-20T08:44:25.744577+00:00,AAPL,high_volatility,125,False,-0.0226,6,-0.396,0.333,0.0394,0.0131,5,0.233,0.6,mut-3c43e6,1785811782.91854,True,
2026-08-20T08:44:31.037249+00:00,MSFT,high_volatility,126,False,0.0189,4,0.44,0.5,0.01,0.0534,6,0.914,0.833,mut-417f54,1785866030.0990324,True,
2026-08-20T08:44:36.606756+00:00,NVDA,high_volatility,125,False,0.0,0,,,,0.0225,2,3.025,1.0,mut-78d460,1785433250.8173203,True,
2026-08-20T08:44:42.183215+00:00,GOOGL,high_volatility,125,False,-0.0397,5,-2.087,0.0,0.0394,0.0229,2,3.208,1.0,mut-bf5889,1784776571.9995205,True,
2026-08-20T08:44:46.223004+00:00,AMZN,high_volatility,125,False,0.0,0,,,,0.025,2,5.016,1.0,imm-5ecbb6,1784948103.51404,True,
2026-08-20T08:44:50.226408+00:00,META,high_volatility,125,False,0.0022,4,0.05,0.5,0.01,0.0199,3,0.559,0.667,mut-ceb411,1785926501.1619763,True,
2026-08-20T08:44:54.312240+00:00,TSLA,high_volatility,125,False,-0.0046,3,-0.134,0.333,0.01,0.0236,4,0.569,0.75,mut-842635,1783887921.345828,True,
2026-08-20T08:44:58.176396+00:00,BRKB,trending_up,125,False,-0.0109,4,-0.265,0.25,0.01,0.0189,2,1.697,1.0,mut-5e2a8c,1785898071.5454166,True,
2026-08-20T08:45:03.562146+00:00,LLY,high_volatility,125,False,-0.0052,4,-0.129,0.25,0.0199,0.0385,5,0.756,0.8,mut-5648c7,1784363164.0287595,True,
2026-08-20T08:45:08.814140+00:00,V,trending_up,125,False,-0.0124,2,-1.632,0.0,0.01,0.0391,5,0.784,0.8,mut-1b8e6f,1785174490.8748248,True,
2026-08-20T08:45:14.250002+00:00,JPM,trending_up,125,False,0.0157,2,1.1,1.0,0.0,0.0398,3,5.096,1.0,mut-44cc85,1784776603.1924407,True,
2026-08-20T16:38:20.096189+00:00,EURUSD,trending_up,130,False,-0.01,1,0.0,0.0,0.01,0.0018,2,0.083,0.5,mut-902e86,1787215310.7384248,True,
2026-08-20T16:38:24.006054+00:00,GBPUSD,trending_up,130,False,-0.0199,2,-199.0,0.0,0.0199,0.0032,2,0.138,0.5,mut-af8ee3,1787157289.9107122,True,
2026-08-20T16:38:33.156373+00:00,USDJPY,trending_down,130,False,0.0038,5,0.065,0.4,0.0199,0.0157,5,0.274,0.6,mut-ad2788,1787243907.900884,True,
2026-08-20T16:38:37.084284+00:00,AUDUSD,trending_up,130,False,-0.0122,5,-0.242,0.4,0.0297,0.0181,3,0.527,0.667,mut-0c1cb5,1787157299.658837,True,
2026-08-20T16:38:42.895060+00:00,USDCAD,trending_down,130,False,0.0116,3,0.373,0.667,0.01,0.0132,3,0.418,0.667,mut-3cef6a,1787215329.7244287,True,
2026-08-20T16:38:48.325324+00:00,USDCHF,ranging,130,False,-0.01,2,-1.0,0.0,0.01,0.0293,2,44.593,1.0,imm-4fc33a,1784741046.2585468,True,
2026-08-20T16:38:52.222985+00:00,NZDUSD,trending_up,130,False,0.0093,3,0.305,0.667,0.01,0.0179,4,0.41,0.5,mut-9fdf67,1785897925.9572012,True,
2026-08-20T16:38:57.595621+00:00,EURGBP,ranging,130,False,0.0049,3,0.161,0.667,0.01,0.028,3,1.139,0.667,mut-e402c5,1785433132.65746,True,
2026-08-20T16:39:02.965348+00:00,EURJPY,ranging,130,False,-0.0201,6,-0.347,0.333,0.0297,0.0049,2,0.193,0.5,mut-74bdf5,1785122908.0481284,True,
2026-08-20T16:39:08.343214+00:00,GBPJPY,ranging,130,False,-0.053,6,-4.057,0.0,0.049,0.0122,5,0.219,0.6,mut-aa51f8,1785811687.2642987,True,
2026-08-20T16:39:13.837142+00:00,XAUUSD,high_volatility,126,False,0.001,2,0.049,0.5,0.01,0.023,2,3.283,1.0,mut-aef8ad,1784888561.9697459,True,
2026-08-20T16:39:17.779286+00:00,USOIL,high_volatility,126,False,-0.0007,4,-0.016,0.5,0.01,0.0203,2,2.087,1.0,mut-44fc90,1783821407.0754356,True,
2026-08-20T16:39:38.944861+00:00,BTCUSD,high_volatility,182,False,0.0,0,,,,0.0607,5,1.893,0.8,mut-785457,1783821498.0682824,True,
2026-08-20T16:39:45.537410+00:00,ETHUSD,high_volatility,182,False,0.0054,4,0.119,0.5,0.0199,0.0338,5,0.629,0.6,imm-7ac82e,1784277230.6638775,True,
2026-08-20T16:39:51.642774+00:00,SOLUSD,high_volatility,182,False,-0.0106,4,-0.259,0.25,0.0199,0.0223,4,0.53,0.75,mut-db8220,1785206756.6628072,True,
2026-08-20T16:39:57.853538+00:00,XRPUSD,high_volatility,182,False,-0.01,1,0.0,0.0,0.01,0.0376,5,0.738,0.8,mut-eb4a78,1785174380.1173518,True,
2026-08-20T16:40:02.274829+00:00,BNBUSD,high_volatility,182,False,0.0085,4,0.174,0.5,0.0199,0.0203,2,2.079,1.0,mut-167b4d,1785840212.5746226,True,
2026-08-20T16:40:08.860968+00:00,ADAUSD,high_volatility,182,False,-0.0265,4,-1.174,0.25,0.0297,0.0435,5,0.874,0.8,mut-a36803,1785235220.1110218,True,
2026-08-20T16:40:14.608189+00:00,SPX,trending_up,126,False,0.0091,1,0.0,1.0,0.0,0.0199,3,0.559,0.667,mut-8ec06d,1785926421.560454,True,
2026-08-20T16:40:19.994980+00:00,NASDAQ,high_volatility,126,False,-0.0122,2,-1.548,0.0,0.01,0.0211,4,0.503,0.75,imm-9a582c,1786153872.2105956,True,
2026-08-20T16:40:25.602077+00:00,DJI,trending_up,126,False,0.0066,2,0.284,0.5,0.0,0.0286,3,1.206,0.667,imm-f6a612,1786093449.0598,True,
2026-08-20T16:40:31.014899+00:00,RUT,trending_up,126,False,-0.0006,1,0.0,0.0,0.0,0.017,2,1.316,1.0,mut-c12dc0,1786153881.8891637,True,
2026-08-20T16:40:34.952855+00:00,VIX,high_volatility,127,False,0.0033,1,0.0,1.0,0.0,0.0641,6,1.152,0.833,imm-48c3d1,1785840241.6769683,True,
2026-08-20T16:40:40.356314+00:00,FTSE,ranging,126,False,-0.0199,2,-199.0,0.0,0.0199,0.0038,3,0.122,0.333,mut-13c6ca,1783887611.8882253,True,
2026-08-20T16:40:58.008058+00:00,DAX,trending_up,127,False,-0.0166,3,-0.88,0.333,0.0199,0.0165,2,1.216,1.0,mut-3e942e,1787189112.1266923,True,
2026-08-20T16:41:03.738940+00:00,CAC40,ranging,127,False,-0.0072,3,-0.224,0.333,0.0199,0.0141,2,0.89,0.5,mut-b9b556,1784630003.5888314,True,
2026-08-20T16:41:09.704028+00:00,NIKKEI,high_volatility,121,False,0.0097,4,0.192,0.5,0.0199,0.0244,3,0.828,0.667,mut-c1d5a1,1783914987.901319,True,
2026-08-20T16:41:15.128043+00:00,HSI,trending_up,122,False,-0.015,3,-0.71,0.333,0.0199,0.0191,4,0.443,0.5,mut-220ee6,1786354072.6067727,True,
2026-08-20T16:41:20.549616+00:00,SENSEX,trending_up,122,False,-0.0127,5,-0.257,0.4,0.0199,0.0073,3,0.239,0.667,pullba-2843bc,1786013070.0283835,True,
2026-08-20T16:41:24.617007+00:00,ASX200,trending_up,126,False,-0.0063,4,-0.156,0.25,0.01,,,,,,,True,
2026-08-20T16:41:30.362063+00:00,AAPL,high_volatility,126,False,-0.0057,6,-0.084,0.333,0.0199,0.0131,5,0.233,0.6,mut-3c43e6,1785811782.91854,True,
2026-08-20T16:41:36.197575+00:00,MSFT,high_volatility,126,False,0.0,0,,,,0.0534,6,0.914,0.833,mut-417f54,1785866030.0990324,True,
2026-08-20T16:41:41.715147+00:00,NVDA,high_volatility,126,False,-0.0364,5,-1.41,0.2,0.0394,0.0225,2,3.025,1.0,mut-78d460,1785433250.8173203,True,
2026-08-20T16:41:46.226968+00:00,GOOGL,high_volatility,126,False,-0.0386,5,-1.807,0.2,0.0394,0.0229,2,3.208,1.0,mut-bf5889,1784776571.9995205,True,
2026-08-20T16:41:50.476775+00:00,AMZN,high_volatility,126,False,0.0,0,,,,0.025,2,5.016,1.0,imm-5ecbb6,1784948103.51404,True,
2026-08-20T16:41:56.038618+00:00,META,high_volatility,126,False,0.0023,4,0.053,0.5,0.01,0.0199,3,0.559,0.667,mut-ceb411,1785926501.1619763,True,
2026-08-20T16:42:00.098974+00:00,TSLA,high_volatility,126,False,-0.0226,5,-0.472,0.2,0.0297,0.0236,4,0.569,0.75,mut-842635,1783887921.345828,True,
2026-08-20T16:42:05.366774+00:00,BRKB,ranging,126,False,-0.0113,4,-0.273,0.25,0.01,0.014,3,0.439,0.667,mut-43a374,1785433274.0539877,True,
2026-08-20T16:42:11.653230+00:00,LLY,high_volatility,126,False,-0.0069,4,-0.171,0.25,0.0199,0.0385,5,0.756,0.8,mut-5648c7,1784363164.0287595,True,
2026-08-20T16:42:17.293106+00:00,V,trending_up,126,False,0.0304,3,1.44,1.0,0.0,0.0391,5,0.784,0.8,mut-1b8e6f,1785174490.8748248,True,
2026-08-20T16:42:26.316967+00:00,JPM,ranging,126,False,0.0139,2,0.861,0.5,0.0,0.0139,2,0.861,0.5,mut-3f769e,1787244141.3436813,True,
2026-08-21T01:26:36.695622+00:00,EURUSD,trending_up,130,False,-0.0004,2,-0.02,0.5,0.01,0.0018,2,0.083,0.5,mut-902e86,1787215310.7384248,True,
2026-08-21T01:26:40.693579+00:00,GBPUSD,trending_up,129,False,-0.0199,2,-199.0,0.0,0.0199,0.0032,2,0.138,0.5,mut-af8ee3,1787157289.9107122,True,
2026-08-21T01:26:44.770311+00:00,USDJPY,trending_down,130,True,0.0164,2,1.198,1.0,0.0,0.0164,2,1.198,1.0,mut-629996,1787275604.5483685,True,
2026-08-21T01:26:48.709081+00:00,AUDUSD,trending_up,129,False,-0.0151,4,-0.349,0.25,0.0297,0.0181,3,0.527,0.667,mut-0c1cb5,1787157299.658837,True,
2026-08-21T01:27:04.233289+00:00,USDCAD,trending_down,129,False,0.013,3,0.413,0.667,0.01,0.0132,3,0.418,0.667,mut-3cef6a,1787215329.7244287,True,
2026-08-21T01:27:08.170293+00:00,USDCHF,ranging,129,False,-0.0114,2,-1.327,0.0,0.01,0.0293,2,44.593,1.0,imm-4fc33a,1784741046.2585468,True,
2026-08-21T01:27:18.623762+00:00,NZDUSD,trending_up,130,False,-0.0266,4,-1.186,0.25,0.0297,0.0179,4,0.41,0.5,mut-9fdf67,1785897925.9572012,True,
2026-08-21T01:27:33.472392+00:00,EURGBP,ranging,129,False,0.0045,3,0.148,0.333,0.01,0.028,3,1.139,0.667,mut-e402c5,1785433132.65746,True,
2026-08-21T01:27:38.443472+00:00,EURJPY,ranging,129,False,-0.0199,2,-199.0,0.0,0.0199,0.0049,2,0.193,0.5,mut-74bdf5,1785122908.0481284,True,
2026-08-21T01:27:43.382996+00:00,GBPJPY,ranging,129,False,0.0,0,,,,0.0122,5,0.219,0.6,mut-aa51f8,1785811687.2642987,True,
2026-08-21T01:27:48.545542+00:00,XAUUSD,high_volatility,126,False,-0.01,1,0.0,0.0,0.01,0.023,2,3.283,1.0,mut-aef8ad,1784888561.9697459,True,
2026-08-21T01:27:52.573171+00:00,USOIL,high_volatility,126,False,-0.0021,2,-0.119,0.5,0.01,0.0203,2,2.087,1.0,mut-44fc90,1783821407.0754356,True,
2026-08-21T01:27:58.781465+00:00,BTCUSD,high_volatility,181,False,-0.0052,4,-0.129,0.25,0.0199,0.0607,5,1.893,0.8,mut-785457,1783821498.0682824,True,
2026-08-21T01:28:05.129552+00:00,ETHUSD,high_volatility,181,False,0.0079,4,0.166,0.5,0.0199,0.0338,5,0.629,0.6,imm-7ac82e,1784277230.6638775,True,
2026-08-21T01:28:10.835112+00:00,SOLUSD,high_volatility,181,False,0.0039,2,0.163,0.5,0.01,0.0223,4,0.53,0.75,mut-db8220,1785206756.6628072,True,
2026-08-21T01:28:16.918941+00:00,XRPUSD,high_volatility,181,False,0.0,0,,,,0.0376,5,0.738,0.8,mut-eb4a78,1785174380.1173518,True,
2026-08-21T01:28:21.364536+00:00,BNBUSD,high_volatility,181,False,0.0,0,,,,0.0203,2,2.079,1.0,mut-167b4d,1785840212.5746226,True,
2026-08-21T01:28:27.325070+00:00,ADAUSD,high_volatility,181,False,-0.0038,5,-0.067,0.4,0.0199,0.0435,5,0.874,0.8,mut-a36803,1785235220.1110218,True,
2026-08-21T01:28:32.233457+00:00,SPX,high_volatility,122,False,0.0,0,,,,0.0103,1,0.0,1.0,mut-831fda,1787189085.4679873,True,
2026-08-21T01:28:39.328657+00:00,NASDAQ,high_volatility,122,False,-0.0252,3,-3.816,0.0,0.0199,0.0211,4,0.503,0.75,imm-9a582c,1786153872.2105956,True,
2026-08-21T01:28:44.476965+00:00,DJI,trending_up,122,False,0.0049,3,0.156,0.333,0.01,0.0286,3,1.206,0.667,imm-f6a612,1786093449.0598,True,
2026-08-21T01:28:49.188001+00:00,RUT,trending_up,122,False,0.0009,1,0.0,1.0,0.0,0.017,2,1.316,1.0,mut-c12dc0,1786153881.8891637,True,
2026-08-21T01:28:54.137326+00:00,VIX,high_volatility,124,False,0.0042,1,0.0,1.0,0.0,0.0641,6,1.152,0.833,imm-48c3d1,1785840241.6769683,True,
2026-08-21T01:28:59.033444+00:00,FTSE,trending_up,123,False,-0.0004,3,-0.014,0.333,0.01,0.0298,3,1.353,0.667,mut-52b925,1786354054.6523268,True,
2026-08-21T01:29:03.945703+00:00,DAX,trending_up,124,True,0.0147,2,0.959,0.5,0.0,0.0147,2,0.959,0.5,mut-84869e,1787275743.7066028,True,
2026-08-21T01:29:08.139577+00:00,CAC40,trending_up,124,False,0.0,0,,,,0.0285,2,19.534,1.0,mut-37f60a,1785984577.7157676,True,
2026-08-21T01:29:12.925299+00:00,NIKKEI,high_volatility,119,False,0.0218,4,0.515,0.75,0.01,0.0244,3,0.828,0.667,mut-c1d5a1,1783914987.901319,True,
2026-08-21T01:29:17.680300+00:00,HSI,trending_up,120,False,0.0015,3,0.047,0.333,0.01,0.0191,4,0.443,0.5,mut-220ee6,1786354072.6067727,True,
2026-08-21T01:29:22.727943+00:00,SENSEX,trending_up,119,False,0.0024,1,0.0,1.0,0.0,0.0073,3,0.239,0.667,pullba-2843bc,1786013070.0283835,True,
2026-08-21T01:29:27.540554+00:00,ASX200,trending_up,124,False,-0.0288,4,-1.537,0.25,0.0297,,,,,,,True,
2026-08-21T01:29:32.402381+00:00,AAPL,high_volatility,125,False,-0.0001,6,-0.001,0.5,0.0199,0.0131,5,0.233,0.6,mut-3c43e6,1785811782.91854,True,
2026-08-21T01:29:38.150085+00:00,MSFT,high_volatility,125,False,0.008,5,0.143,0.4,0.0199,0.0534,6,0.914,0.833,mut-417f54,1785866030.0990324,True,
2026-08-21T01:29:42.268453+00:00,NVDA,high_volatility,125,False,-0.0267,4,-1.19,0.25,0.0297,0.0225,2,3.025,1.0,mut-78d460,1785433250.8173203,True,
2026-08-21T01:29:46.604678+00:00,GOOGL,high_volatility,125,False,0.0,0,,,,0.0229,2,3.208,1.0,mut-bf5889,1784776571.9995205,True,
2026-08-21T01:29:50.902188+00:00,AMZN,high_volatility,125,False,-0.0377,4,-11.438,0.0,0.0297,0.025,2,5.016,1.0,imm-5ecbb6,1784948103.51404,True,
2026-08-21T01:29:55.968705+00:00,META,high_volatility,125,False,0.0022,4,0.051,0.5,0.01,0.0199,3,0.559,0.667,mut-ceb411,1785926501.1619763,True,
2026-08-21T01:30:00.928065+00:00,TSLA,high_volatility,125,False,-0.0028,3,-0.084,0.333,0.01,0.0236,4,0.569,0.75,mut-842635,1783887921.345828,True,
2026-08-21T01:30:04.981068+00:00,BRKB,ranging,125,False,-0.0076,6,-0.112,0.333,0.0199,0.014,3,0.439,0.667,mut-43a374,1785433274.0539877,True,
2026-08-21T01:30:09.904055+00:00,LLY,high_volatility,125,False,-0.0092,4,-0.227,0.25,0.0199,0.0385,5,0.756,0.8,mut-5648c7,1784363164.0287595,True,
2026-08-21T01:30:14.210739+00:00,V,trending_up,125,True,0.0286,3,1.203,0.667,0.0,0.0286,3,1.203,0.667,mut-fc69c9,1787275813.957951,True,
2026-08-21T01:30:19.107531+00:00,JPM,ranging,125,False,0.0119,2,0.656,0.5,0.0,0.0139,2,0.861,0.5,mut-3f769e,1787244141.3436813,True,
2026-08-21T08:43:30.113156+00:00,EURUSD,trending_up,130,False,-0.01,1,0.0,0.0,0.01,0.0018,2,0.083,0.5,mut-902e86,1787215310.7384248,True,
2026-08-21T08:43:34.031908+00:00,GBPUSD,trending_up,130,False,-0.0119,3,-0.469,0.333,0.0199,0.0032,2,0.138,0.5,mut-af8ee3,1787157289.9107122,True,
2026-08-21T08:43:40.619150+00:00,USDJPY,trending_down,130,False,0.0174,2,1.381,1.0,0.0,0.0174,2,1.381,1.0,mut-df1d69,1787301818.1306906,True,
2026-08-21T08:43:44.605270+00:00,AUDUSD,trending_up,130,False,-0.0151,4,-0.349,0.25,0.0297,0.0181,3,0.527,0.667,mut-0c1cb5,1787157299.658837,True,
2026-08-21T08:43:50.156023+00:00,USDCAD,trending_down,130,False,0.0,0,,,,0.0149,3,0.462,0.667,mut-1631fa,1787301828.460097,True,
2026-08-21T08:43:56.117958+00:00,USDCHF,ranging,130,False,-0.0037,1,0.0,0.0,0.0,0.0293,2,44.593,1.0,imm-4fc33a,1784741046.2585468,True,
2026-08-21T08:44:15.927764+00:00,NZDUSD,trending_up,130,False,-0.0297,3,-121.863,0.0,0.0297,0.0179,4,0.41,0.5,mut-9fdf67,1785897925.9572012,True,
2026-08-21T08:44:20.897231+00:00,EURGBP,ranging,130,False,0.0108,2,0.562,0.5,0.0,0.028,3,1.139,0.667,mut-e402c5,1785433132.65746,True,
2026-08-21T08:44:26.044305+00:00,EURJPY,ranging,130,False,-0.0154,2,-3.334,0.0,0.01,0.0049,2,0.193,0.5,mut-74bdf5,1785122908.0481284,True,
2026-08-21T08:44:40.759957+00:00,GBPJPY,ranging,130,False,-0.0172,5,-0.36,0.2,0.0199,0.0122,5,0.219,0.6,mut-aa51f8,1785811687.2642987,True,
2026-08-21T08:44:55.292822+00:00,XAUUSD,high_volatility,126,False,0.0049,3,0.158,0.333,0.01,0.023,2,3.283,1.0,mut-aef8ad,1784888561.9697459,True,
2026-08-21T08:45:06.550958+00:00,USOIL,high_volatility,126,False,-0.0009,4,-0.021,0.5,0.01,0.0203,2,2.087,1.0,mut-44fc90,1783821407.0754356,True,
2026-08-21T08:45:22.826064+00:00,BTCUSD,high_volatility,182,False,-0.0004,6,-0.006,0.333,0.0297,0.0607,5,1.893,0.8,mut-785457,1783821498.0682824,True,
2026-08-21T08:45:28.993618+00:00,ETHUSD,high_volatility,182,False,0.0199,4,0.47,0.5,0.01,0.0338,5,0.629,0.6,imm-7ac82e,1784277230.6638775,True,
2026-08-21T08:45:34.855763+00:00,SOLUSD,high_volatility,182,False,0.0049,3,0.158,0.333,0.01,0.0223,4,0.53,0.75,mut-db8220,1785206756.6628072,True,
2026-08-21T08:45:41.121980+00:00,XRPUSD,high_volatility,182,False,-0.01,1,0.0,0.0,0.01,0.0376,5,0.738,0.8,mut-eb4a78,1785174380.1173518,True,
2026-08-21T08:45:45.269120+00:00,BNBUSD,high_volatility,182,False,0.0307,4,0.742,0.75,0.01,0.0203,2,2.079,1.0,mut-167b4d,1785840212.5746226,True,
2026-08-21T08:45:51.423021+00:00,ADAUSD,high_volatility,182,False,-0.0004,6,-0.006,0.333,0.0199,0.0435,5,0.874,0.8,mut-a36803,1785235220.1110218,True,
2026-08-21T08:46:06.561915+00:00,SPX,trending_up,125,False,-0.0274,4,-1.294,0.25,0.0297,0.0199,3,0.559,0.667,mut-8ec06d,1785926421.560454,True,
2026-08-21T08:46:11.859449+00:00,NASDAQ,high_volatility,125,False,-0.0129,2,-1.816,0.0,0.01,0.0211,4,0.503,0.75,imm-9a582c,1786153872.2105956,True,
2026-08-21T08:46:15.884139+00:00,DJI,trending_up,125,False,0.0,0,,,,0.0286,3,1.206,0.667,imm-f6a612,1786093449.0598,True,
2026-08-21T08:46:20.997062+00:00,RUT,trending_up,125,False,0.0,0,,,,0.017,2,1.316,1.0,mut-c12dc0,1786153881.8891637,True,
2026-08-21T08:46:26.090830+00:00,VIX,high_volatility,127,False,0.0091,1,0.0,1.0,0.0,0.0641,6,1.152,0.833,imm-48c3d1,1785840241.6769683,True,
2026-08-21T08:46:31.329249+00:00,FTSE,ranging,126,False,-0.0158,3,-0.794,0.333,0.0199,0.0038,3,0.122,0.333,mut-13c6ca,1783887611.8882253,True,
2026-08-21T08:46:36.536138+00:00,DAX,trending_up,127,False,-0.0188,3,-1.197,0.333,0.0199,0.0147,2,0.959,0.5,mut-84869e,1787275743.7066028,True,
2026-08-21T08:46:40.330337+00:00,CAC40,ranging,127,False,-0.0319,4,-2.39,0.0,0.0297,0.0141,2,0.89,0.5,mut-b9b556,1784630003.5888314,True,
2026-08-21T08:46:45.610367+00:00,NIKKEI,high_volatility,122,False,-0.0014,3,-0.044,0.333,0.01,0.0244,3,0.828,0.667,mut-c1d5a1,1783914987.901319,True,
2026-08-21T08:46:49.530923+00:00,HSI,trending_up,123,False,-0.0297,3,-121.863,0.0,0.0297,0.0191,4,0.443,0.5,mut-220ee6,1786354072.6067727,True,
2026-08-21T08:46:53.355616+00:00,SENSEX,ranging,122,False,-0.0282,4,-1.423,0.25,0.0297,0.0049,2,0.193,0.5,mut-d9ddd6,1787189129.9977083,True,
2026-08-21T08:47:04.509963+00:00,ASX200,trending_up,127,False,-0.0294,4,-1.657,0.25,0.0297,,,,,,,True,
2026-08-21T08:47:09.710079+00:00,AAPL,high_volatility,125,False,-0.0234,6,-0.412,0.333,0.0394,0.0131,5,0.233,0.6,mut-3c43e6,1785811782.91854,True,
2026-08-21T08:47:15.122422+00:00,MSFT,high_volatility,125,False,0.008,5,0.143,0.4,0.0199,0.0534,6,0.914,0.833,mut-417f54,1785866030.0990324,True,
2026-08-21T08:47:20.422964+00:00,NVDA,high_volatility,125,False,-0.0267,4,-1.19,0.25,0.0297,0.0225,2,3.025,1.0,mut-78d460,1785433250.8173203,True,
2026-08-21T08:47:24.466645+00:00,GOOGL,high_volatility,125,False,-0.0359,7,-0.598,0.143,0.0347,0.0229,2,3.208,1.0,mut-bf5889,1784776571.9995205,True,
2026-08-21T08:47:30.028679+00:00,AMZN,high_volatility,125,False,0.0,0,,,,0.025,2,5.016,1.0,imm-5ecbb6,1784948103.51404,True,
2026-08-21T08:47:33.998321+00:00,META,high_volatility,125,False,0.0022,4,0.051,0.5,0.01,0.0199,3,0.559,0.667,mut-ceb411,1785926501.1619763,True,
2026-08-21T08:47:39.507625+00:00,TSLA,high_volatility,125,False,-0.0128,4,-0.309,0.25,0.0199,0.0236,4,0.569,0.75,mut-842635,1783887921.345828,True,
2026-08-21T08:47:44.886664+00:00,BRKB,ranging,125,False,-0.0076,6,-0.112,0.333,0.0199,0.014,3,0.439,0.667,mut-43a374,1785433274.0539877,True,
2026-08-21T08:47:48.836371+00:00,LLY,high_volatility,125,False,-0.0092,4,-0.227,0.25,0.0199,0.0385,5,0.756,0.8,mut-5648c7,1784363164.0287595,True,
2026-08-21T08:47:54.749930+00:00,V,trending_up,125,False,0.0286,3,1.203,0.667,0.0,0.0286,3,1.203,0.667,mut-fc69c9,1787275813.957951,True,
2026-08-21T08:48:00.127839+00:00,JPM,ranging,125,False,-0.0052,4,-0.128,0.25,0.01,0.0139,2,0.861,0.5,mut-3f769e,1787244141.3436813,True,
2026-08-21T16:37:31.171687+00:00,EURUSD,trending_up,130,False,-0.0101,3,-0.362,0.333,0.0199,0.0018,2,0.083,0.5,mut-902e86,1787215310.7384248,True,
2026-08-21T16:37:36.676538+00:00,GBPUSD,trending_up,130,False,-0.0199,2,-199.0,0.0,0.0199,0.0032,2,0.138,0.5,mut-af8ee3,1787157289.9107122,True,
2026-08-21T16:37:41.973958+00:00,USDJPY,trending_down,130,False,0.0164,2,1.203,1.0,0.0,0.0174,2,1.381,1.0,mut-df1d69,1787301818.1306906,True,
2026-08-21T16:37:47.238335+00:00,AUDUSD,trending_up,130,False,-0.0151,4,-0.349,0.25,0.0297,0.0181,3,0.527,0.667,mut-0c1cb5,1787157299.658837,True,
2026-08-21T16:37:52.925714+00:00,USDCAD,trending_down,130,False,0.0137,3,0.43,0.667,0.01,0.0149,3,0.462,0.667,mut-1631fa,1787301828.460097,True,
2026-08-21T16:37:58.330519+00:00,USDCHF,ranging,130,False,-0.0129,2,-1.802,0.0,0.01,0.0293,2,44.593,1.0,imm-4fc33a,1784741046.2585468,True,
2026-08-21T16:38:04.043924+00:00,NZDUSD,trending_up,130,False,0.0129,3,0.411,0.667,0.01,0.0179,4,0.41,0.5,mut-9fdf67,1785897925.9572012,True,
2026-08-21T16:38:09.588452+00:00,EURGBP,ranging,130,False,0.0,0,,,,0.028,3,1.139,0.667,mut-e402c5,1785433132.65746,True,
2026-08-21T16:38:15.083263+00:00,EURJPY,ranging,130,False,-0.0157,2,-3.608,0.0,0.01,0.0049,2,0.193,0.5,mut-74bdf5,1785122908.0481284,True,
2026-08-21T16:38:20.785123+00:00,GBPJPY,ranging,130,False,0.0,0,,,,0.0122,5,0.219,0.6,mut-aa51f8,1785811687.2642987,True,
2026-08-21T16:38:26.508754+00:00,XAUUSD,high_volatility,126,False,-0.01,1,0.0,0.0,0.01,0.023,2,3.283,1.0,mut-aef8ad,1784888561.9697459,True,
2026-08-21T16:38:30.495340+00:00,USOIL,high_volatility,126,False,-0.01,1,0.0,0.0,0.01,0.0203,2,2.087,1.0,mut-44fc90,1783821407.0754356,True,
2026-08-21T16:38:38.092384+00:00,BTCUSD,high_volatility,182,False,-0.0004,6,-0.006,0.333,0.0297,0.0607,5,1.893,0.8,mut-785457,1783821498.0682824,True,
2026-08-21T16:38:45.147980+00:00,ETHUSD,high_volatility,182,False,0.0199,4,0.47,0.5,0.01,0.0338,5,0.629,0.6,imm-7ac82e,1784277230.6638775,True,
2026-08-21T16:38:51.635250+00:00,SOLUSD,high_volatility,182,False,0.0049,3,0.158,0.333,0.01,0.0223,4,0.53,0.75,mut-db8220,1785206756.6628072,True,
2026-08-21T16:38:59.075718+00:00,XRPUSD,high_volatility,182,False,-0.01,1,0.0,0.0,0.01,0.0376,5,0.738,0.8,mut-eb4a78,1785174380.1173518,True,
2026-08-21T16:39:06.126515+00:00,BNBUSD,high_volatility,182,False,0.0306,4,0.74,0.75,0.01,0.0203,2,2.079,1.0,mut-167b4d,1785840212.5746226,True,
2026-08-21T16:39:12.991581+00:00,ADAUSD,high_volatility,182,False,-0.0004,6,-0.006,0.333,0.0199,0.0435,5,0.874,0.8,mut-a36803,1785235220.1110218,True,
2026-08-21T16:39:18.898312+00:00,SPX,trending_up,126,False,-0.025,4,-0.987,0.25,0.0297,0.0199,3,0.559,0.667,mut-8ec06d,1785926421.560454,True,
2026-08-21T16:39:24.561332+00:00,NASDAQ,high_volatility,126,False,-0.0115,2,-1.356,0.0,0.01,0.0211,4,0.503,0.75,imm-9a582c,1786153872.2105956,True,
2026-08-21T16:39:28.623902+00:00,DJI,trending_up,126,False,0.0,0,,,,0.0286,3,1.206,0.667,imm-f6a612,1786093449.0598,True,
2026-08-21T16:39:33.972348+00:00,RUT,trending_up,126,False,-0.0034,1,0.0,0.0,0.0,0.017,2,1.316,1.0,mut-c12dc0,1786153881.8891637,True,
2026-08-21T16:39:39.557209+00:00,VIX,high_volatility,127,False,-0.0094,3,-0.323,0.333,0.0199,0.0641,6,1.152,0.833,imm-48c3d1,1785840241.6769683,True,
2026-08-21T16:39:43.483733+00:00,FTSE,ranging,126,False,-0.0221,3,-2.017,0.0,0.0199,0.0038,3,0.122,0.333,mut-13c6ca,1783887611.8882253,True,
2026-08-21T16:39:47.472434+00:00,DAX,trending_up,127,False,0.0,0,,,,0.0147,2,0.959,0.5,mut-84869e,1787275743.7066028,True,
2026-08-21T16:39:51.348571+00:00,CAC40,ranging,127,False,-0.031,4,-2.067,0.0,0.0297,0.0141,2,0.89,0.5,mut-b9b556,1784630003.5888314,True,
2026-08-21T16:39:56.765555+00:00,NIKKEI,high_volatility,121,False,-0.0009,3,-0.027,0.333,0.01,0.0244,3,0.828,0.667,mut-c1d5a1,1783914987.901319,True,
2026-08-21T16:40:00.801253+00:00,HSI,trending_up,122,False,-0.0229,3,-2.314,0.0,0.0199,0.0191,4,0.443,0.5,mut-220ee6,1786354072.6067727,True,
2026-08-21T16:40:06.470555+00:00,SENSEX,ranging,122,False,-0.0282,4,-1.422,0.25,0.0297,0.0123,5,0.219,0.6,mut-e9e96a,1787330404.6033175,True,
2026-08-21T16:40:10.436770+00:00,ASX200,trending_up,126,False,-0.0278,4,-1.354,0.25,0.0297,,,,,,,True,
2026-08-21T16:40:16.011607+00:00,AAPL,high_volatility,126,False,0.0004,6,0.006,0.5,0.0199,0.0131,5,0.233,0.6,mut-3c43e6,1785811782.91854,True,
2026-08-21T16:40:21.766549+00:00,MSFT,high_volatility,126,False,0.0088,5,0.157,0.4,0.0199,0.0534,6,0.914,0.833,mut-417f54,1785866030.0990324,True,
2026-08-21T16:40:25.953170+00:00,NVDA,high_volatility,126,False,-0.0274,4,-1.302,0.25,0.0297,0.0225,2,3.025,1.0,mut-78d460,1785433250.8173203,True,
2026-08-21T16:40:30.114576+00:00,GOOGL,high_volatility,126,False,0.0,0,,,,0.0229,2,3.208,1.0,mut-bf5889,1784776571.9995205,True,
2026-08-21T16:40:34.400840+00:00,AMZN,high_volatility,126,False,0.0,0,,,,0.025,2,5.016,1.0,imm-5ecbb6,1784948103.51404,True,
2026-08-21T16:40:40.126070+00:00,META,high_volatility,126,False,0.0008,4,0.018,0.5,0.01,0.0199,3,0.559,0.667,mut-ceb411,1785926501.1619763,True,
2026-08-21T16:40:44.172517+00:00,TSLA,high_volatility,126,False,-0.0052,3,-0.148,0.333,0.01,0.0236,4,0.569,0.75,mut-842635,1783887921.345828,True,
2026-08-21T16:40:50.373867+00:00,BRKB,ranging,126,False,-0.0071,6,-0.104,0.333,0.0199,0.014,3,0.439,0.667,mut-43a374,1785433274.0539877,True,
2026-08-21T16:40:56.573482+00:00,LLY,high_volatility,126,False,-0.007,4,-0.175,0.25,0.0199,0.0385,5,0.756,0.8,mut-5648c7,1784363164.0287595,True,
2026-08-21T16:41:03.363245+00:00,V,trending_up,126,False,0.0324,3,1.774,1.0,0.0,0.0286,3,1.203,0.667,mut-fc69c9,1787275813.957951,True,
2026-08-21T16:41:09.149198+00:00,JPM,ranging,126,False,0.012,2,0.664,0.5,0.0,0.0139,2,0.861,0.5,mut-3f769e,1787244141.3436813,True,
2026-08-22T01:21:48.699897+00:00,EURUSD,trending_up,130,False,-0.01,1,0.0,0.0,0.01,0.0018,2,0.083,0.5,mut-902e86,1787215310.7384248,True,
2026-08-22T01:21:58.810438+00:00,GBPUSD,trending_up,130,False,-0.0125,3,-0.511,0.333,0.0199,0.0032,2,0.138,0.5,mut-af8ee3,1787157289.9107122,True,
2026-08-22T01:22:08.806926+00:00,USDJPY,trending_down,130,False,0.0164,2,1.206,1.0,0.0,0.0174,2,1.381,1.0,mut-df1d69,1787301818.1306906,True,
2026-08-22T01:22:23.285659+00:00,AUDUSD,trending_up,130,False,-0.0151,4,-0.349,0.25,0.0297,0.0181,3,0.527,0.667,mut-0c1cb5,1787157299.658837,True,
2026-08-22T01:22:27.873463+00:00,USDCAD,trending_down,130,False,0.0139,3,0.435,0.667,0.01,0.0149,3,0.462,0.667,mut-1631fa,1787301828.460097,True,
2026-08-22T01:22:31.717861+00:00,USDCHF,ranging,130,False,-0.0127,2,-1.738,0.0,0.01,0.0293,2,44.593,1.0,imm-4fc33a,1784741046.2585468,True,
2026-08-22T01:22:35.614599+00:00,NZDUSD,trending_up,131,False,-0.0073,3,-0.23,0.333,0.0199,0.0179,4,0.41,0.5,mut-9fdf67,1785897925.9572012,True,
2026-08-22T01:22:39.947612+00:00,EURGBP,ranging,130,False,0.0121,2,0.675,0.5,0.0,0.028,3,1.139,0.667,mut-e402c5,1785433132.65746,True,
2026-08-22T01:22:44.396770+00:00,EURJPY,ranging,130,False,0.0,0,,,,0.0049,2,0.193,0.5,mut-74bdf5,1785122908.0481284,True,
2026-08-22T01:22:48.962926+00:00,GBPJPY,ranging,130,False,-0.0225,6,-0.4,0.333,0.0297,0.0122,5,0.219,0.6,mut-aa51f8,1785811687.2642987,True,
2026-08-22T01:22:52.797935+00:00,XAUUSD,high_volatility,126,False,0.0049,3,0.158,0.333,0.01,0.023,2,3.283,1.0,mut-aef8ad,1784888561.9697459,True,
2026-08-22T01:22:56.608723+00:00,USOIL,high_volatility,126,False,-0.0199,2,-199.0,0.0,0.0199,0.0203,2,2.087,1.0,mut-44fc90,1783821407.0754356,True,
2026-08-22T01:23:01.528045+00:00,BTCUSD,high_volatility,181,False,0.0,0,,,,0.0607,5,1.893,0.8,mut-785457,1783821498.0682824,True,
2026-08-22T01:23:05.650442+00:00,ETHUSD,high_volatility,181,False,-0.0199,2,-199.0,0.0,0.0199,0.0338,5,0.629,0.6,imm-7ac82e,1784277230.6638775,True,
2026-08-22T01:23:10.702434+00:00,SOLUSD,high_volatility,181,False,0.0049,3,0.158,0.333,0.01,0.0223,4,0.53,0.75,mut-db8220,1785206756.6628072,True,
2026-08-22T01:23:15.725733+00:00,XRPUSD,high_volatility,181,False,0.0146,7,0.182,0.429,0.0199,0.0376,5,0.738,0.8,mut-eb4a78,1785174380.1173518,True,
2026-08-22T01:23:19.903369+00:00,BNBUSD,high_volatility,181,False,0.0,0,,,,0.0203,2,2.079,1.0,mut-167b4d,1785840212.5746226,True,
2026-08-22T01:23:24.989943+00:00,ADAUSD,high_volatility,181,False,-0.0104,7,-0.137,0.286,0.0297,0.0435,5,0.874,0.8,mut-a36803,1785235220.1110218,True,
2026-08-22T01:23:28.850320+00:00,SPX,trending_up,126,False,0.0,0,,,,0.0199,3,0.559,0.667,mut-8ec06d,1785926421.560454,True,
2026-08-22T01:23:32.697720+00:00,NASDAQ,high_volatility,126,False,-0.0118,2,-1.436,0.0,0.01,0.0211,4,0.503,0.75,imm-9a582c,1786153872.2105956,True,
2026-08-22T01:23:36.651783+00:00,DJI,trending_up,126,False,0.0,0,,,,0.0286,3,1.206,0.667,imm-f6a612,1786093449.0598,True,
2026-08-22T01:23:40.984237+00:00,RUT,trending_up,126,False,0.0037,1,0.0,1.0,0.0,0.017,2,1.316,1.0,mut-c12dc0,1786153881.8891637,True,
2026-08-22T01:23:45.340192+00:00,VIX,high_volatility,127,False,0.0107,1,0.0,1.0,0.0,0.0641,6,1.152,0.833,imm-48c3d1,1785840241.6769683,True,
2026-08-22T01:23:49.146208+00:00,FTSE,ranging,126,False,-0.0122,2,-1.573,0.0,0.01,0.0038,3,0.122,0.333,mut-13c6ca,1783887611.8882253,True,
2026-08-22T01:23:53.584143+00:00,DAX,trending_up,127,False,0.0319,5,0.585,0.6,0.01,0.0147,2,0.959,0.5,mut-84869e,1787275743.7066028,True,
2026-08-22T01:23:57.873974+00:00,CAC40,ranging,127,False,-0.0199,2,-199.0,0.0,0.0199,0.0141,2,0.89,0.5,mut-b9b556,1784630003.5888314,True,
2026-08-22T01:24:02.170229+00:00,NIKKEI,high_volatility,122,False,-0.0014,3,-0.044,0.333,0.01,0.0244,3,0.828,0.667,mut-c1d5a1,1783914987.901319,True,
2026-08-22T01:24:06.057539+00:00,HSI,trending_up,123,False,-0.0271,5,-0.61,0.2,0.0394,0.0191,4,0.443,0.5,mut-220ee6,1786354072.6067727,True,
2026-08-22T01:24:10.360138+00:00,SENSEX,ranging,122,False,-0.0282,4,-1.422,0.25,0.0297,0.0123,5,0.219,0.6,mut-e9e96a,1787330404.6033175,True,
2026-08-22T01:24:14.763628+00:00,ASX200,trending_up,127,False,-0.0294,4,-1.657,0.25,0.0297,,,,,,,True,
2026-08-22T01:24:19.253147+00:00,AAPL,high_volatility,126,False,-0.0008,6,-0.012,0.333,0.0199,0.0131,5,0.233,0.6,mut-3c43e6,1785811782.91854,True,
2026-08-22T01:24:23.281038+00:00,MSFT,high_volatility,126,False,0.0188,4,0.439,0.5,0.01,0.0534,6,0.914,0.833,mut-417f54,1785866030.0990324,True,
2026-08-22T01:24:27.253865+00:00,NVDA,high_volatility,126,False,0.0,0,,,,0.0225,2,3.025,1.0,mut-78d460,1785433250.8173203,True,
2026-08-22T01:24:31.294959+00:00,GOOGL,high_volatility,126,False,0.0,0,,,,0.0229,2,3.208,1.0,mut-bf5889,1784776571.9995205,True,
2026-08-22T01:24:35.962730+00:00,AMZN,high_volatility,126,False,-0.0426,5,-3.185,0.0,0.0394,0.025,2,5.016,1.0,imm-5ecbb6,1784948103.51404,True,
2026-08-22T01:24:39.889645+00:00,META,high_volatility,126,False,0.0013,4,0.03,0.5,0.01,0.0199,3,0.559,0.667,mut-ceb411,1785926501.1619763,True,
2026-08-22T01:24:44.323113+00:00,TSLA,high_volatility,126,False,-0.0151,5,-0.313,0.2,0.0199,0.0236,4,0.569,0.75,mut-842635,1783887921.345828,True,
2026-08-22T01:24:48.681904+00:00,BRKB,ranging,126,False,-0.0082,6,-0.119,0.333,0.0199,0.014,3,0.439,0.667,mut-43a374,1785433274.0539877,True,
2026-08-22T01:24:53.346362+00:00,LLY,high_volatility,126,False,-0.0079,4,-0.197,0.25,0.0199,0.0385,5,0.756,0.8,mut-5648c7,1784363164.0287595,True,
2026-08-22T01:24:57.393581+00:00,V,trending_up,126,False,0.0324,3,1.768,1.0,0.0,0.0286,3,1.203,0.667,mut-fc69c9,1787275813.957951,True,
2026-08-22T01:25:01.804861+00:00,JPM,ranging,126,False,-0.0052,4,-0.127,0.5,0.01,0.0139,2,0.861,0.5,mut-3f769e,1787244141.3436813,True,
2026-08-22T08:33:04.019158+00:00,EURUSD,trending_up,130,False,-0.01,1,0.0,0.0,0.01,0.0018,2,0.083,0.5,mut-902e86,1787215310.7384248,True,
2026-08-22T08:33:07.924531+00:00,GBPUSD,trending_up,130,False,-0.0199,2,-199.0,0.0,0.0199,0.0032,2,0.138,0.5,mut-af8ee3,1787157289.9107122,True,
2026-08-22T08:33:13.363859+00:00,USDJPY,trending_down,130,False,-0.0303,4,-1.88,0.0,0.0297,0.0174,2,1.381,1.0,mut-df1d69,1787301818.1306906,True,
2026-08-22T08:33:17.333207+00:00,AUDUSD,trending_up,131,False,-0.0151,4,-0.349,0.25,0.0297,0.0181,3,0.527,0.667,mut-0c1cb5,1787157299.658837,True,
2026-08-22T08:33:23.089001+00:00,USDCAD,trending_down,131,False,0.0138,3,0.433,0.667,0.01,0.0149,3,0.462,0.667,mut-1631fa,1787301828.460097,True,
2026-08-22T08:33:28.433304+00:00,USDCHF,ranging,130,False,-0.0127,2,-1.738,0.0,0.01,0.0293,2,44.593,1.0,imm-4fc33a,1784741046.2585468,True,
2026-08-22T08:33:34.040299+00:00,NZDUSD,trending_up,131,False,0.0126,3,0.401,0.667,0.01,0.0179,4,0.41,0.5,mut-9fdf67,1785897925.9572012,True,
2026-08-22T08:33:39.588696+00:00,EURGBP,ranging,130,False,0.0,0,,,,0.028,3,1.139,0.667,mut-e402c5,1785433132.65746,True,
2026-08-22T08:33:44.944237+00:00,EURJPY,ranging,130,False,-0.0052,3,-0.148,0.333,0.01,0.0049,2,0.193,0.5,mut-74bdf5,1785122908.0481284,True,
2026-08-22T08:33:50.622715+00:00,GBPJPY,ranging,130,False,-0.0225,6,-0.4,0.333,0.0297,0.0122,5,0.219,0.6,mut-aa51f8,1785811687.2642987,True,
2026-08-22T08:33:56.363829+00:00,XAUUSD,high_volatility,126,True,0.0234,2,3.571,1.0,0.0,0.0234,2,3.571,1.0,mut-a06ddc,1787387636.1183329,True,
2026-08-22T08:34:01.639592+00:00,USOIL,high_volatility,126,False,0.0,0,,,,0.0203,2,2.087,1.0,mut-44fc90,1783821407.0754356,True,
2026-08-22T08:34:06.096438+00:00,BTCUSD,high_volatility,182,False,-0.0052,3,-0.146,0.333,0.0199,0.0607,5,1.893,0.8,mut-785457,1783821498.0682824,True,
2026-08-22T08:34:10.632143+00:00,ETHUSD,high_volatility,182,False,0.0129,4,0.273,0.5,0.01,0.0338,5,0.629,0.6,imm-7ac82e,1784277230.6638775,True,
2026-08-22T08:34:15.218584+00:00,SOLUSD,high_volatility,182,False,0.0097,5,0.175,0.4,0.0199,0.0223,4,0.53,0.75,mut-db8220,1785206756.6628072,True,
2026-08-22T08:34:22.054111+00:00,XRPUSD,high_volatility,182,False,-0.0297,4,-1.732,0.0,0.0297,0.0376,5,0.738,0.8,mut-eb4a78,1785174380.1173518,True,
2026-08-22T08:34:26.645378+00:00,BNBUSD,high_volatility,182,False,0.0237,4,0.578,0.75,0.01,0.0203,2,2.079,1.0,mut-167b4d,1785840212.5746226,True,
2026-08-22T08:34:33.331337+00:00,ADAUSD,high_volatility,182,False,-0.0494,11,-0.485,0.182,0.0634,0.0435,5,0.874,0.8,mut-a36803,1785235220.1110218,True,
2026-08-22T08:34:38.991784+00:00,SPX,trending_up,126,False,-0.0255,4,-1.042,0.25,0.0297,0.0199,3,0.559,0.667,mut-8ec06d,1785926421.560454,True,
2026-08-22T08:34:43.114640+00:00,NASDAQ,high_volatility,126,False,-0.0128,2,-1.79,0.0,0.01,0.0211,4,0.503,0.75,imm-9a582c,1786153872.2105956,True,
2026-08-22T08:34:47.285313+00:00,DJI,trending_up,126,False,0.0,0,,,,0.0286,3,1.206,0.667,imm-f6a612,1786093449.0598,True,
2026-08-22T08:34:52.990000+00:00,RUT,trending_up,126,False,-0.0037,1,0.0,0.0,0.0,0.017,2,1.316,1.0,mut-c12dc0,1786153881.8891637,True,
2026-08-22T08:34:58.732517+00:00,VIX,high_volatility,127,False,0.0,0,,,,0.0641,6,1.152,0.833,imm-48c3d1,1785840241.6769683,True,
2026-08-22T08:35:02.749106+00:00,FTSE,ranging,126,False,-0.0177,3,-1.024,0.333,0.0199,0.0038,3,0.122,0.333,mut-13c6ca,1783887611.8882253,True,
2026-08-22T08:35:08.474369+00:00,DAX,trending_up,127,False,-0.003,4,-0.073,0.5,0.0199,0.0147,2,0.959,0.5,mut-84869e,1787275743.7066028,True,
2026-08-22T08:35:12.491294+00:00,CAC40,ranging,127,False,-0.01,2,-1.0,0.0,0.01,0.0141,2,0.89,0.5,mut-b9b556,1784630003.5888314,True,
2026-08-22T08:35:16.544272+00:00,NIKKEI,high_volatility,122,False,-0.0014,3,-0.044,0.333,0.01,0.0244,3,0.828,0.667,mut-c1d5a1,1783914987.901319,True,
2026-08-22T08:35:22.016674+00:00,HSI,trending_up,123,False,-0.0297,3,-121.863,0.0,0.0297,0.0191,4,0.443,0.5,mut-220ee6,1786354072.6067727,True,
2026-08-22T08:35:26.014166+00:00,SENSEX,ranging,122,False,-0.0282,4,-1.422,0.25,0.0297,0.0123,5,0.219,0.6,mut-e9e96a,1787330404.6033175,True,
2026-08-22T08:35:30.078688+00:00,ASX200,trending_up,127,False,-0.0294,4,-1.657,0.25,0.0297,,,,,,,True,
2026-08-22T08:35:36.451022+00:00,AAPL,high_volatility,126,False,0.0,0,,,,0.0131,5,0.233,0.6,mut-3c43e6,1785811782.91854,True,
2026-08-22T08:35:42.566821+00:00,MSFT,high_volatility,126,False,0.0086,5,0.155,0.4,0.0199,0.0534,6,0.914,0.833,mut-417f54,1785866030.0990324,True,
2026-08-22T08:35:48.447057+00:00,NVDA,high_volatility,126,False,0.0,0,,,,0.0225,2,3.025,1.0,mut-78d460,1785433250.8173203,True,
2026-08-22T08:35:52.738434+00:00,GOOGL,high_volatility,126,False,-0.0344,7,-0.565,0.286,0.0347,0.0229,2,3.208,1.0,mut-bf5889,1784776571.9995205,True,
2026-08-22T08:35:57.041297+00:00,AMZN,high_volatility,126,False,-0.0133,3,-0.572,0.333,0.0199,0.025,2,5.016,1.0,imm-5ecbb6,1784948103.51404,True,
2026-08-22T08:36:03.292257+00:00,META,high_volatility,126,False,0.0013,4,0.03,0.5,0.01,0.0199,3,0.559,0.667,mut-ceb411,1785926501.1619763,True,
2026-08-22T08:36:08.841687+00:00,TSLA,high_volatility,126,False,-0.0052,3,-0.148,0.333,0.01,0.0236,4,0.569,0.75,mut-842635,1783887921.345828,True,
2026-08-22T08:36:12.882423+00:00,BRKB,ranging,126,False,0.0,0,,,,0.014,3,0.439,0.667,mut-43a374,1785433274.0539877,True,
2026-08-22T08:36:18.644335+00:00,LLY,high_volatility,126,False,-0.0079,4,-0.197,0.25,0.0199,0.0385,5,0.756,0.8,mut-5648c7,1784363164.0287595,True,
2026-08-22T08:36:24.707307+00:00,V,trending_up,126,False,0.0324,3,1.768,1.0,0.0,0.0286,3,1.203,0.667,mut-fc69c9,1787275813.957951,True,
2026-08-22T08:36:28.895371+00:00,JPM,ranging,126,False,-0.0052,4,-0.127,0.5,0.01,0.0139,2,0.861,0.5,mut-3f769e,1787244141.3436813,True,
2026-08-22T16:27:43.299201+00:00,EURUSD,trending_up,130,False,-0.01,1,0.0,0.0,0.01,0.0018,2,0.083,0.5,mut-902e86,1787215310.7384248,True,
2026-08-22T16:27:49.015968+00:00,GBPUSD,trending_up,130,False,-0.0199,2,-199.0,0.0,0.0199,0.0032,2,0.138,0.5,mut-af8ee3,1787157289.9107122,True,
2026-08-22T16:27:54.593260+00:00,USDJPY,trending_down,130,False,0.0164,2,1.206,1.0,0.0,0.0174,2,1.381,1.0,mut-df1d69,1787301818.1306906,True,
2026-08-22T16:27:58.655197+00:00,AUDUSD,trending_up,131,False,0.0157,5,0.278,0.6,0.0199,0.0181,3,0.527,0.667,mut-0c1cb5,1787157299.658837,True,
2026-08-22T16:28:04.584282+00:00,USDCAD,trending_down,131,False,0.0138,3,0.433,0.667,0.01,0.0149,3,0.462,0.667,mut-1631fa,1787301828.460097,True,
2026-08-22T16:28:10.151966+00:00,USDCHF,ranging,130,False,0.0,0,,,,0.0293,2,44.593,1.0,imm-4fc33a,1784741046.2585468,True,
2026-08-22T16:28:17.395240+00:00,NZDUSD,trending_up,131,False,0.0126,3,0.401,0.667,0.01,0.0179,4,0.41,0.5,mut-9fdf67,1785897925.9572012,True,
2026-08-22T16:28:23.075373+00:00,EURGBP,ranging,130,False,0.0121,2,0.675,0.5,0.0,0.028,3,1.139,0.667,mut-e402c5,1785433132.65746,True,
2026-08-22T16:28:28.628291+00:00,EURJPY,ranging,131,False,-0.0156,2,-3.546,0.0,0.01,0.0049,2,0.193,0.5,mut-74bdf5,1785122908.0481284,True,
2026-08-22T16:28:34.658930+00:00,GBPJPY,ranging,130,False,0.0,0,,,,0.0122,5,0.219,0.6,mut-aa51f8,1785811687.2642987,True,
2026-08-22T16:28:40.150882+00:00,XAUUSD,high_volatility,126,False,-0.01,1,0.0,0.0,0.01,0.0234,2,3.571,1.0,mut-a06ddc,1787387636.1183329,True,
2026-08-22T16:28:45.964528+00:00,USOIL,high_volatility,126,False,-0.0199,2,-199.0,0.0,0.0199,0.0203,2,2.087,1.0,mut-44fc90,1783821407.0754356,True,
2026-08-22T16:28:50.472028+00:00,BTCUSD,high_volatility,182,False,-0.0052,3,-0.146,0.333,0.0199,0.0607,5,1.893,0.8,mut-785457,1783821498.0682824,True,
2026-08-22T16:28:57.039321+00:00,ETHUSD,high_volatility,182,False,0.0129,4,0.275,0.5,0.01,0.0338,5,0.629,0.6,imm-7ac82e,1784277230.6638775,True,
2026-08-22T16:29:01.633426+00:00,SOLUSD,high_volatility,182,False,0.0199,4,0.47,0.5,0.01,0.0223,4,0.53,0.75,mut-db8220,1785206756.6628072,True,
2026-08-22T16:29:08.956623+00:00,XRPUSD,high_volatility,182,False,-0.0297,4,-1.732,0.0,0.0297,0.0376,5,0.738,0.8,mut-eb4a78,1785174380.1173518,True,
2026-08-22T16:29:13.569614+00:00,BNBUSD,high_volatility,182,False,0.0229,4,0.555,0.75,0.01,0.0203,2,2.079,1.0,mut-167b4d,1785840212.5746226,True,
2026-08-22T16:29:20.478062+00:00,ADAUSD,high_volatility,182,False,-0.0104,6,-0.149,0.333,0.025,0.0435,5,0.874,0.8,mut-a36803,1785235220.1110218,True,
2026-08-22T16:29:24.567755+00:00,SPX,trending_up,126,False,0.0,0,,,,0.0199,3,0.559,0.667,mut-8ec06d,1785926421.560454,True,
2026-08-22T16:29:30.195495+00:00,NASDAQ,high_volatility,126,False,-0.0118,2,-1.436,0.0,0.01,0.0211,4,0.503,0.75,imm-9a582c,1786153872.2105956,True,
2026-08-22T16:29:34.331877+00:00,DJI,trending_up,126,False,0.0,0,,,,0.0286,3,1.206,0.667,imm-f6a612,1786093449.0598,True,
2026-08-22T16:29:39.908202+00:00,RUT,trending_up,126,False,0.0037,1,0.0,1.0,0.0,0.017,2,1.316,1.0,mut-c12dc0,1786153881.8891637,True,
2026-08-22T16:29:45.686661+00:00,VIX,high_volatility,127,False,0.0107,1,0.0,1.0,0.0,0.0641,6,1.152,0.833,imm-48c3d1,1785840241.6769683,True,
2026-08-22T16:29:51.403695+00:00,FTSE,ranging,126,False,-0.0088,2,-0.78,0.5,0.01,0.0038,3,0.122,0.333,mut-13c6ca,1783887611.8882253,True,
2026-08-22T16:29:57.148150+00:00,DAX,trending_up,127,False,0.0,0,,,,0.0147,2,0.959,0.5,mut-84869e,1787275743.7066028,True,
2026-08-22T16:30:02.958304+00:00,CAC40,ranging,127,False,-0.0175,3,-1.002,0.333,0.0199,0.0141,2,0.89,0.5,mut-b9b556,1784630003.5888314,True,
2026-08-22T16:30:08.677899+00:00,NIKKEI,high_volatility,122,False,-0.0014,3,-0.044,0.333,0.01,0.0244,3,0.828,0.667,mut-c1d5a1,1783914987.901319,True,
2026-08-22T16:30:12.892812+00:00,HSI,trending_up,123,False,-0.0281,4,-1.409,0.25,0.0297,0.0191,4,0.443,0.5,mut-220ee6,1786354072.6067727,True,
2026-08-22T16:30:22.566506+00:00,SENSEX,ranging,122,False,-0.0127,5,-0.257,0.4,0.0199,0.0123,5,0.219,0.6,mut-e9e96a,1787330404.6033175,True,
2026-08-22T16:30:31.866529+00:00,ASX200,trending_up,127,False,-0.0294,4,-1.657,0.25,0.0297,,,,,,,True,
2026-08-22T16:30:39.745650+00:00,AAPL,high_volatility,126,False,-0.0008,6,-0.012,0.333,0.0199,0.0131,5,0.233,0.6,mut-3c43e6,1785811782.91854,True,
2026-08-22T16:30:45.682181+00:00,MSFT,high_volatility,126,False,0.0086,5,0.155,0.4,0.0199,0.0534,6,0.914,0.833,mut-417f54,1785866030.0990324,True,
2026-08-22T16:30:49.904082+00:00,NVDA,high_volatility,126,False,-0.028,4,-1.39,0.25,0.0297,0.0225,2,3.025,1.0,mut-78d460,1785433250.8173203,True,
2026-08-22T16:30:54.287215+00:00,GOOGL,high_volatility,126,False,-0.0398,5,-2.097,0.0,0.0394,0.0229,2,3.208,1.0,mut-bf5889,1784776571.9995205,True,
2026-08-22T16:30:58.498222+00:00,AMZN,high_volatility,126,False,-0.0184,5,-0.385,0.2,0.0199,0.025,2,5.016,1.0,imm-5ecbb6,1784948103.51404,True,
2026-08-22T16:31:02.617954+00:00,META,high_volatility,126,False,-0.0066,4,-0.164,0.25,0.0199,0.0199,3,0.559,0.667,mut-ceb411,1785926501.1619763,True,
2026-08-22T16:31:06.693436+00:00,TSLA,high_volatility,126,False,-0.0052,3,-0.148,0.333,0.01,0.0236,4,0.569,0.75,mut-842635,1783887921.345828,True,
2026-08-22T16:31:10.711943+00:00,BRKB,ranging,126,False,-0.014,3,-0.628,0.333,0.0199,0.014,3,0.439,0.667,mut-43a374,1785433274.0539877,True,
2026-08-22T16:31:16.461732+00:00,LLY,high_volatility,126,False,0.0,0,,,,0.0385,5,0.756,0.8,mut-5648c7,1784363164.0287595,True,
2026-08-22T16:31:22.351441+00:00,V,trending_up,126,False,-0.0262,3,-5.129,0.0,0.0199,0.0286,3,1.203,0.667,mut-fc69c9,1787275813.957951,True,
2026-08-22T16:31:29.107220+00:00,JPM,ranging,126,False,0.0119,2,0.658,0.5,0.0,0.0139,2,0.861,0.5,mut-3f769e,1787244141.3436813,True,
2026-08-23T01:35:13.555491+00:00,EURUSD,trending_up,130,False,-0.01,1,0.0,0.0,0.01,0.0018,2,0.083,0.5,mut-902e86,1787215310.7384248,True,
2026-08-23T01:35:17.487786+00:00,GBPUSD,trending_up,131,False,-0.0125,3,-0.509,0.333,0.0199,0.0032,2,0.138,0.5,mut-af8ee3,1787157289.9107122,True,
2026-08-23T01:35:32.533648+00:00,USDJPY,trending_down,130,False,0.0164,2,1.206,1.0,0.0,0.0174,2,1.381,1.0,mut-df1d69,1787301818.1306906,True,
2026-08-23T01:35:36.475429+00:00,AUDUSD,trending_up,131,False,-0.0063,5,-0.116,0.4,0.0297,0.0181,3,0.527,0.667,mut-0c1cb5,1787157299.658837,True,
2026-08-23T01:35:47.309189+00:00,USDCAD,trending_down,131,False,0.0138,3,0.433,0.667,0.01,0.0149,3,0.462,0.667,mut-1631fa,1787301828.460097,True,
2026-08-23T01:36:02.113065+00:00,USDCHF,ranging,130,False,-0.0127,2,-1.738,0.0,0.01,0.0293,2,44.593,1.0,imm-4fc33a,1784741046.2585468,True,
2026-08-23T01:36:07.071510+00:00,NZDUSD,trending_up,131,False,0.0126,3,0.401,0.667,0.01,0.0179,4,0.41,0.5,mut-9fdf67,1785897925.9572012,True,
2026-08-23T01:36:11.789090+00:00,EURGBP,ranging,130,False,-0.0026,4,-0.063,0.5,0.01,0.028,3,1.139,0.667,mut-e402c5,1785433132.65746,True,
2026-08-23T01:36:16.316792+00:00,EURJPY,ranging,131,False,-0.0199,2,-199.0,0.0,0.0199,0.0049,2,0.193,0.5,mut-74bdf5,1785122908.0481284,True,
2026-08-23T01:36:21.296868+00:00,GBPJPY,ranging,130,False,-0.0531,6,-4.171,0.0,0.049,0.0122,5,0.219,0.6,mut-aa51f8,1785811687.2642987,True,
2026-08-23T01:36:26.021795+00:00,XAUUSD,high_volatility,126,False,0.0049,3,0.158,0.333,0.01,0.0234,2,3.571,1.0,mut-a06ddc,1787387636.1183329,True,
2026-08-23T01:36:30.734360+00:00,USOIL,high_volatility,126,False,-0.01,1,0.0,0.0,0.01,0.0203,2,2.087,1.0,mut-44fc90,1783821407.0754356,True,
2026-08-23T01:36:35.333282+00:00,BTCUSD,high_volatility,181,False,0.0,0,,,,0.0607,5,1.893,0.8,mut-785457,1783821498.0682824,True,
2026-08-23T01:36:39.848426+00:00,ETHUSD,high_volatility,181,False,-0.0199,2,-199.0,0.0,0.0199,0.0338,5,0.629,0.6,imm-7ac82e,1784277230.6638775,True,
2026-08-23T01:36:45.469306+00:00,SOLUSD,high_volatility,181,False,-0.0199,2,-199.0,0.0,0.0199,0.0223,4,0.53,0.75,mut-db8220,1785206756.6628072,True,
2026-08-23T01:36:51.600817+00:00,XRPUSD,high_volatility,181,False,0.0,0,,,,0.0376,5,0.738,0.8,mut-eb4a78,1785174380.1173518,True,
2026-08-23T01:36:56.058832+00:00,BNBUSD,high_volatility,181,False,0.0244,4,0.597,0.75,0.01,0.0203,2,2.079,1.0,mut-167b4d,1785840212.5746226,True,
2026-08-23T01:37:01.932797+00:00,ADAUSD,high_volatility,181,False,-0.046,8,-0.721,0.125,0.0585,0.0435,5,0.874,0.8,mut-a36803,1785235220.1110218,True,
2026-08-23T01:37:06.068238+00:00,SPX,trending_up,126,False,-0.0018,4,-0.043,0.5,0.0199,0.0199,3,0.559,0.667,mut-8ec06d,1785926421.560454,True,
2026-08-23T01:37:10.037485+00:00,NASDAQ,high_volatility,126,False,-0.0118,2,-1.436,0.0,0.01,0.0211,4,0.503,0.75,imm-9a582c,1786153872.2105956,True,
2026-08-23T01:37:14.143677+00:00,DJI,trending_up,126,False,0.0,0,,,,0.0286,3,1.206,0.667,imm-f6a612,1786093449.0598,True,
2026-08-23T01:37:18.898587+00:00,RUT,trending_up,126,False,-0.0037,1,0.0,0.0,0.0,0.017,2,1.316,1.0,mut-c12dc0,1786153881.8891637,True,
2026-08-23T01:37:23.670734+00:00,VIX,high_volatility,127,False,0.0056,1,0.0,1.0,0.0,0.0641,6,1.152,0.833,imm-48c3d1,1785840241.6769683,True,
2026-08-23T01:37:27.593129+00:00,FTSE,ranging,126,False,-0.0158,3,-0.796,0.333,0.0199,0.0038,3,0.122,0.333,mut-13c6ca,1783887611.8882253,True,
2026-08-23T01:37:32.409953+00:00,DAX,trending_up,127,False,0.0,0,,,,0.0147,2,0.959,0.5,mut-84869e,1787275743.7066028,True,
2026-08-23T01:37:36.355444+00:00,CAC40,ranging,127,False,-0.01,1,0.0,0.0,0.01,0.0141,2,0.89,0.5,mut-b9b556,1784630003.5888314,True,
2026-08-23T01:37:41.206663+00:00,NIKKEI,high_volatility,122,False,-0.0014,3,-0.044,0.333,0.01,0.0244,3,0.828,0.667,mut-c1d5a1,1783914987.901319,True,
2026-08-23T01:37:45.156797+00:00,HSI,trending_up,123,False,-0.0271,5,-0.61,0.2,0.0394,0.0191,4,0.443,0.5,mut-220ee6,1786354072.6067727,True,
2026-08-23T01:37:49.080348+00:00,SENSEX,ranging,122,False,-0.0282,4,-1.422,0.25,0.0297,0.0123,5,0.219,0.6,mut-e9e96a,1787330404.6033175,True,
2026-08-23T01:37:53.909348+00:00,ASX200,trending_up,127,False,-0.0294,4,-1.657,0.25,0.0297,,,,,,,True,
2026-08-23T01:37:58.781371+00:00,AAPL,high_volatility,126,False,-0.0008,6,-0.012,0.333,0.0199,0.0131,5,0.233,0.6,mut-3c43e6,1785811782.91854,True,
2026-08-23T01:38:03.950243+00:00,MSFT,high_volatility,126,False,0.0086,5,0.155,0.4,0.0199,0.0534,6,0.914,0.833,mut-417f54,1785866030.0990324,True,
2026-08-23T01:38:08.059241+00:00,NVDA,high_volatility,126,False,-0.028,4,-1.39,0.25,0.0297,0.0225,2,3.025,1.0,mut-78d460,1785433250.8173203,True,
2026-08-23T01:38:12.299377+00:00,GOOGL,high_volatility,126,False,0.0,0,,,,0.0229,2,3.208,1.0,mut-bf5889,1784776571.9995205,True,
2026-08-23T01:38:16.473537+00:00,AMZN,high_volatility,126,False,0.0,0,,,,0.025,2,5.016,1.0,imm-5ecbb6,1784948103.51404,True,
2026-08-23T01:38:21.492566+00:00,META,high_volatility,126,False,0.0013,4,0.03,0.5,0.01,0.0199,3,0.559,0.667,mut-ceb411,1785926501.1619763,True,
2026-08-23T01:38:26.385601+00:00,TSLA,high_volatility,126,False,-0.0151,5,-0.313,0.2,0.0199,0.0236,4,0.569,0.75,mut-842635,1783887921.345828,True,
2026-08-23T01:38:30.399906+00:00,BRKB,ranging,126,False,-0.0082,6,-0.119,0.333,0.0199,0.014,3,0.439,0.667,mut-43a374,1785433274.0539877,True,
2026-08-23T01:38:35.381180+00:00,LLY,high_volatility,126,False,-0.0079,4,-0.197,0.25,0.0199,0.0385,5,0.756,0.8,mut-5648c7,1784363164.0287595,True,
2026-08-23T01:38:40.258127+00:00,V,trending_up,126,False,0.0324,3,1.768,1.0,0.0,0.0286,3,1.203,0.667,mut-fc69c9,1787275813.957951,True,
2026-08-23T01:38:45.155390+00:00,JPM,ranging,126,False,0.0119,2,0.658,0.5,0.0,0.0139,2,0.861,0.5,mut-3f769e,1787244141.3436813,True,
2026-08-23T08:33:37.411301+00:00,EURUSD,trending_up,130,False,-0.01,1,0.0,0.0,0.01,0.0018,2,0.083,0.5,mut-902e86,1787215310.7384248,True,
2026-08-23T08:33:41.356375+00:00,GBPUSD,trending_up,131,False,-0.0125,3,-0.509,0.333,0.0199,0.0032,2,0.138,0.5,mut-af8ee3,1787157289.9107122,True,
2026-08-23T08:33:46.788725+00:00,USDJPY,trending_down,130,False,0.0164,2,1.206,1.0,0.0,0.0174,2,1.381,1.0,mut-df1d69,1787301818.1306906,True,
2026-08-23T08:33:50.835545+00:00,AUDUSD,trending_up,131,False,0.0157,5,0.278,0.6,0.0199,0.0181,3,0.527,0.667,mut-0c1cb5,1787157299.658837,True,
2026-08-23T08:33:56.526393+00:00,USDCAD,trending_down,131,False,0.0138,3,0.433,0.667,0.01,0.0149,3,0.462,0.667,mut-1631fa,1787301828.460097,True,
2026-08-23T08:34:02.166738+00:00,USDCHF,ranging,130,False,-0.0127,2,-1.738,0.0,0.01,0.0293,2,44.593,1.0,imm-4fc33a,1784741046.2585468,True,
2026-08-23T08:34:07.815794+00:00,NZDUSD,trending_up,131,False,-0.0252,4,-1.01,0.25,0.0297,0.0179,4,0.41,0.5,mut-9fdf67,1785897925.9572012,True,
2026-08-23T08:34:13.348343+00:00,EURGBP,ranging,130,False,0.0121,2,0.675,0.5,0.0,0.028,3,1.139,0.667,mut-e402c5,1785433132.65746,True,
2026-08-23T08:34:17.279201+00:00,EURJPY,ranging,131,False,-0.0147,2,-2.759,0.0,0.01,0.0049,2,0.193,0.5,mut-74bdf5,1785122908.0481284,True,
2026-08-23T08:34:22.943391+00:00,GBPJPY,ranging,130,False,0.0,0,,,,0.0122,5,0.219,0.6,mut-aa51f8,1785811687.2642987,True,
2026-08-23T08:34:28.431036+00:00,XAUUSD,high_volatility,126,False,0.0049,3,0.158,0.333,0.01,0.0234,2,3.571,1.0,mut-a06ddc,1787387636.1183329,True,
2026-08-23T08:34:32.389264+00:00,USOIL,high_volatility,126,False,-0.0247,4,-0.954,0.25,0.0297,0.0203,2,2.087,1.0,mut-44fc90,1783821407.0754356,True,
2026-08-23T08:34:36.996090+00:00,BTCUSD,high_volatility,182,False,0.0,0,,,,0.0607,5,1.893,0.8,mut-785457,1783821498.0682824,True,
2026-08-23T08:34:41.541229+00:00,ETHUSD,high_volatility,182,False,0.0097,5,0.173,0.4,0.01,0.0338,5,0.629,0.6,imm-7ac82e,1784277230.6638775,True,
2026-08-23T08:34:48.301957+00:00,SOLUSD,high_volatility,182,False,0.0233,6,0.342,0.5,0.0199,0.0223,4,0.53,0.75,mut-db8220,1785206756.6628072,True,
2026-08-23T08:34:52.925783+00:00,XRPUSD,high_volatility,182,False,-0.01,1,0.0,0.0,0.01,0.0376,5,0.738,0.8,mut-eb4a78,1785174380.1173518,True,
2026-08-23T08:34:59.591942+00:00,BNBUSD,high_volatility,182,False,0.0205,4,0.487,0.75,0.01,0.0203,2,2.079,1.0,mut-167b4d,1785840212.5746226,True,
2026-08-23T08:35:06.206262+00:00,ADAUSD,high_volatility,182,False,0.001,8,0.01,0.375,0.025,0.0435,5,0.874,0.8,mut-a36803,1785235220.1110218,True,
2026-08-23T08:35:10.413344+00:00,SPX,trending_up,126,False,0.0,0,,,,0.0199,3,0.559,0.667,mut-8ec06d,1785926421.560454,True,
2026-08-23T08:35:15.934821+00:00,NASDAQ,high_volatility,126,False,-0.0118,2,-1.436,0.0,0.01,0.0211,4,0.503,0.75,imm-9a582c,1786153872.2105956,True,
2026-08-23T08:35:21.624715+00:00,DJI,trending_up,126,False,-0.0348,4,-4.185,0.0,0.0297,0.0286,3,1.206,0.667,imm-f6a612,1786093449.0598,True,
2026-08-23T08:35:27.415809+00:00,RUT,trending_up,126,False,0.0037,1,0.0,1.0,0.0,0.017,2,1.316,1.0,mut-c12dc0,1786153881.8891637,True,
2026-08-23T08:35:32.871740+00:00,VIX,high_volatility,127,False,0.0,0,,,,0.0641,6,1.152,0.833,imm-48c3d1,1785840241.6769683,True,
2026-08-23T08:35:36.768868+00:00,FTSE,ranging,126,False,-0.0222,3,-2.047,0.0,0.0199,0.0038,3,0.122,0.333,mut-13c6ca,1783887611.8882253,True,
2026-08-23T08:35:43.886922+00:00,DAX,trending_up,127,False,-0.003,4,-0.073,0.5,0.0199,0.0147,2,0.959,0.5,mut-84869e,1787275743.7066028,True,
2026-08-23T08:35:47.794355+00:00,CAC40,ranging,127,False,-0.031,4,-2.067,0.0,0.0297,0.0141,2,0.89,0.5,mut-b9b556,1784630003.5888314,True,
2026-08-23T08:35:53.519700+00:00,NIKKEI,high_volatility,122,False,-0.0114,4,-0.276,0.25,0.01,0.0244,3,0.828,0.667,mut-c1d5a1,1783914987.901319,True,
2026-08-23T08:35:57.509560+00:00,HSI,trending_up,123,False,-0.0275,4,-1.316,0.25,0.0297,0.0191,4,0.443,0.5,mut-220ee6,1786354072.6067727,True,
2026-08-23T08:36:02.907690+00:00,SENSEX,ranging,122,False,-0.0282,4,-1.422,0.25,0.0297,0.0123,5,0.219,0.6,mut-e9e96a,1787330404.6033175,True,
2026-08-23T08:36:06.954003+00:00,ASX200,trending_up,127,False,-0.0294,4,-1.657,0.25,0.0297,,,,,,,True,
2026-08-23T08:36:12.555023+00:00,AAPL,high_volatility,126,False,0.0,0,,,,0.0131,5,0.233,0.6,mut-3c43e6,1785811782.91854,True,
2026-08-23T08:36:18.482711+00:00,MSFT,high_volatility,126,False,0.0188,4,0.439,0.5,0.01,0.0534,6,0.914,0.833,mut-417f54,1785866030.0990324,True,
2026-08-23T08:36:24.638848+00:00,NVDA,high_volatility,126,False,-0.0023,4,-0.056,0.5,0.0199,0.0225,2,3.025,1.0,mut-78d460,1785433250.8173203,True,
2026-08-23T08:36:30.509409+00:00,GOOGL,high_volatility,126,False,0.0,0,,,,0.0229,2,3.208,1.0,mut-bf5889,1784776571.9995205,True,
2026-08-23T08:36:36.634387+00:00,AMZN,high_volatility,126,False,-0.0133,3,-0.572,0.333,0.0199,0.025,2,5.016,1.0,imm-5ecbb6,1784948103.51404,True,
2026-08-23T08:36:42.399477+00:00,META,high_volatility,126,False,0.0013,4,0.03,0.5,0.01,0.0199,3,0.559,0.667,mut-ceb411,1785926501.1619763,True,
2026-08-23T08:36:48.046414+00:00,TSLA,high_volatility,126,False,-0.0052,4,-0.128,0.25,0.01,0.0236,4,0.569,0.75,mut-842635,1783887921.345828,True,
2026-08-23T08:36:53.607030+00:00,BRKB,ranging,126,False,-0.0082,6,-0.119,0.333,0.0199,0.014,3,0.439,0.667,mut-43a374,1785433274.0539877,True,
2026-08-23T08:36:59.228571+00:00,LLY,high_volatility,126,False,-0.0079,4,-0.197,0.25,0.0199,0.0385,5,0.756,0.8,mut-5648c7,1784363164.0287595,True,
2026-08-23T08:37:03.437449+00:00,V,trending_up,126,False,0.0324,3,1.768,1.0,0.0,0.0286,3,1.203,0.667,mut-fc69c9,1787275813.957951,True,
2026-08-23T08:37:09.127294+00:00,JPM,ranging,126,False,0.0119,2,0.658,0.5,0.0,0.0139,2,0.861,0.5,mut-3f769e,1787244141.3436813,True,
2026-08-23T16:29:16.876036+00:00,EURUSD,trending_up,130,False,-0.01,1,0.0,0.0,0.01,0.0018,2,0.083,0.5,mut-902e86,1787215310.7384248,True,
2026-08-23T16:29:22.177038+00:00,GBPUSD,trending_up,131,False,-0.0199,2,-199.0,0.0,0.0199,0.0032,2,0.138,0.5,mut-af8ee3,1787157289.9107122,True,
2026-08-23T16:29:26.055332+00:00,USDJPY,trending_down,130,False,0.0164,2,1.206,1.0,0.0,0.0174,2,1.381,1.0,mut-df1d69,1787301818.1306906,True,
2026-08-23T16:29:29.946129+00:00,AUDUSD,trending_up,131,False,-0.0151,4,-0.349,0.25,0.0297,0.0181,3,0.527,0.667,mut-0c1cb5,1787157299.658837,True,
2026-08-23T16:29:35.700986+00:00,USDCAD,trending_down,131,False,0.0138,3,0.433,0.667,0.01,0.0149,3,0.462,0.667,mut-1631fa,1787301828.460097,True,
2026-08-23T16:29:41.317985+00:00,USDCHF,ranging,130,False,0.0,0,,,,0.0293,2,44.593,1.0,imm-4fc33a,1784741046.2585468,True,
2026-08-23T16:29:47.277456+00:00,NZDUSD,trending_up,131,False,0.0125,3,0.398,0.667,0.01,0.0179,4,0.41,0.5,mut-9fdf67,1785897925.9572012,True,
2026-08-23T16:29:52.854302+00:00,EURGBP,ranging,130,False,0.0121,2,0.675,0.5,0.0,0.028,3,1.139,0.667,mut-e402c5,1785433132.65746,True,
2026-08-23T16:29:56.729892+00:00,EURJPY,ranging,131,False,-0.0199,2,-199.0,0.0,0.0199,0.0049,2,0.193,0.5,mut-74bdf5,1785122908.0481284,True,
2026-08-23T16:30:02.532336+00:00,GBPJPY,ranging,130,False,0.0,0,,,,0.0122,5,0.219,0.6,mut-aa51f8,1785811687.2642987,True,
2026-08-23T16:30:08.180807+00:00,XAUUSD,high_volatility,126,False,0.0049,3,0.158,0.333,0.01,0.0234,2,3.571,1.0,mut-a06ddc,1787387636.1183329,True,
2026-08-23T16:30:13.996549+00:00,USOIL,high_volatility,126,False,-0.0151,5,-0.311,0.2,0.0199,0.0203,2,2.087,1.0,mut-44fc90,1783821407.0754356,True,
2026-08-23T16:30:18.329726+00:00,BTCUSD,high_volatility,182,False,0.0,0,,,,0.0607,5,1.893,0.8,mut-785457,1783821498.0682824,True,
2026-08-23T16:30:22.921450+00:00,ETHUSD,high_volatility,182,False,-0.0199,2,-199.0,0.0,0.0199,0.0338,5,0.629,0.6,imm-7ac82e,1784277230.6638775,True,
2026-08-23T16:30:29.353561+00:00,SOLUSD,high_volatility,182,False,-0.0199,2,-199.0,0.0,0.0199,0.0223,4,0.53,0.75,mut-db8220,1785206756.6628072,True,
2026-08-23T16:30:34.021571+00:00,XRPUSD,high_volatility,182,False,-0.0325,4,-2.629,0.0,0.0297,0.0376,5,0.738,0.8,mut-eb4a78,1785174380.1173518,True,
2026-08-23T16:30:38.513992+00:00,BNBUSD,high_volatility,182,False,0.0234,4,0.568,0.75,0.01,0.0203,2,2.079,1.0,mut-167b4d,1785840212.5746226,True,
2026-08-23T16:30:45.261951+00:00,ADAUSD,high_volatility,182,False,-0.0263,11,-0.227,0.273,0.054,0.0435,5,0.874,0.8,mut-a36803,1785235220.1110218,True,
2026-08-23T16:30:51.174794+00:00,SPX,trending_up,126,False,0.0,0,,,,0.0199,3,0.559,0.667,mut-8ec06d,1785926421.560454,True,
2026-08-23T16:30:56.662034+00:00,NASDAQ,high_volatility,126,False,-0.0118,2,-1.436,0.0,0.01,0.0211,4,0.503,0.75,imm-9a582c,1786153872.2105956,True,
2026-08-23T16:31:02.421778+00:00,DJI,trending_up,126,False,-0.0007,3,-0.021,0.333,0.01,0.0286,3,1.206,0.667,imm-f6a612,1786093449.0598,True,
2026-08-23T16:31:08.185179+00:00,RUT,trending_up,126,False,0.0037,1,0.0,1.0,0.0,0.017,2,1.316,1.0,mut-c12dc0,1786153881.8891637,True,
2026-08-23T16:31:12.210327+00:00,VIX,high_volatility,127,False,0.0056,1,0.0,1.0,0.0,0.0641,6,1.152,0.833,imm-48c3d1,1785840241.6769683,True,
2026-08-23T16:31:16.109520+00:00,FTSE,ranging,126,False,-0.0177,3,-1.024,0.333,0.0199,0.0038,3,0.122,0.333,mut-13c6ca,1783887611.8882253,True,
2026-08-23T16:31:21.685529+00:00,DAX,trending_up,127,False,0.0087,5,0.153,0.4,0.01,0.0147,2,0.959,0.5,mut-84869e,1787275743.7066028,True,
2026-08-23T16:31:27.287379+00:00,CAC40,ranging,127,False,-0.0199,2,-199.0,0.0,0.0199,0.0141,2,0.89,0.5,mut-b9b556,1784630003.5888314,True,
2026-08-23T16:31:31.350296+00:00,NIKKEI,high_volatility,122,False,-0.0014,3,-0.044,0.333,0.01,0.0244,3,0.828,0.667,mut-c1d5a1,1783914987.901319,True,
2026-08-23T16:31:37.014633+00:00,HSI,trending_up,123,False,-0.0297,3,-121.863,0.0,0.0297,0.0191,4,0.443,0.5,mut-220ee6,1786354072.6067727,True,
2026-08-23T16:31:56.832948+00:00,SENSEX,ranging,122,False,0.0123,5,0.219,0.6,0.01,0.0123,5,0.219,0.6,mut-e9e96a,1787330404.6033175,True,
2026-08-23T16:32:02.271163+00:00,ASX200,trending_up,127,False,-0.0294,4,-1.657,0.25,0.0297,,,,,,,True,
2026-08-23T16:32:06.457639+00:00,AAPL,high_volatility,126,False,-0.0257,6,-0.462,0.167,0.0394,0.0131,5,0.233,0.6,mut-3c43e6,1785811782.91854,True,
2026-08-23T16:32:12.563355+00:00,MSFT,high_volatility,126,False,0.0086,5,0.155,0.4,0.0199,0.0534,6,0.914,0.833,mut-417f54,1785866030.0990324,True,
2026-08-23T16:32:18.392217+00:00,NVDA,high_volatility,126,False,0.0,0,,,,0.0225,2,3.025,1.0,mut-78d460,1785433250.8173203,True,
2026-08-23T16:32:24.517509+00:00,GOOGL,high_volatility,126,False,0.0,0,,,,0.0229,2,3.208,1.0,mut-bf5889,1784776571.9995205,True,
2026-08-23T16:32:31.285163+00:00,AMZN,high_volatility,126,False,0.0,0,,,,0.025,2,5.016,1.0,imm-5ecbb6,1784948103.51404,True,
2026-08-23T16:32:37.087601+00:00,META,high_volatility,126,False,0.005,4,0.109,0.5,0.01,0.0199,3,0.559,0.667,mut-ceb411,1785926501.1619763,True,
2026-08-23T16:32:42.656770+00:00,TSLA,high_volatility,126,False,-0.0052,3,-0.148,0.333,0.01,0.0236,4,0.569,0.75,mut-842635,1783887921.345828,True,
2026-08-23T16:32:48.311659+00:00,BRKB,ranging,126,False,-0.0082,6,-0.119,0.333,0.0199,0.014,3,0.439,0.667,mut-43a374,1785433274.0539877,True,
2026-08-23T16:32:54.102137+00:00,LLY,high_volatility,126,False,-0.0079,4,-0.197,0.25,0.0199,0.0385,5,0.756,0.8,mut-5648c7,1784363164.0287595,True,
2026-08-23T16:32:58.238528+00:00,V,trending_up,126,False,0.0324,3,1.768,1.0,0.0,0.0286,3,1.203,0.667,mut-fc69c9,1787275813.957951,True,
2026-08-23T16:33:04.215566+00:00,JPM,ranging,126,False,0.0119,2,0.658,0.5,0.0,0.0139,2,0.861,0.5,mut-3f769e,1787244141.3436813,True,
2026-08-24T01:27:15.891537+00:00,EURUSD,trending_up,130,False,-0.0204,4,-0.612,0.25,0.0297,0.0018,2,0.083,0.5,mut-902e86,1787215310.7384248,True,
2026-08-24T01:27:19.965203+00:00,GBPUSD,trending_up,130,True,0.005,3,0.164,0.667,0.01,0.005,3,0.164,0.667,mut-57cc28,1787534839.7337987,True,
2026-08-24T01:27:23.808414+00:00,USDJPY,trending_down,130,False,0.0165,2,1.227,1.0,0.0,0.0174,2,1.381,1.0,mut-df1d69,1787301818.1306906,True,
2026-08-24T01:27:27.785057+00:00,AUDUSD,trending_up,130,False,-0.0199,2,-199.0,0.0,0.0199,0.0181,3,0.527,0.667,mut-0c1cb5,1787157299.658837,True,
2026-08-24T01:27:42.280731+00:00,USDCAD,trending_down,130,False,0.0282,4,0.69,0.75,0.01,0.0282,4,0.69,0.75,imm-278f2d,1787534851.7886932,True,
2026-08-24T01:27:52.499771+00:00,USDCHF,ranging,130,False,-0.0028,1,0.0,0.0,0.0,0.0293,2,44.593,1.0,imm-4fc33a,1784741046.2585468,True,
2026-08-24T01:27:56.523828+00:00,NZDUSD,trending_up,130,False,0.0124,3,0.395,0.667,0.01,0.0179,4,0.41,0.5,mut-9fdf67,1785897925.9572012,True,
2026-08-24T01:28:11.282440+00:00,EURGBP,ranging,130,False,-0.0137,5,-0.277,0.4,0.0199,0.028,3,1.139,0.667,mut-e402c5,1785433132.65746,True,
2026-08-24T01:28:15.886541+00:00,EURJPY,ranging,130,False,-0.0199,2,-199.0,0.0,0.0199,0.0049,2,0.193,0.5,mut-74bdf5,1785122908.0481284,True,
2026-08-24T01:28:20.570264+00:00,GBPJPY,ranging,130,False,-0.0224,6,-0.398,0.333,0.0297,0.0122,5,0.219,0.6,mut-aa51f8,1785811687.2642987,True,
2026-08-24T01:28:25.281283+00:00,XAUUSD,high_volatility,127,False,-0.0199,2,-199.0,0.0,0.0199,0.0234,2,3.571,1.0,mut-a06ddc,1787387636.1183329,True,
2026-08-24T01:28:29.262320+00:00,USOIL,high_volatility,127,False,0.0,0,,,,0.0203,2,2.087,1.0,mut-44fc90,1783821407.0754356,True,
2026-08-24T01:28:35.190526+00:00,BTCUSD,high_volatility,181,False,0.0,0,,,,0.0607,5,1.893,0.8,mut-785457,1783821498.0682824,True,
2026-08-24T01:28:39.708440+00:00,ETHUSD,high_volatility,181,False,-0.0102,4,-0.25,0.25,0.0199,0.0338,5,0.629,0.6,imm-7ac82e,1784277230.6638775,True,
2026-08-24T01:28:45.562516+00:00,SOLUSD,high_volatility,181,False,-0.0092,7,-0.123,0.429,0.0394,0.0223,4,0.53,0.75,mut-db8220,1785206756.6628072,True,
2026-08-24T01:28:50.180747+00:00,XRPUSD,high_volatility,181,False,-0.01,2,-1.0,0.0,0.01,0.0376,5,0.738,0.8,mut-eb4a78,1785174380.1173518,True,
2026-08-24T01:28:55.869789+00:00,BNBUSD,high_volatility,181,False,0.0245,4,0.599,0.75,0.01,0.0203,2,2.079,1.0,mut-167b4d,1785840212.5746226,True,
2026-08-24T01:29:01.754578+00:00,ADAUSD,high_volatility,181,False,-0.0325,9,-0.368,0.222,0.0585,0.0435,5,0.874,0.8,mut-a36803,1785235220.1110218,True,
2026-08-24T01:29:06.750263+00:00,SPX,trending_up,126,False,0.0,0,,,,0.0199,3,0.559,0.667,mut-8ec06d,1785926421.560454,True,
2026-08-24T01:29:11.490187+00:00,NASDAQ,high_volatility,126,False,-0.0118,2,-1.436,0.0,0.01,0.0211,4,0.503,0.75,imm-9a582c,1786153872.2105956,True,
2026-08-24T01:29:16.382396+00:00,DJI,trending_up,126,False,-0.0254,4,-1.033,0.25,0.0297,0.0286,3,1.206,0.667,imm-f6a612,1786093449.0598,True,
2026-08-24T01:29:21.096012+00:00,RUT,trending_up,126,False,0.0037,1,0.0,1.0,0.0,0.017,2,1.316,1.0,mut-c12dc0,1786153881.8891637,True,
2026-08-24T01:29:25.875690+00:00,VIX,high_volatility,127,False,0.0056,1,0.0,1.0,0.0,0.0641,6,1.152,0.833,imm-48c3d1,1785840241.6769683,True,
2026-08-24T01:29:29.814273+00:00,FTSE,ranging,126,False,-0.0122,2,-1.573,0.0,0.01,0.0038,3,0.122,0.333,mut-13c6ca,1783887611.8882253,True,
2026-08-24T01:29:33.965264+00:00,DAX,trending_up,127,False,0.0,0,,,,0.0147,2,0.959,0.5,mut-84869e,1787275743.7066028,True,
2026-08-24T01:29:37.962751+00:00,CAC40,ranging,127,False,-0.031,4,-2.067,0.0,0.0297,0.0141,2,0.89,0.5,mut-b9b556,1784630003.5888314,True,
2026-08-24T01:29:42.747043+00:00,NIKKEI,high_volatility,123,False,-0.0013,3,-0.038,0.333,0.01,0.0244,3,0.828,0.667,mut-c1d5a1,1783914987.901319,True,
2026-08-24T01:29:46.764107+00:00,HSI,trending_up,123,False,-0.012,3,-0.476,0.333,0.0199,0.0191,4,0.443,0.5,mut-220ee6,1786354072.6067727,True,
2026-08-24T01:29:51.355506+00:00,SENSEX,ranging,122,False,-0.0229,4,-0.794,0.25,0.0297,0.0123,5,0.219,0.6,mut-e9e96a,1787330404.6033175,True,
2026-08-24T01:29:55.348099+00:00,ASX200,trending_up,127,False,-0.0132,5,-0.269,0.4,0.0199,,,,,,,True,
2026-08-24T01:29:59.518620+00:00,AAPL,high_volatility,126,False,-0.0249,6,-0.445,0.333,0.0394,0.0131,5,0.233,0.6,mut-3c43e6,1785811782.91854,True,
2026-08-24T01:30:03.812567+00:00,MSFT,high_volatility,126,False,0.0086,5,0.155,0.4,0.0199,0.0534,6,0.914,0.833,mut-417f54,1785866030.0990324,True,
2026-08-24T01:30:07.990723+00:00,NVDA,high_volatility,126,False,-0.028,4,-1.39,0.25,0.0297,0.0225,2,3.025,1.0,mut-78d460,1785433250.8173203,True,
2026-08-24T01:30:12.810955+00:00,GOOGL,high_volatility,126,False,-0.0148,5,-0.302,0.4,0.0199,0.0229,2,3.208,1.0,mut-bf5889,1784776571.9995205,True,
2026-08-24T01:30:17.037031+00:00,AMZN,high_volatility,126,False,0.0,0,,,,0.025,2,5.016,1.0,imm-5ecbb6,1784948103.51404,True,
2026-08-24T01:30:22.092787+00:00,META,high_volatility,126,False,0.005,4,0.109,0.5,0.01,0.0199,3,0.559,0.667,mut-ceb411,1785926501.1619763,True,
2026-08-24T01:30:26.889654+00:00,TSLA,high_volatility,126,False,-0.0052,3,-0.148,0.333,0.01,0.0236,4,0.569,0.75,mut-842635,1783887921.345828,True,
2026-08-24T01:30:31.532315+00:00,BRKB,ranging,126,False,-0.0082,6,-0.119,0.333,0.0199,0.014,3,0.439,0.667,mut-43a374,1785433274.0539877,True,
2026-08-24T01:30:36.460411+00:00,LLY,high_volatility,126,False,-0.0079,4,-0.197,0.25,0.0199,0.0385,5,0.756,0.8,mut-5648c7,1784363164.0287595,True,
2026-08-24T01:30:41.324557+00:00,V,trending_up,126,False,0.0324,3,1.768,1.0,0.0,0.0286,3,1.203,0.667,mut-fc69c9,1787275813.957951,True,
2026-08-24T01:30:46.260465+00:00,JPM,ranging,126,False,-0.0069,2,-0.531,0.5,0.01,0.0139,2,0.861,0.5,mut-3f769e,1787244141.3436813,True,
2026-08-24T08:51:38.739812+00:00,EURUSD,trending_up,130,False,-0.0056,4,-0.138,0.25,0.0199,0.0018,2,0.083,0.5,mut-902e86,1787215310.7384248,True,
2026-08-24T08:51:42.787044+00:00,GBPUSD,trending_up,130,False,-0.0199,2,-199.0,0.0,0.0199,0.005,3,0.164,0.667,mut-57cc28,1787534839.7337987,True,
2026-08-24T08:51:46.551783+00:00,USDJPY,trending_down,130,False,0.0157,2,1.105,1.0,0.0,0.0174,2,1.381,1.0,mut-df1d69,1787301818.1306906,True,
2026-08-24T08:51:50.412923+00:00,AUDUSD,trending_up,130,False,-0.0082,3,-0.266,0.333,0.0199,0.0181,3,0.527,0.667,mut-0c1cb5,1787157299.658837,True,
2026-08-24T08:51:55.769955+00:00,USDCAD,trending_down,130,False,0.0246,4,0.603,0.75,0.01,0.0282,4,0.69,0.75,imm-278f2d,1787534851.7886932,True,
2026-08-24T08:52:00.592778+00:00,USDCHF,ranging,130,False,0.0009,3,0.028,0.333,0.01,0.0293,2,44.593,1.0,imm-4fc33a,1784741046.2585468,True,
2026-08-24T08:52:05.903209+00:00,NZDUSD,trending_up,130,False,-0.0297,3,-121.863,0.0,0.0297,0.0179,4,0.41,0.5,mut-9fdf67,1785897925.9572012,True,
2026-08-24T08:52:11.152309+00:00,EURGBP,ranging,130,False,0.0098,2,0.485,0.5,0.0,0.028,3,1.139,0.667,mut-e402c5,1785433132.65746,True,
2026-08-24T08:52:16.140210+00:00,EURJPY,ranging,130,False,-0.0156,2,-3.565,0.0,0.01,0.0049,2,0.193,0.5,mut-74bdf5,1785122908.0481284,True,
2026-08-24T08:52:21.688366+00:00,GBPJPY,ranging,130,False,-0.0221,6,-0.391,0.333,0.0297,0.0122,5,0.219,0.6,mut-aa51f8,1785811687.2642987,True,
2026-08-24T08:52:27.135923+00:00,XAUUSD,high_volatility,126,False,0.0,0,,,,0.0234,2,3.571,1.0,mut-a06ddc,1787387636.1183329,True,
2026-08-24T08:52:30.974554+00:00,USOIL,high_volatility,126,False,-0.002,4,-0.049,0.5,0.01,0.0203,2,2.087,1.0,mut-44fc90,1783821407.0754356,True,
2026-08-24T08:52:36.922526+00:00,BTCUSD,high_volatility,182,False,-0.01,1,0.0,0.0,0.01,0.0607,5,1.893,0.8,mut-785457,1783821498.0682824,True,
2026-08-24T08:52:43.032694+00:00,ETHUSD,high_volatility,182,False,-0.0199,2,-199.0,0.0,0.0199,0.0338,5,0.629,0.6,imm-7ac82e,1784277230.6638775,True,
2026-08-24T08:52:49.186224+00:00,SOLUSD,high_volatility,182,False,-0.0101,7,-0.136,0.429,0.0394,0.0223,4,0.53,0.75,mut-db8220,1785206756.6628072,True,
2026-08-24T08:52:53.622739+00:00,XRPUSD,high_volatility,182,False,-0.0096,2,-0.919,0.5,0.01,0.0376,5,0.738,0.8,mut-eb4a78,1785174380.1173518,True,
2026-08-24T08:52:57.816012+00:00,BNBUSD,high_volatility,182,False,0.0233,4,0.567,0.75,0.01,0.0203,2,2.079,1.0,mut-167b4d,1785840212.5746226,True,
2026-08-24T08:53:03.831013+00:00,ADAUSD,high_volatility,182,False,-0.029,11,-0.251,0.273,0.054,0.0435,5,0.874,0.8,mut-a36803,1785235220.1110218,True,
2026-08-24T08:53:07.813965+00:00,SPX,trending_up,126,False,0.0,0,,,,0.0199,3,0.559,0.667,mut-8ec06d,1785926421.560454,True,
2026-08-24T08:53:13.234807+00:00,NASDAQ,high_volatility,126,False,-0.0118,2,-1.436,0.0,0.01,0.0211,4,0.503,0.75,imm-9a582c,1786153872.2105956,True,
2026-08-24T08:53:17.110822+00:00,DJI,trending_up,126,False,0.0,0,,,,0.0286,3,1.206,0.667,imm-f6a612,1786093449.0598,True,
2026-08-24T08:53:22.343094+00:00,RUT,trending_up,126,False,0.0037,1,0.0,1.0,0.0,0.017,2,1.316,1.0,mut-c12dc0,1786153881.8891637,True,
2026-08-24T08:53:26.198842+00:00,VIX,high_volatility,127,False,0.0041,1,0.0,1.0,0.0,0.0641,6,1.152,0.833,imm-48c3d1,1785840241.6769683,True,
2026-08-24T08:53:31.453965+00:00,FTSE,ranging,126,True,0.017,2,1.301,1.0,0.0,0.017,2,1.301,1.0,imm-a8e343,1787561611.2564232,True,
2026-08-24T08:53:36.669522+00:00,DAX,trending_up,127,False,-0.0278,4,-1.365,0.25,0.0297,0.0147,2,0.959,0.5,mut-84869e,1787275743.7066028,True,
2026-08-24T08:53:42.245356+00:00,CAC40,ranging,127,False,-0.0137,5,-0.279,0.4,0.0199,0.0141,2,0.89,0.5,mut-b9b556,1784630003.5888314,True,
2026-08-24T08:53:47.510752+00:00,NIKKEI,high_volatility,123,False,-0.0028,3,-0.082,0.333,0.01,0.0244,3,0.828,0.667,mut-c1d5a1,1783914987.901319,True,
2026-08-24T08:53:52.970066+00:00,HSI,ranging,123,False,-0.0147,3,-0.688,0.333,0.0199,0.0016,3,0.051,0.333,mut-f50096,1787561631.3510911,True,
2026-08-24T08:53:58.070164+00:00,SENSEX,ranging,122,False,0.0048,4,0.107,0.5,0.0199,0.0123,5,0.219,0.6,mut-e9e96a,1787330404.6033175,True,
2026-08-24T08:54:02.081872+00:00,ASX200,trending_up,127,False,-0.0362,5,-1.393,0.2,0.0394,,,,,,,True,
2026-08-24T08:54:06.087271+00:00,AAPL,high_volatility,126,False,0.0,0,,,,0.0131,5,0.233,0.6,mut-3c43e6,1785811782.91854,True,
2026-08-24T08:54:11.566354+00:00,MSFT,high_volatility,126,False,0.0086,5,0.155,0.4,0.0199,0.0534,6,0.914,0.833,mut-417f54,1785866030.0990324,True,
2026-08-24T08:54:15.567490+00:00,NVDA,high_volatility,126,False,0.0,0,,,,0.0225,2,3.025,1.0,mut-78d460,1785433250.8173203,True,
2026-08-24T08:54:19.569000+00:00,GOOGL,high_volatility,126,False,0.0,6,0.0,0.5,0.0199,0.0229,2,3.208,1.0,mut-bf5889,1784776571.9995205,True,
2026-08-24T08:54:25.522287+00:00,AMZN,high_volatility,126,False,-0.0156,5,-0.323,0.2,0.0199,0.025,2,5.016,1.0,imm-5ecbb6,1784948103.51404,True,
2026-08-24T08:54:31.186252+00:00,META,high_volatility,126,False,0.005,4,0.109,0.5,0.01,0.0199,3,0.559,0.667,mut-ceb411,1785926501.1619763,True,
2026-08-24T08:54:36.623641+00:00,TSLA,high_volatility,126,False,-0.0052,3,-0.148,0.333,0.01,0.0236,4,0.569,0.75,mut-842635,1783887921.345828,True,
2026-08-24T08:54:40.608786+00:00,BRKB,ranging,126,False,-0.0082,6,-0.119,0.333,0.0199,0.014,3,0.439,0.667,mut-43a374,1785433274.0539877,True,
2026-08-24T08:54:45.876957+00:00,LLY,high_volatility,126,False,-0.0079,4,-0.197,0.25,0.0199,0.0385,5,0.756,0.8,mut-5648c7,1784363164.0287595,True,
2026-08-24T08:54:49.854784+00:00,V,trending_up,126,False,0.0324,3,1.768,1.0,0.0,0.0286,3,1.203,0.667,mut-fc69c9,1787275813.957951,True,
2026-08-24T08:54:55.265594+00:00,JPM,ranging,126,False,-0.013,2,-1.867,0.0,0.01,0.0139,2,0.861,0.5,mut-3f769e,1787244141.3436813,True,
2026-08-24T16:40:13.198915+00:00,EURUSD,trending_up,130,False,-0.0056,4,-0.138,0.25,0.0199,0.0018,2,0.083,0.5,mut-902e86,1787215310.7384248,True,
2026-08-24T16:40:17.188183+00:00,GBPUSD,trending_up,130,False,-0.0297,3,-121.863,0.0,0.0297,0.005,3,0.164,0.667,mut-57cc28,1787534839.7337987,True,
2026-08-24T16:40:21.051528+00:00,USDJPY,trending_down,130,False,0.0161,2,1.159,1.0,0.0,0.0174,2,1.381,1.0,mut-df1d69,1787301818.1306906,True,
2026-08-24T16:40:24.973506+00:00,AUDUSD,trending_up,130,False,-0.0094,3,-0.324,0.333,0.0199,0.0181,3,0.527,0.667,mut-0c1cb5,1787157299.658837,True,
2026-08-24T16:40:30.790723+00:00,USDCAD,trending_down,130,False,0.0,0,,,,0.0282,4,0.69,0.75,imm-278f2d,1787534851.7886932,True,
2026-08-24T16:40:36.280617+00:00,USDCHF,ranging,130,False,0.0009,3,0.028,0.333,0.01,0.0293,2,44.593,1.0,imm-4fc33a,1784741046.2585468,True,
2026-08-24T16:40:41.962000+00:00,NZDUSD,trending_up,130,False,0.0108,3,0.349,0.667,0.01,0.0179,4,0.41,0.5,mut-9fdf67,1785897925.9572012,True,
2026-08-24T16:40:47.571080+00:00,EURGBP,ranging,130,False,0.0101,2,0.508,0.5,0.0,0.028,3,1.139,0.667,mut-e402c5,1785433132.65746,True,
2026-08-24T16:40:52.918937+00:00,EURJPY,ranging,130,False,-0.0152,2,-3.188,0.0,0.01,0.0049,2,0.193,0.5,mut-74bdf5,1785122908.0481284,True,
2026-08-24T16:40:58.632913+00:00,GBPJPY,ranging,130,False,-0.0223,6,-0.397,0.333,0.0297,0.0122,5,0.219,0.6,mut-aa51f8,1785811687.2642987,True,
2026-08-24T16:41:04.213119+00:00,XAUUSD,high_volatility,126,False,-0.0151,5,-0.316,0.2,0.0297,0.0234,2,3.571,1.0,mut-a06ddc,1787387636.1183329,True,
2026-08-24T16:41:09.615331+00:00,USOIL,high_volatility,126,False,-0.0022,4,-0.053,0.5,0.01,0.0203,2,2.087,1.0,mut-44fc90,1783821407.0754356,True,
2026-08-24T16:41:16.344743+00:00,BTCUSD,high_volatility,182,False,0.0,0,,,,0.0607,5,1.893,0.8,mut-785457,1783821498.0682824,True,
2026-08-24T16:41:22.967925+00:00,ETHUSD,high_volatility,182,False,-0.0199,2,-199.0,0.0,0.0199,0.0338,5,0.629,0.6,imm-7ac82e,1784277230.6638775,True,
2026-08-24T16:41:29.499617+00:00,SOLUSD,high_volatility,182,False,-0.0344,4,-3.779,0.0,0.0297,0.0223,4,0.53,0.75,mut-db8220,1785206756.6628072,True,
2026-08-24T16:41:36.021504+00:00,XRPUSD,high_volatility,182,False,-0.01,2,-1.0,0.0,0.01,0.0376,5,0.738,0.8,mut-eb4a78,1785174380.1173518,True,
2026-08-24T16:41:40.503344+00:00,BNBUSD,high_volatility,182,False,0.028,4,0.685,0.75,0.01,0.0203,2,2.079,1.0,mut-167b4d,1785840212.5746226,True,
2026-08-24T16:41:46.947598+00:00,ADAUSD,high_volatility,182,False,-0.0218,8,-0.266,0.25,0.049,0.0435,5,0.874,0.8,mut-a36803,1785235220.1110218,True,
2026-08-24T16:41:52.666551+00:00,SPX,trending_up,126,False,-0.0262,4,-1.132,0.25,0.0297,0.0199,3,0.559,0.667,mut-8ec06d,1785926421.560454,True,
2026-08-24T16:41:58.253413+00:00,NASDAQ,high_volatility,126,False,-0.0153,2,-3.288,0.0,0.01,0.0211,4,0.503,0.75,imm-9a582c,1786153872.2105956,True,
2026-08-24T16:42:04.138439+00:00,DJI,trending_up,126,False,-0.0021,3,-0.062,0.333,0.01,0.0286,3,1.206,0.667,imm-f6a612,1786093449.0598,True,
2026-08-24T16:42:08.468760+00:00,RUT,trending_up,126,False,0.0,0,,,,0.017,2,1.316,1.0,mut-c12dc0,1786153881.8891637,True,
2026-08-24T16:42:12.430271+00:00,VIX,high_volatility,127,False,0.0077,1,0.0,1.0,0.0,0.0641,6,1.152,0.833,imm-48c3d1,1785840241.6769683,True,
2026-08-24T16:42:17.955448+00:00,FTSE,ranging,126,False,0.0181,2,1.529,1.0,0.0,0.0181,2,1.529,1.0,mut-a12a5a,1787589736.3219013,True,
2026-08-24T16:42:23.425596+00:00,DAX,trending_up,127,False,-0.0182,3,-1.112,0.333,0.0199,0.0147,2,0.959,0.5,mut-84869e,1787275743.7066028,True,
2026-08-24T16:42:28.990220+00:00,CAC40,ranging,127,False,-0.0297,3,-121.863,0.0,0.0297,0.0141,2,0.89,0.5,mut-b9b556,1784630003.5888314,True,
2026-08-24T16:42:34.602837+00:00,NIKKEI,high_volatility,122,False,-0.0014,3,-0.044,0.333,0.01,0.0244,3,0.828,0.667,mut-c1d5a1,1783914987.901319,True,
2026-08-24T16:42:38.602548+00:00,HSI,trending_up,122,False,-0.0097,3,-0.341,0.333,0.0199,0.0191,4,0.443,0.5,mut-220ee6,1786354072.6067727,True,
2026-08-24T16:42:43.978019+00:00,SENSEX,ranging,122,False,-0.0077,5,-0.145,0.4,0.0199,0.0123,5,0.219,0.6,mut-e9e96a,1787330404.6033175,True,
2026-08-24T16:42:47.989223+00:00,ASX200,trending_up,126,False,-0.0294,4,-1.657,0.25,0.0297,,,,,,,True,
2026-08-24T16:42:53.678422+00:00,AAPL,high_volatility,126,False,0.0,0,,,,0.0131,5,0.233,0.6,mut-3c43e6,1785811782.91854,True,
2026-08-24T16:42:59.455814+00:00,MSFT,high_volatility,126,False,0.0206,4,0.491,0.75,0.01,0.0534,6,0.914,0.833,mut-417f54,1785866030.0990324,True,
2026-08-24T16:43:04.927235+00:00,NVDA,high_volatility,126,False,-0.0308,4,-2.013,0.0,0.0297,0.0225,2,3.025,1.0,mut-78d460,1785433250.8173203,True,
2026-08-24T16:43:09.207746+00:00,GOOGL,high_volatility,126,False,0.0,0,,,,0.0229,2,3.208,1.0,mut-bf5889,1784776571.9995205,True,
2026-08-24T16:43:13.399233+00:00,AMZN,high_volatility,126,False,0.0,0,,,,0.025,2,5.016,1.0,imm-5ecbb6,1784948103.51404,True,
2026-08-24T16:43:18.962937+00:00,META,high_volatility,126,False,0.0001,4,0.002,0.5,0.01,0.0199,3,0.559,0.667,mut-ceb411,1785926501.1619763,True,
2026-08-24T16:43:23.023022+00:00,TSLA,high_volatility,126,False,-0.0052,3,-0.148,0.333,0.01,0.0236,4,0.569,0.75,mut-842635,1783887921.345828,True,
2026-08-24T16:43:28.936042+00:00,BRKB,ranging,126,True,0.0249,4,0.598,0.75,0.01,0.0249,4,0.598,0.75,mut-054b83,1787589808.674747,True,
2026-08-24T16:43:33.079659+00:00,LLY,high_volatility,126,False,-0.0091,4,-0.226,0.25,0.0199,0.0385,5,0.756,0.8,mut-5648c7,1784363164.0287595,True,
2026-08-24T16:43:37.161556+00:00,V,trending_up,126,False,-0.0297,4,-1.732,0.0,0.0297,0.0286,3,1.203,0.667,mut-fc69c9,1787275813.957951,True,
2026-08-24T16:43:43.242176+00:00,JPM,ranging,126,False,0.0139,2,0.865,0.5,0.0,0.0139,2,0.865,0.5,mut-2e66af,1787589821.2419071,True,
2026-08-25T01:23:59.241562+00:00,EURUSD,trending_up,130,False,0.0139,3,0.438,0.667,0.01,0.0139,3,0.438,0.667,mut-767006,1787621027.7460368,True,
2026-08-25T01:24:09.976160+00:00,GBPUSD,trending_up,130,False,0.0021,4,0.048,0.5,0.0199,0.005,3,0.164,0.667,mut-57cc28,1787534839.7337987,True,
2026-08-25T01:24:13.930642+00:00,USDJPY,trending_down,130,False,-0.0093,2,-0.868,0.5,0.01,0.0174,2,1.381,1.0,mut-df1d69,1787301818.1306906,True,
2026-08-25T01:24:24.033363+00:00,AUDUSD,trending_up,130,False,-0.0128,3,-0.533,0.333,0.0199,0.0181,3,0.527,0.667,mut-0c1cb5,1787157299.658837,True,
2026-08-25T01:24:38.900177+00:00,USDCAD,trending_down,130,False,0.0239,4,0.583,0.75,0.01,0.0282,4,0.69,0.75,imm-278f2d,1787534851.7886932,True,
2026-08-25T01:24:43.427915+00:00,USDCHF,ranging,130,False,-0.0242,3,-3.007,0.0,0.0199,0.0293,2,44.593,1.0,imm-4fc33a,1784741046.2585468,True,
2026-08-25T01:24:48.346899+00:00,NZDUSD,trending_up,130,False,0.0161,3,0.489,0.667,0.01,0.0161,3,0.489,0.667,mut-9d0077,1787621087.3914635,True,
2026-08-25T01:24:52.818599+00:00,EURGBP,ranging,130,False,0.0106,2,0.545,0.5,0.0,0.028,3,1.139,0.667,mut-e402c5,1785433132.65746,True,
2026-08-25T01:24:57.341266+00:00,EURJPY,ranging,130,False,-0.0156,2,-3.511,0.0,0.01,0.0049,2,0.193,0.5,mut-74bdf5,1785122908.0481284,True,
2026-08-25T01:25:01.785586+00:00,GBPJPY,ranging,130,False,-0.0442,5,-4.381,0.0,0.0394,0.0122,5,0.219,0.6,mut-aa51f8,1785811687.2642987,True,
2026-08-25T01:25:06.365782+00:00,XAUUSD,high_volatility,126,False,0.0012,4,0.027,0.5,0.0199,0.0234,2,3.571,1.0,mut-a06ddc,1787387636.1183329,True,
2026-08-25T01:25:11.230443+00:00,USOIL,high_volatility,126,False,-0.0023,4,-0.054,0.5,0.01,0.0203,2,2.087,1.0,mut-44fc90,1783821407.0754356,True,
2026-08-25T01:25:16.496313+00:00,BTCUSD,high_volatility,181,False,0.0245,4,0.597,0.75,0.01,0.0607,5,1.893,0.8,mut-785457,1783821498.0682824,True,
2026-08-25T01:25:21.767083+00:00,ETHUSD,high_volatility,181,False,0.0113,5,0.202,0.6,0.01,0.0338,5,0.629,0.6,imm-7ac82e,1784277230.6638775,True,
2026-08-25T01:25:27.246643+00:00,SOLUSD,high_volatility,181,False,-0.0199,2,-199.0,0.0,0.0199,0.0223,4,0.53,0.75,mut-db8220,1785206756.6628072,True,
2026-08-25T01:25:31.900829+00:00,XRPUSD,high_volatility,181,False,-0.0113,2,-1.293,0.0,0.01,0.0376,5,0.738,0.8,mut-eb4a78,1785174380.1173518,True,
2026-08-25T01:25:36.509473+00:00,BNBUSD,high_volatility,181,False,0.0286,4,0.699,0.75,0.01,0.0203,2,2.079,1.0,mut-167b4d,1785840212.5746226,True,
2026-08-25T01:25:41.021017+00:00,ADAUSD,high_volatility,181,False,-0.0013,6,-0.019,0.333,0.0297,0.0435,5,0.874,0.8,mut-a36803,1785235220.1110218,True,
2026-08-25T01:25:46.010253+00:00,SPX,trending_up,125,False,-0.0267,4,-1.197,0.25,0.0297,0.0199,3,0.559,0.667,mut-8ec06d,1785926421.560454,True,
2026-08-25T01:25:50.803489+00:00,NASDAQ,high_volatility,125,False,-0.0164,2,-4.485,0.0,0.01,0.0211,4,0.503,0.75,imm-9a582c,1786153872.2105956,True,
2026-08-25T01:25:55.658765+00:00,DJI,trending_up,125,False,-0.0229,4,-0.793,0.25,0.0297,0.0286,3,1.206,0.667,imm-f6a612,1786093449.0598,True,
2026-08-25T01:26:00.375192+00:00,RUT,trending_up,125,False,-0.0182,3,-1.102,0.333,0.0199,0.017,2,1.316,1.0,mut-c12dc0,1786153881.8891637,True,
2026-08-25T01:26:04.441551+00:00,VIX,high_volatility,127,False,0.0042,1,0.0,1.0,0.0,0.0641,6,1.152,0.833,imm-48c3d1,1785840241.6769683,True,
2026-08-25T01:26:09.178825+00:00,FTSE,ranging,125,False,0.0165,2,1.223,1.0,0.0,0.0181,2,1.529,1.0,mut-a12a5a,1787589736.3219013,True,
2026-08-25T01:26:13.811672+00:00,DAX,trending_up,126,False,-0.015,5,-0.312,0.4,0.0297,0.0147,2,0.959,0.5,mut-84869e,1787275743.7066028,True,
2026-08-25T01:26:17.850241+00:00,CAC40,ranging,126,False,-0.0297,3,-121.863,0.0,0.0297,0.0141,2,0.89,0.5,mut-b9b556,1784630003.5888314,True,
2026-08-25T01:26:22.394897+00:00,NIKKEI,high_volatility,122,False,-0.0151,5,-0.311,0.2,0.0199,0.0244,3,0.828,0.667,mut-c1d5a1,1783914987.901319,True,
2026-08-25T01:26:26.358178+00:00,HSI,trending_up,122,False,0.0071,3,0.233,0.667,0.01,0.0191,4,0.443,0.5,mut-220ee6,1786354072.6067727,True,
2026-08-25T01:26:30.266683+00:00,SENSEX,ranging,121,False,-0.0282,4,-1.422,0.25,0.0297,0.0123,5,0.219,0.6,mut-e9e96a,1787330404.6033175,True,
2026-08-25T01:26:34.351964+00:00,ASX200,trending_up,126,False,-0.0336,5,-1.071,0.2,0.0394,,,,,,,True,
2026-08-25T01:26:39.059013+00:00,AAPL,high_volatility,125,False,-0.0384,5,-1.768,0.2,0.0394,0.0131,5,0.233,0.6,mut-3c43e6,1785811782.91854,True,
2026-08-25T01:26:44.006243+00:00,MSFT,high_volatility,125,False,0.0099,5,0.178,0.6,0.0199,0.0534,6,0.914,0.833,mut-417f54,1785866030.0990324,True,
2026-08-25T01:26:49.115221+00:00,NVDA,high_volatility,125,False,-0.0121,4,-0.293,0.25,0.0199,0.0225,2,3.025,1.0,mut-78d460,1785433250.8173203,True,
2026-08-25T01:26:53.201824+00:00,GOOGL,high_volatility,125,False,0.0,0,,,,0.0229,2,3.208,1.0,mut-bf5889,1784776571.9995205,True,
2026-08-25T01:26:57.723837+00:00,AMZN,high_volatility,125,False,0.0,0,,,,0.025,2,5.016,1.0,imm-5ecbb6,1784948103.51404,True,
2026-08-25T01:27:02.548247+00:00,META,high_volatility,125,False,-0.0007,4,-0.018,0.5,0.01,0.0199,3,0.559,0.667,mut-ceb411,1785926501.1619763,True,
2026-08-25T01:27:07.425976+00:00,TSLA,high_volatility,125,False,0.0011,4,0.025,0.5,0.01,0.0236,4,0.569,0.75,mut-842635,1783887921.345828,True,
2026-08-25T01:27:12.175386+00:00,BRKB,ranging,125,False,0.0,0,,,,0.0249,4,0.598,0.75,mut-054b83,1787589808.674747,True,
2026-08-25T01:27:16.894620+00:00,LLY,high_volatility,125,False,0.0161,4,0.359,0.5,0.01,0.0385,5,0.756,0.8,mut-5648c7,1784363164.0287595,True,
2026-08-25T01:27:21.236701+00:00,V,trending_up,125,False,-0.0297,3,-121.863,0.0,0.0297,0.0286,3,1.203,0.667,mut-fc69c9,1787275813.957951,True,
2026-08-25T01:27:26.080736+00:00,JPM,ranging,125,False,-0.0038,2,-0.234,0.5,0.01,0.0142,2,0.899,0.5,mut-639987,1787621245.3613398,True,
2026-08-25T08:46:27.753061+00:00,EURUSD,trending_up,130,False,-0.01,1,0.0,0.0,0.01,0.0141,3,0.441,0.667,mut-efea61,1787647571.5993123,True,
2026-08-25T08:46:42.965658+00:00,GBPUSD,trending_up,130,False,-0.0224,4,-0.748,0.25,0.0297,0.005,3,0.164,0.667,mut-57cc28,1787534839.7337987,True,
2026-08-25T08:46:57.963117+00:00,USDJPY,trending_down,130,False,-0.0098,2,-0.952,0.5,0.01,0.0174,2,1.381,1.0,mut-df1d69,1787301818.1306906,True,
2026-08-25T08:47:12.738774+00:00,AUDUSD,trending_up,130,False,-0.0135,3,-0.586,0.333,0.0199,0.0181,3,0.527,0.667,mut-0c1cb5,1787157299.658837,True,
2026-08-25T08:47:17.371234+00:00,USDCAD,trending_down,130,False,0.0,0,,,,0.0282,4,0.69,0.75,imm-278f2d,1787534851.7886932,True,
2026-08-25T08:47:21.836673+00:00,USDCHF,ranging,130,False,0.0002,3,0.006,0.333,0.01,0.0293,2,44.593,1.0,imm-4fc33a,1784741046.2585468,True,
2026-08-25T08:47:26.424012+00:00,NZDUSD,trending_up,130,False,0.0155,3,0.477,0.667,0.01,0.0161,3,0.489,0.667,mut-9d0077,1787621087.3914635,True,
2026-08-25T08:47:30.777747+00:00,EURGBP,ranging,130,False,0.0108,2,0.564,0.5,0.0,0.028,3,1.139,0.667,mut-e402c5,1785433132.65746,True,
2026-08-25T08:47:35.268425+00:00,EURJPY,ranging,130,False,0.0,0,,,,0.0049,2,0.193,0.5,mut-74bdf5,1785122908.0481284,True,
2026-08-25T08:47:39.652945+00:00,GBPJPY,ranging,130,False,-0.0213,6,-0.373,0.333,0.0297,0.0122,5,0.219,0.6,mut-aa51f8,1785811687.2642987,True,
2026-08-25T08:47:43.557914+00:00,XAUUSD,high_volatility,126,False,0.0238,4,0.58,0.75,0.01,0.0234,2,3.571,1.0,mut-a06ddc,1787387636.1183329,True,
2026-08-25T08:47:48.188904+00:00,USOIL,high_volatility,126,False,-0.004,4,-0.099,0.5,0.01,0.0203,2,2.087,1.0,mut-44fc90,1783821407.0754356,True,
2026-08-25T08:47:53.396758+00:00,BTCUSD,high_volatility,182,False,0.0349,8,0.377,0.625,0.0297,0.0607,5,1.893,0.8,mut-785457,1783821498.0682824,True,
2026-08-25T08:47:58.575321+00:00,ETHUSD,high_volatility,182,False,0.0109,5,0.194,0.6,0.01,0.0338,5,0.629,0.6,imm-7ac82e,1784277230.6638775,True,
2026-08-25T08:48:04.163851+00:00,SOLUSD,high_volatility,182,False,-0.0199,2,-199.0,0.0,0.0199,0.0223,4,0.53,0.75,mut-db8220,1785206756.6628072,True,
2026-08-25T08:48:09.407592+00:00,XRPUSD,high_volatility,182,False,-0.032,4,-2.421,0.0,0.0297,0.0376,5,0.738,0.8,mut-eb4a78,1785174380.1173518,True,
2026-08-25T08:48:13.589687+00:00,BNBUSD,high_volatility,182,False,0.032,6,0.473,0.667,0.0199,0.0203,2,2.079,1.0,mut-167b4d,1785840212.5746226,True,
2026-08-25T08:48:17.824827+00:00,ADAUSD,high_volatility,182,False,-0.0029,6,-0.045,0.333,0.0297,0.0435,5,0.874,0.8,mut-a36803,1785235220.1110218,True,
2026-08-25T08:48:22.415381+00:00,SPX,trending_up,125,False,-0.0267,4,-1.197,0.25,0.0297,0.0199,3,0.559,0.667,mut-8ec06d,1785926421.560454,True,
2026-08-25T08:48:26.381420+00:00,NASDAQ,high_volatility,125,False,0.0,0,,,,0.0211,4,0.503,0.75,imm-9a582c,1786153872.2105956,True,
2026-08-25T08:48:30.922841+00:00,DJI,trending_up,125,False,-0.0283,4,-1.441,0.25,0.0297,0.0286,3,1.206,0.667,imm-f6a612,1786093449.0598,True,
2026-08-25T08:48:35.615686+00:00,RUT,trending_up,125,False,-0.0182,3,-1.102,0.333,0.0199,0.017,2,1.316,1.0,mut-c12dc0,1786153881.8891637,True,
2026-08-25T08:48:39.452228+00:00,VIX,high_volatility,127,False,0.0044,1,0.0,1.0,0.0,0.0641,6,1.152,0.833,imm-48c3d1,1785840241.6769683,True,
2026-08-25T08:48:43.799420+00:00,FTSE,ranging,126,False,-0.0138,3,-0.607,0.333,0.0199,0.0181,2,1.529,1.0,mut-a12a5a,1787589736.3219013,True,
2026-08-25T08:48:48.227009+00:00,DAX,trending_up,127,False,-0.0166,3,-0.882,0.333,0.0199,0.0147,2,0.959,0.5,mut-84869e,1787275743.7066028,True,
2026-08-25T08:48:52.670983+00:00,CAC40,ranging,127,False,-0.0085,5,-0.162,0.4,0.0199,0.0141,2,0.89,0.5,mut-b9b556,1784630003.5888314,True,
2026-08-25T08:48:57.099176+00:00,NIKKEI,high_volatility,123,False,-0.0151,5,-0.311,0.2,0.0199,0.0244,3,0.828,0.667,mut-c1d5a1,1783914987.901319,True,
2026-08-25T08:49:00.890116+00:00,HSI,ranging,123,False,-0.0222,6,-0.392,0.333,0.025,0.0016,3,0.051,0.333,mut-f50096,1787561631.3510911,True,
2026-08-25T08:49:04.689907+00:00,SENSEX,ranging,122,False,0.007,3,0.231,0.667,0.01,0.0123,5,0.219,0.6,mut-e9e96a,1787330404.6033175,True,
2026-08-25T08:49:08.589404+00:00,ASX200,trending_up,127,False,-0.0323,5,-0.953,0.2,0.0394,,,,,,,True,
2026-08-25T08:49:12.473503+00:00,AAPL,high_volatility,125,False,-0.0384,5,-1.768,0.2,0.0394,0.0131,5,0.233,0.6,mut-3c43e6,1785811782.91854,True,
2026-08-25T08:49:16.514240+00:00,MSFT,high_volatility,125,False,0.0099,5,0.178,0.6,0.0199,0.0534,6,0.914,0.833,mut-417f54,1785866030.0990324,True,
2026-08-25T08:49:20.926562+00:00,NVDA,high_volatility,125,False,-0.0121,4,-0.293,0.25,0.0199,0.0225,2,3.025,1.0,mut-78d460,1785433250.8173203,True,
2026-08-25T08:49:24.915443+00:00,GOOGL,high_volatility,125,False,0.0012,6,0.018,0.5,0.0199,0.0229,2,3.208,1.0,mut-bf5889,1784776571.9995205,True,
2026-08-25T08:49:28.989551+00:00,AMZN,high_volatility,125,False,0.0,0,,,,0.025,2,5.016,1.0,imm-5ecbb6,1784948103.51404,True,
2026-08-25T08:49:33.560415+00:00,META,high_volatility,125,False,-0.0007,4,-0.018,0.5,0.01,0.0199,3,0.559,0.667,mut-ceb411,1785926501.1619763,True,
2026-08-25T08:49:37.459032+00:00,TSLA,high_volatility,125,False,-0.0214,5,-0.445,0.2,0.0199,0.0236,4,0.569,0.75,mut-842635,1783887921.345828,True,
2026-08-25T08:49:41.839083+00:00,BRKB,ranging,125,False,-0.0085,4,-0.208,0.25,0.01,0.0249,4,0.598,0.75,mut-054b83,1787589808.674747,True,
2026-08-25T08:49:46.326280+00:00,LLY,high_volatility,125,False,0.0161,4,0.359,0.5,0.01,0.0385,5,0.756,0.8,mut-5648c7,1784363164.0287595,True,
2026-08-25T08:49:50.894975+00:00,V,trending_up,125,False,0.0406,3,6.041,1.0,0.0,0.0406,3,6.041,1.0,mut-62422b,1787647790.2306244,True,
2026-08-25T08:49:55.392598+00:00,JPM,ranging,125,False,-0.0207,3,-1.592,0.0,0.0199,0.0142,2,0.899,0.5,mut-639987,1787621245.3613398,True,
2026-08-25T16:40:18.191355+00:00,EURUSD,trending_up,130,False,0.0146,3,0.454,0.667,0.01,0.0146,3,0.454,0.667,mut-03de52,1787676016.817276,True,
2026-08-25T16:40:23.467599+00:00,GBPUSD,trending_up,130,False,0.0023,4,0.054,0.5,0.0199,0.005,3,0.164,0.667,mut-57cc28,1787534839.7337987,True,
2026-08-25T16:40:28.608070+00:00,USDJPY,trending_down,130,False,-0.0085,5,-0.162,0.4,0.0297,0.0174,2,1.381,1.0,mut-df1d69,1787301818.1306906,True,
2026-08-25T16:40:33.849055+00:00,AUDUSD,trending_up,130,False,-0.0199,2,-199.0,0.0,0.0199,0.0181,3,0.527,0.667,mut-0c1cb5,1787157299.658837,True,
2026-08-25T16:40:39.313343+00:00,USDCAD,trending_down,130,False,0.0057,5,0.099,0.4,0.0199,0.0282,4,0.69,0.75,imm-278f2d,1787534851.7886932,True,
2026-08-25T16:40:44.657215+00:00,USDCHF,ranging,130,False,0.0,0,,,,0.0293,2,44.593,1.0,imm-4fc33a,1784741046.2585468,True,
2026-08-25T16:40:50.261268+00:00,NZDUSD,trending_up,130,False,0.0171,3,0.511,0.667,0.01,0.0171,3,0.511,0.667,mut-03210a,1787676048.5369813,True,
2026-08-25T16:40:54.070236+00:00,EURGBP,ranging,130,False,0.0101,2,0.509,0.5,0.0,0.028,3,1.139,0.667,mut-e402c5,1785433132.65746,True,
2026-08-25T16:40:58.048929+00:00,EURJPY,ranging,130,False,-0.0257,6,-0.475,0.167,0.0394,0.0049,2,0.193,0.5,mut-74bdf5,1785122908.0481284,True,
2026-08-25T16:41:03.178406+00:00,GBPJPY,ranging,130,False,-0.0216,6,-0.38,0.333,0.0297,0.0122,5,0.219,0.6,mut-aa51f8,1785811687.2642987,True,
2026-08-25T16:41:08.637174+00:00,XAUUSD,high_volatility,126,False,0.0243,4,0.593,0.75,0.01,0.0234,2,3.571,1.0,mut-a06ddc,1787387636.1183329,True,
2026-08-25T16:41:13.831098+00:00,USOIL,high_volatility,126,False,-0.0052,3,-0.149,0.333,0.0199,0.0203,2,2.087,1.0,mut-44fc90,1783821407.0754356,True,
2026-08-25T16:41:19.702471+00:00,BTCUSD,high_volatility,182,False,0.0277,6,0.41,0.667,0.0199,0.0607,5,1.893,0.8,mut-785457,1783821498.0682824,True,
2026-08-25T16:41:25.415168+00:00,ETHUSD,high_volatility,182,False,0.0104,5,0.186,0.6,0.01,0.0338,5,0.629,0.6,imm-7ac82e,1784277230.6638775,True,
2026-08-25T16:41:29.552097+00:00,SOLUSD,high_volatility,182,False,-0.0199,2,-199.0,0.0,0.0199,0.0223,4,0.53,0.75,mut-db8220,1785206756.6628072,True,
2026-08-25T16:41:33.953394+00:00,XRPUSD,high_volatility,182,False,-0.0306,4,-1.971,0.0,0.0297,0.0376,5,0.738,0.8,mut-eb4a78,1785174380.1173518,True,
2026-08-25T16:41:38.326765+00:00,BNBUSD,high_volatility,182,False,0.0297,6,0.44,0.667,0.0199,0.0203,2,2.079,1.0,mut-167b4d,1785840212.5746226,True,
2026-08-25T16:41:42.570750+00:00,ADAUSD,high_volatility,182,False,-0.0011,8,-0.011,0.375,0.025,0.0435,5,0.874,0.8,mut-a36803,1785235220.1110218,True,
2026-08-25T16:41:47.608019+00:00,SPX,trending_up,126,False,-0.0254,4,-1.03,0.25,0.0297,0.0199,3,0.559,0.667,mut-8ec06d,1785926421.560454,True,
2026-08-25T16:41:52.438703+00:00,NASDAQ,high_volatility,126,False,0.0,0,,,,0.0211,4,0.503,0.75,imm-9a582c,1786153872.2105956,True,
2026-08-25T16:41:57.695043+00:00,DJI,trending_up,126,False,-0.0273,4,-1.277,0.25,0.0297,0.0286,3,1.206,0.667,imm-f6a612,1786093449.0598,True,
2026-08-25T16:42:02.956987+00:00,RUT,trending_up,126,False,-0.0169,3,-0.927,0.333,0.0199,0.017,2,1.316,1.0,mut-c12dc0,1786153881.8891637,True,
2026-08-25T16:42:06.747219+00:00,VIX,high_volatility,127,False,0.0082,1,0.0,1.0,0.0,0.0641,6,1.152,0.833,imm-48c3d1,1785840241.6769683,True,
2026-08-25T16:42:11.968132+00:00,FTSE,ranging,126,False,0.0195,2,1.861,1.0,0.0,0.0195,2,1.861,1.0,mut-6f3e11,1787676130.4607663,True,
2026-08-25T16:42:17.017956+00:00,DAX,trending_up,127,False,-0.013,5,-0.266,0.4,0.0297,0.0147,2,0.959,0.5,mut-84869e,1787275743.7066028,True,
2026-08-25T16:42:20.969803+00:00,CAC40,ranging,127,False,-0.0297,3,-121.863,0.0,0.0297,0.0141,2,0.89,0.5,mut-b9b556,1784630003.5888314,True,
2026-08-25T16:42:26.035667+00:00,NIKKEI,high_volatility,122,False,-0.0128,4,-0.305,0.25,0.01,0.0244,3,0.828,0.667,mut-c1d5a1,1783914987.901319,True,
2026-08-25T16:42:31.158889+00:00,HSI,ranging,122,False,-0.027,4,-1.242,0.25,0.0297,0.0016,3,0.051,0.333,mut-f50096,1787561631.3510911,True,
2026-08-25T16:42:34.943307+00:00,SENSEX,ranging,122,False,0.0,0,,,,0.0123,5,0.219,0.6,mut-e9e96a,1787330404.6033175,True,
2026-08-25T16:42:38.798717+00:00,ASX200,trending_up,126,False,-0.0362,5,-1.393,0.2,0.0394,,,,,,,True,
2026-08-25T16:42:44.479284+00:00,AAPL,high_volatility,126,False,-0.0127,5,-0.257,0.4,0.0199,0.0131,5,0.233,0.6,mut-3c43e6,1785811782.91854,True,
2026-08-25T16:42:49.863787+00:00,MSFT,high_volatility,126,False,0.0106,5,0.19,0.6,0.0199,0.0534,6,0.914,0.833,mut-417f54,1785866030.0990324,True,
2026-08-25T16:42:55.470409+00:00,NVDA,high_volatility,126,False,-0.0096,4,-0.237,0.25,0.0199,0.0225,2,3.025,1.0,mut-78d460,1785433250.8173203,True,
2026-08-25T16:43:00.881233+00:00,GOOGL,high_volatility,126,False,-0.0405,5,-2.317,0.0,0.0394,0.0229,2,3.208,1.0,mut-bf5889,1784776571.9995205,True,
2026-08-25T16:43:06.454694+00:00,AMZN,high_volatility,126,False,0.0,0,,,,0.025,2,5.016,1.0,imm-5ecbb6,1784948103.51404,True,
2026-08-25T16:43:10.266468+00:00,META,high_volatility,126,False,-0.0022,4,-0.052,0.5,0.01,0.0199,3,0.559,0.667,mut-ceb411,1785926501.1619763,True,
2026-08-25T16:43:14.292910+00:00,TSLA,high_volatility,126,False,0.0,0,,,,0.0236,4,0.569,0.75,mut-842635,1783887921.345828,True,
2026-08-25T16:43:19.626136+00:00,BRKB,ranging,126,False,-0.0184,5,-0.384,0.2,0.0199,0.0249,4,0.598,0.75,mut-054b83,1787589808.674747,True,
2026-08-25T16:43:25.223986+00:00,LLY,high_volatility,126,False,0.0168,4,0.378,0.5,0.01,0.0385,5,0.756,0.8,mut-5648c7,1784363164.0287595,True,
2026-08-25T16:43:29.028840+00:00,V,trending_up,126,False,-0.0296,4,-1.713,0.25,0.0297,0.0406,3,6.041,1.0,mut-62422b,1787647790.2306244,True,
2026-08-25T16:43:34.715645+00:00,JPM,trending_up,126,False,0.0,0,,,,0.0398,3,5.096,1.0,mut-44cc85,1784776603.1924407,True,
2026-08-26T01:27:15.676992+00:00,EURUSD,trending_up,130,False,0.0145,3,0.451,0.667,0.01,0.0146,3,0.454,0.667,mut-03de52,1787676016.817276,True,
2026-08-26T01:27:31.472029+00:00,GBPUSD,trending_up,130,False,0.005,3,0.163,0.667,0.01,0.005,3,0.164,0.667,mut-57cc28,1787534839.7337987,True,
2026-08-26T01:27:46.789726+00:00,USDJPY,trending_down,130,False,-0.0334,5,-1.052,0.2,0.0394,0.0174,2,1.381,1.0,mut-df1d69,1787301818.1306906,True,
2026-08-26T01:28:07.731221+00:00,AUDUSD,trending_up,130,False,-0.0122,3,-0.49,0.333,0.0199,0.0181,3,0.527,0.667,mut-0c1cb5,1787157299.658837,True,
2026-08-26T01:28:12.756492+00:00,USDCAD,trending_down,130,False,0.0241,4,0.589,0.75,0.01,0.0282,4,0.69,0.75,imm-278f2d,1787534851.7886932,True,
2026-08-26T01:28:17.557260+00:00,USDCHF,ranging,130,False,-0.0235,3,-2.62,0.0,0.0199,0.0293,2,44.593,1.0,imm-4fc33a,1784741046.2585468,True,
2026-08-26T01:28:22.438738+00:00,NZDUSD,trending_up,130,False,0.0176,3,0.522,0.667,0.01,0.0176,3,0.522,0.667,imm-4ac40a,1787707701.5168276,True,
2026-08-26T01:28:26.374029+00:00,EURGBP,ranging,130,False,0.0106,2,0.543,0.5,0.0,0.028,3,1.139,0.667,mut-e402c5,1785433132.65746,True,
2026-08-26T01:28:30.346253+00:00,EURJPY,ranging,130,False,-0.0158,2,-3.759,0.0,0.01,0.0049,2,0.193,0.5,mut-74bdf5,1785122908.0481284,True,
2026-08-26T01:28:35.108231+00:00,GBPJPY,ranging,130,False,-0.0518,6,-3.29,0.0,0.049,0.0122,5,0.219,0.6,mut-aa51f8,1785811687.2642987,True,
2026-08-26T01:28:39.889587+00:00,XAUUSD,high_volatility,126,False,0.0248,4,0.607,0.75,0.01,0.0234,2,3.571,1.0,mut-a06ddc,1787387636.1183329,True,
2026-08-26T01:28:44.561880+00:00,USOIL,high_volatility,126,False,-0.0199,3,-1.414,0.0,0.0199,0.0203,2,2.087,1.0,mut-44fc90,1783821407.0754356,True,
2026-08-26T01:28:49.118236+00:00,BTCUSD,high_volatility,181,False,0.0,0,,,,0.0607,5,1.893,0.8,mut-785457,1783821498.0682824,True,
2026-08-26T01:28:55.265261+00:00,ETHUSD,high_volatility,181,False,0.0,0,,,,0.0338,5,0.629,0.6,imm-7ac82e,1784277230.6638775,True,
2026-08-26T01:29:01.122040+00:00,SOLUSD,high_volatility,181,False,-0.0002,4,-0.004,0.5,0.0199,0.0223,4,0.53,0.75,mut-db8220,1785206756.6628072,True,
2026-08-26T01:29:07.034606+00:00,XRPUSD,high_volatility,181,False,-0.0273,4,-1.28,0.25,0.0297,0.0376,5,0.738,0.8,mut-eb4a78,1785174380.1173518,True,
2026-08-26T01:29:11.719464+00:00,BNBUSD,high_volatility,181,False,0.0,0,,,,0.0203,2,2.079,1.0,mut-167b4d,1785840212.5746226,True,
2026-08-26T01:29:17.595960+00:00,ADAUSD,high_volatility,181,False,0.0163,6,0.221,0.5,0.01,0.0435,5,0.874,0.8,mut-a36803,1785235220.1110218,True,
2026-08-26T01:29:22.684116+00:00,SPX,trending_up,125,False,-0.0184,5,-0.388,0.2,0.0297,0.0199,3,0.559,0.667,mut-8ec06d,1785926421.560454,True,
2026-08-26T01:29:26.933638+00:00,NASDAQ,high_volatility,125,False,0.0,0,,,,0.0211,4,0.503,0.75,imm-9a582c,1786153872.2105956,True,
2026-08-26T01:29:31.812980+00:00,DJI,trending_up,125,False,0.0136,3,0.424,0.667,0.01,0.0286,3,1.206,0.667,imm-f6a612,1786093449.0598,True,
2026-08-26T01:29:36.548019+00:00,RUT,trending_up,125,False,-0.0162,3,-0.844,0.333,0.0199,0.017,2,1.316,1.0,mut-c12dc0,1786153881.8891637,True,
2026-08-26T01:29:41.313960+00:00,VIX,high_volatility,127,False,0.0084,1,0.0,1.0,0.0,0.0641,6,1.152,0.833,imm-48c3d1,1785840241.6769683,True,
2026-08-26T01:29:45.306716+00:00,FTSE,ranging,125,False,0.0181,2,1.529,1.0,0.0,0.0195,2,1.861,1.0,mut-6f3e11,1787676130.4607663,True,
2026-08-26T01:29:50.188934+00:00,DAX,trending_up,126,False,0.0094,5,0.167,0.4,0.0199,0.0147,2,0.959,0.5,mut-84869e,1787275743.7066028,True,
2026-08-26T01:29:54.121665+00:00,CAC40,ranging,126,False,-0.0199,2,-199.0,0.0,0.0199,0.0141,2,0.89,0.5,mut-b9b556,1784630003.5888314,True,
2026-08-26T01:29:58.886847+00:00,NIKKEI,high_volatility,122,False,-0.0026,3,-0.077,0.333,0.01,0.0244,3,0.828,0.667,mut-c1d5a1,1783914987.901319,True,
2026-08-26T01:30:03.543943+00:00,HSI,ranging,121,False,-0.0095,5,-0.185,0.4,0.0199,0.0016,3,0.051,0.333,mut-f50096,1787561631.3510911,True,
2026-08-26T01:30:07.668875+00:00,SENSEX,ranging,121,True,0.0084,3,0.277,0.667,0.01,0.0084,3,0.277,0.667,mut-561a32,1787707807.4314823,True,
2026-08-26T01:30:11.777241+00:00,ASX200,trending_up,126,False,-0.0292,5,-0.729,0.2,0.0394,,,,,,,True,
2026-08-26T01:30:16.644601+00:00,AAPL,high_volatility,125,False,0.0,0,,,,0.0131,5,0.233,0.6,mut-3c43e6,1785811782.91854,True,
2026-08-26T01:30:20.983008+00:00,MSFT,high_volatility,125,False,0.0318,3,1.659,1.0,0.0,0.0534,6,0.914,0.833,mut-417f54,1785866030.0990324,True,
2026-08-26T01:30:25.180435+00:00,NVDA,high_volatility,125,False,-0.029,4,-1.582,0.25,0.0297,0.0225,2,3.025,1.0,mut-78d460,1785433250.8173203,True,
2026-08-26T01:30:30.523454+00:00,GOOGL,high_volatility,125,False,0.0,0,,,,0.0229,2,3.208,1.0,mut-bf5889,1784776571.9995205,True,
2026-08-26T01:30:34.756075+00:00,AMZN,high_volatility,125,False,0.0,0,,,,0.025,2,5.016,1.0,imm-5ecbb6,1784948103.51404,True,
2026-08-26T01:30:39.856261+00:00,META,high_volatility,125,False,-0.0032,4,-0.078,0.5,0.01,0.0199,3,0.559,0.667,mut-ceb411,1785926501.1619763,True,
2026-08-26T01:30:44.814232+00:00,TSLA,high_volatility,125,False,-0.0208,5,-0.434,0.2,0.0199,0.0236,4,0.569,0.75,mut-842635,1783887921.345828,True,
2026-08-26T01:30:49.645783+00:00,BRKB,ranging,125,False,0.0214,4,0.503,0.75,0.01,0.0249,4,0.598,0.75,mut-054b83,1787589808.674747,True,
2026-08-26T01:30:54.647303+00:00,LLY,high_volatility,125,False,-0.0004,3,-0.011,0.333,0.01,0.0385,5,0.756,0.8,mut-5648c7,1784363164.0287595,True,
2026-08-26T01:30:58.772246+00:00,V,trending_up,125,False,0.0,0,,,,0.0406,3,6.041,1.0,mut-62422b,1787647790.2306244,True,
2026-08-26T01:31:02.940966+00:00,JPM,trending_up,125,False,-0.0196,3,-1.349,0.333,0.0199,0.0398,3,5.096,1.0,mut-44cc85,1784776603.1924407,True,
2026-08-26T08:47:45.604073+00:00,EURUSD,trending_up,130,False,-0.01,1,0.0,0.0,0.01,0.0147,3,0.457,0.667,mut-5222bf,1787734064.0561838,True,
2026-08-26T08:47:51.257514+00:00,GBPUSD,trending_up,130,False,0.0039,3,0.126,0.333,0.01,0.005,3,0.164,0.667,mut-57cc28,1787534839.7337987,True,
2026-08-26T08:47:55.391439+00:00,USDJPY,trending_down,130,False,-0.034,5,-1.12,0.2,0.0394,0.0174,2,1.381,1.0,mut-df1d69,1787301818.1306906,True,
2026-08-26T08:48:01.192891+00:00,AUDUSD,trending_up,130,False,-0.0102,3,-0.364,0.333,0.0199,0.0181,3,0.527,0.667,mut-0c1cb5,1787157299.658837,True,
2026-08-26T08:48:07.238185+00:00,USDCAD,trending_down,130,False,0.0226,4,0.546,0.75,0.01,0.0282,4,0.69,0.75,imm-278f2d,1787534851.7886932,True,
2026-08-26T08:48:12.737552+00:00,USDCHF,ranging,130,False,0.0,0,,,,0.0293,2,44.593,1.0,imm-4fc33a,1784741046.2585468,True,
2026-08-26T08:48:18.387575+00:00,NZDUSD,trending_up,130,False,0.0159,3,0.484,0.667,0.01,0.0176,3,0.522,0.667,imm-4ac40a,1787707701.5168276,True,
2026-08-26T08:48:23.956882+00:00,EURGBP,ranging,130,False,0.0088,2,0.418,0.5,0.0,0.028,3,1.139,0.667,mut-e402c5,1785433132.65746,True,
2026-08-26T08:48:29.526642+00:00,EURJPY,ranging,130,False,-0.0199,2,-199.0,0.0,0.0199,0.0049,2,0.193,0.5,mut-74bdf5,1785122908.0481284,True,
2026-08-26T08:48:35.532080+00:00,GBPJPY,ranging,130,False,-0.0027,6,-0.04,0.333,0.0199,0.0122,5,0.219,0.6,mut-aa51f8,1785811687.2642987,True,
2026-08-26T08:48:41.188787+00:00,XAUUSD,high_volatility,126,False,0.0235,4,0.571,0.75,0.01,0.0234,2,3.571,1.0,mut-a06ddc,1787387636.1183329,True,
2026-08-26T08:48:46.696692+00:00,USOIL,high_volatility,126,False,-0.0426,5,-3.175,0.0,0.0394,0.0203,2,2.087,1.0,mut-44fc90,1783821407.0754356,True,
2026-08-26T08:48:51.367577+00:00,BTCUSD,high_volatility,182,False,0.0,0,,,,0.0607,5,1.893,0.8,mut-785457,1783821498.0682824,True,
2026-08-26T08:48:58.004811+00:00,ETHUSD,high_volatility,182,False,0.0,0,,,,0.0338,5,0.629,0.6,imm-7ac82e,1784277230.6638775,True,
2026-08-26T08:49:02.799753+00:00,SOLUSD,high_volatility,182,False,-0.0199,2,-199.0,0.0,0.0199,0.0223,4,0.53,0.75,mut-db8220,1785206756.6628072,True,
2026-08-26T08:49:07.519955+00:00,XRPUSD,high_volatility,182,False,0.0,0,,,,0.0376,5,0.738,0.8,mut-eb4a78,1785174380.1173518,True,
2026-08-26T08:49:12.296975+00:00,BNBUSD,high_volatility,182,False,0.0396,5,0.801,0.8,0.01,0.0203,2,2.079,1.0,mut-167b4d,1785840212.5746226,True,
2026-08-26T08:49:19.379420+00:00,ADAUSD,high_volatility,182,False,-0.0305,4,-1.923,0.0,0.0297,0.0435,5,0.874,0.8,mut-a36803,1785235220.1110218,True,
2026-08-26T08:49:25.342793+00:00,SPX,trending_up,125,False,-0.0184,5,-0.388,0.2,0.0297,0.0199,3,0.559,0.667,mut-8ec06d,1785926421.560454,True,
2026-08-26T08:49:29.615387+00:00,NASDAQ,high_volatility,125,False,0.0,0,,,,0.0211,4,0.503,0.75,imm-9a582c,1786153872.2105956,True,
2026-08-26T08:49:35.476639+00:00,DJI,trending_up,125,False,-0.046,6,-1.599,0.167,0.049,0.0286,3,1.206,0.667,imm-f6a612,1786093449.0598,True,
2026-08-26T08:49:41.135684+00:00,RUT,trending_up,125,False,-0.0352,4,-4.627,0.0,0.0297,0.017,2,1.316,1.0,mut-c12dc0,1786153881.8891637,True,
2026-08-26T08:49:47.121089+00:00,VIX,high_volatility,127,False,0.0,0,,,,0.0641,6,1.152,0.833,imm-48c3d1,1785840241.6769683,True,
2026-08-26T08:49:52.733581+00:00,FTSE,ranging,126,False,0.0194,2,1.826,1.0,0.0,0.0195,2,1.861,1.0,mut-6f3e11,1787676130.4607663,True,
2026-08-26T08:49:57.007894+00:00,DAX,trending_up,127,False,0.0117,5,0.211,0.6,0.01,0.0147,2,0.959,0.5,mut-84869e,1787275743.7066028,True,
2026-08-26T08:50:01.140286+00:00,CAC40,ranging,127,False,-0.0297,3,-121.863,0.0,0.0297,0.0141,2,0.89,0.5,mut-b9b556,1784630003.5888314,True,
2026-08-26T08:50:06.828694+00:00,NIKKEI,high_volatility,123,False,-0.0067,4,-0.163,0.25,0.0199,0.0244,3,0.828,0.667,mut-c1d5a1,1783914987.901319,True,
2026-08-26T08:50:12.683912+00:00,HSI,ranging,123,False,0.0031,3,0.101,0.333,0.01,0.0031,3,0.101,0.333,market-bddb92,1787734210.7850134,True,
2026-08-26T08:50:16.867270+00:00,SENSEX,ranging,122,True,0.0129,5,0.229,0.6,0.01,0.0129,5,0.229,0.6,mut-a20996,1787734216.6266155,True,
2026-08-26T08:50:21.035969+00:00,ASX200,trending_up,127,False,-0.0249,4,-0.979,0.25,0.0297,,,,,,,True,
2026-08-26T08:50:26.692175+00:00,AAPL,high_volatility,125,False,-0.0191,3,-1.263,0.333,0.0199,0.0131,5,0.233,0.6,mut-3c43e6,1785811782.91854,True,
2026-08-26T08:50:32.696372+00:00,MSFT,high_volatility,125,False,0.0,0,,,,0.0534,6,0.914,0.833,mut-417f54,1785866030.0990324,True,
2026-08-26T08:50:38.994565+00:00,NVDA,high_volatility,125,False,-0.029,4,-1.582,0.25,0.0297,0.0225,2,3.025,1.0,mut-78d460,1785433250.8173203,True,
2026-08-26T08:50:44.987989+00:00,GOOGL,high_volatility,125,False,0.0,0,,,,0.0229,2,3.208,1.0,mut-bf5889,1784776571.9995205,True,
2026-08-26T08:50:49.159782+00:00,AMZN,high_volatility,125,False,-0.0129,6,-0.196,0.333,0.0297,0.025,2,5.016,1.0,imm-5ecbb6,1784948103.51404,True,
2026-08-26T08:50:55.111758+00:00,META,high_volatility,125,False,-0.0268,4,-1.209,0.25,0.0297,0.0199,3,0.559,0.667,mut-ceb411,1785926501.1619763,True,
2026-08-26T08:51:00.796350+00:00,TSLA,high_volatility,125,False,-0.0052,3,-0.148,0.333,0.01,0.0236,4,0.569,0.75,mut-842635,1783887921.345828,True,
2026-08-26T08:51:06.446439+00:00,BRKB,ranging,125,False,0.0231,4,0.552,0.75,0.01,0.0249,4,0.598,0.75,mut-054b83,1787589808.674747,True,
2026-08-26T08:51:10.765198+00:00,LLY,high_volatility,125,False,-0.0347,4,-4.107,0.0,0.0297,0.0385,5,0.756,0.8,mut-5648c7,1784363164.0287595,True,
2026-08-26T08:51:14.931891+00:00,V,trending_up,125,False,-0.0071,3,-0.221,0.333,0.0199,0.0406,3,6.041,1.0,mut-62422b,1787647790.2306244,True,
2026-08-26T08:51:20.886396+00:00,JPM,trending_up,125,False,-0.0036,2,-0.219,0.5,0.01,0.0398,3,5.096,1.0,mut-44cc85,1784776603.1924407,True,
2026-08-26T16:49:48.193947+00:00,EURUSD,trending_up,130,False,-0.01,1,0.0,0.0,0.01,0.0147,3,0.457,0.667,mut-5222bf,1787734064.0561838,True,
2026-08-26T16:49:53.719437+00:00,GBPUSD,trending_up,130,False,0.0009,3,0.029,0.333,0.01,0.005,3,0.164,0.667,mut-57cc28,1787534839.7337987,True,
2026-08-26T16:49:58.891114+00:00,USDJPY,trending_down,130,False,0.0,0,,,,0.0174,2,1.381,1.0,mut-df1d69,1787301818.1306906,True,
2026-08-26T16:50:05.798863+00:00,AUDUSD,trending_up,130,False,-0.0114,3,-0.438,0.333,0.0199,0.0181,3,0.527,0.667,mut-0c1cb5,1787157299.658837,True,
2026-08-26T16:50:11.247432+00:00,USDCAD,trending_down,130,False,0.0219,4,0.526,0.75,0.01,0.0282,4,0.69,0.75,imm-278f2d,1787534851.7886932,True,
2026-08-26T16:50:16.738025+00:00,USDCHF,ranging,130,False,-0.0265,3,-5.571,0.0,0.0199,0.0293,2,44.593,1.0,imm-4fc33a,1784741046.2585468,True,
2026-08-26T16:50:22.254727+00:00,NZDUSD,trending_up,130,False,0.0143,3,0.446,0.667,0.01,0.0176,3,0.522,0.667,imm-4ac40a,1787707701.5168276,True,
2026-08-26T16:50:26.120269+00:00,EURGBP,ranging,130,False,0.0077,2,0.347,0.5,0.0,0.028,3,1.139,0.667,mut-e402c5,1785433132.65746,True,
2026-08-26T16:50:31.366999+00:00,EURJPY,ranging,130,False,-0.0157,2,-3.608,0.0,0.01,0.0049,2,0.193,0.5,mut-74bdf5,1785122908.0481284,True,
2026-08-26T16:50:36.565588+00:00,GBPJPY,ranging,130,False,-0.0026,6,-0.038,0.333,0.0199,0.0122,5,0.219,0.6,mut-aa51f8,1785811687.2642987,True,
2026-08-26T16:50:41.965773+00:00,XAUUSD,high_volatility,126,False,-0.0297,3,-121.863,0.0,0.0297,0.0234,2,3.571,1.0,mut-a06ddc,1787387636.1183329,True,
2026-08-26T16:50:45.731419+00:00,USOIL,high_volatility,126,False,-0.013,2,-1.849,0.0,0.01,0.0203,2,2.087,1.0,mut-44fc90,1783821407.0754356,True,
2026-08-26T16:50:51.609469+00:00,BTCUSD,high_volatility,182,False,0.0,0,,,,0.0607,5,1.893,0.8,mut-785457,1783821498.0682824,True,
2026-08-26T16:50:57.710740+00:00,ETHUSD,high_volatility,182,False,0.009,5,0.159,0.4,0.01,0.0338,5,0.629,0.6,imm-7ac82e,1784277230.6638775,True,
2026-08-26T16:51:04.052818+00:00,SOLUSD,high_volatility,182,False,-0.0199,2,-199.0,0.0,0.0199,0.0223,4,0.53,0.75,mut-db8220,1785206756.6628072,True,
2026-08-26T16:51:12.959947+00:00,XRPUSD,high_volatility,182,False,-0.0114,4,-0.273,0.25,0.0199,0.0376,5,0.738,0.8,mut-eb4a78,1785174380.1173518,True,
2026-08-26T16:51:17.456971+00:00,BNBUSD,high_volatility,182,False,0.0392,5,0.792,0.8,0.01,0.0203,2,2.079,1.0,mut-167b4d,1785840212.5746226,True,
2026-08-26T16:51:23.271543+00:00,ADAUSD,high_volatility,182,False,-0.0104,7,-0.138,0.286,0.0297,0.0435,5,0.874,0.8,mut-a36803,1785235220.1110218,True,
2026-08-26T16:51:28.610921+00:00,SPX,trending_up,126,False,-0.0193,5,-0.408,0.2,0.0297,0.0199,3,0.559,0.667,mut-8ec06d,1785926421.560454,True,
2026-08-26T16:51:32.606412+00:00,NASDAQ,trending_up,126,False,0.0,0,,,,0.0009,5,0.014,0.4,mut-3edb04,1783887496.2965565,True,
2026-08-26T16:51:37.714219+00:00,DJI,trending_up,126,False,-0.0474,6,-1.853,0.167,0.049,0.0286,3,1.206,0.667,imm-f6a612,1786093449.0598,True,
2026-08-26T16:51:43.029050+00:00,RUT,trending_up,126,False,-0.0172,3,-0.967,0.333,0.0199,0.017,2,1.316,1.0,mut-c12dc0,1786153881.8891637,True,
2026-08-26T16:51:48.171174+00:00,VIX,high_volatility,127,False,-0.0066,1,0.0,0.0,0.0,0.0641,6,1.152,0.833,imm-48c3d1,1785840241.6769683,True,
2026-08-26T16:51:53.460902+00:00,FTSE,ranging,126,False,0.0192,2,1.769,1.0,0.0,0.0195,2,1.861,1.0,mut-6f3e11,1787676130.4607663,True,
2026-08-26T16:51:57.286693+00:00,DAX,trending_up,127,False,0.0,0,,,,0.0147,2,0.959,0.5,mut-84869e,1787275743.7066028,True,
2026-08-26T16:52:01.046978+00:00,CAC40,ranging,127,False,-0.029,4,-1.578,0.25,0.0297,0.0141,2,0.89,0.5,mut-b9b556,1784630003.5888314,True,
2026-08-26T16:52:05.965162+00:00,NIKKEI,high_volatility,122,False,-0.0297,4,-1.732,0.0,0.0297,0.0244,3,0.828,0.667,mut-c1d5a1,1783914987.901319,True,
2026-08-26T16:52:11.190898+00:00,HSI,ranging,122,False,0.0,0,,,,0.0031,3,0.101,0.333,market-bddb92,1787734210.7850134,True,
2026-08-26T16:52:15.109299+00:00,SENSEX,ranging,122,False,-0.0178,3,-1.042,0.333,0.0199,0.0129,5,0.229,0.6,mut-a20996,1787734216.6266155,True,
2026-08-26T16:52:18.889381+00:00,ASX200,trending_up,126,False,-0.0323,5,-0.953,0.2,0.0394,,,,,,,True,
2026-08-26T16:52:23.052758+00:00,AAPL,high_volatility,126,False,0.0,0,,,,0.0131,5,0.233,0.6,mut-3c43e6,1785811782.91854,True,
2026-08-26T16:52:26.906120+00:00,MSFT,high_volatility,126,False,0.0222,4,0.534,0.75,0.01,0.0534,6,0.914,0.833,mut-417f54,1785866030.0990324,True,
2026-08-26T16:52:32.145066+00:00,NVDA,high_volatility,126,False,-0.0311,4,-2.107,0.0,0.0297,0.0225,2,3.025,1.0,mut-78d460,1785433250.8173203,True,
2026-08-26T16:52:37.706803+00:00,GOOGL,high_volatility,126,False,-0.0238,6,-0.43,0.333,0.0297,0.0229,2,3.208,1.0,mut-bf5889,1784776571.9995205,True,
2026-08-26T16:52:41.486028+00:00,AMZN,high_volatility,126,False,-0.0489,6,-2.192,0.167,0.049,0.025,2,5.016,1.0,imm-5ecbb6,1784948103.51404,True,
2026-08-26T16:52:46.759774+00:00,META,high_volatility,126,False,-0.0044,4,-0.107,0.5,0.01,0.0199,3,0.559,0.667,mut-ceb411,1785926501.1619763,True,
2026-08-26T16:52:51.745130+00:00,TSLA,high_volatility,126,False,-0.0234,5,-0.481,0.2,0.0199,0.0236,4,0.569,0.75,mut-842635,1783887921.345828,True,
2026-08-26T16:52:56.786015+00:00,BRKB,ranging,126,False,0.0,0,,,,0.0249,4,0.598,0.75,mut-054b83,1787589808.674747,True,
2026-08-26T16:53:02.037402+00:00,LLY,high_volatility,126,False,-0.0052,4,-0.128,0.25,0.01,0.0385,5,0.756,0.8,mut-5648c7,1784363164.0287595,True,
2026-08-26T16:53:06.086078+00:00,V,trending_up,126,False,-0.0084,3,-0.276,0.333,0.0199,0.0406,3,6.041,1.0,mut-62422b,1787647790.2306244,True,
2026-08-26T16:53:11.215802+00:00,JPM,trending_up,126,False,-0.004,2,-0.248,0.5,0.01,0.0398,3,5.096,1.0,mut-44cc85,1784776603.1924407,True,
2026-08-27T08:16:00.071787+00:00,EURUSD,trending_up,130,False,-0.01,1,0.0,0.0,0.01,0.0147,3,0.457,0.667,mut-5222bf,1787734064.0561838,True,
2026-08-27T08:16:03.999877+00:00,GBPUSD,ranging,130,False,0.0,0,,,,0.013,3,0.408,0.667,mut-5089ff,1785321738.3398762,True,
2026-08-27T08:16:07.954587+00:00,USDJPY,ranging,130,False,0.0,0,,,,0.0436,3,18.115,1.0,mut-84bada,1784629717.863137,True,
2026-08-27T08:16:13.501742+00:00,AUDUSD,trending_up,130,False,0.0122,3,0.392,0.667,0.01,0.0181,3,0.527,0.667,mut-0c1cb5,1787157299.658837,True,
2026-08-27T08:16:19.255207+00:00,USDCAD,ranging,130,False,0.0046,3,0.15,0.333,0.01,0.0424,4,1.321,0.75,mut-fd7afd,1784124334.4320092,True,
2026-08-27T08:16:24.893414+00:00,USDCHF,ranging,130,False,-0.0168,2,-5.311,0.0,0.01,0.0293,2,44.593,1.0,imm-4fc33a,1784741046.2585468,True,
2026-08-27T08:16:30.344820+00:00,NZDUSD,trending_up,130,False,0.0147,3,0.456,0.667,0.01,0.0176,3,0.522,0.667,imm-4ac40a,1787707701.5168276,True,
2026-08-27T08:16:35.907658+00:00,EURGBP,ranging,130,False,0.0072,2,0.315,0.5,0.0,0.028,3,1.139,0.667,mut-e402c5,1785433132.65746,True,
2026-08-27T08:16:41.577874+00:00,EURJPY,ranging,130,False,-0.0052,3,-0.148,0.333,0.01,0.0049,2,0.193,0.5,mut-74bdf5,1785122908.0481284,True,
2026-08-27T08:16:47.015401+00:00,GBPJPY,ranging,130,False,0.0,0,,,,0.0122,5,0.219,0.6,mut-aa51f8,1785811687.2642987,True,
2026-08-27T08:16:52.608750+00:00,XAUUSD,high_volatility,126,False,0.0,0,,,,0.0234,2,3.571,1.0,mut-a06ddc,1787387636.1183329,True,
2026-08-27T08:16:58.019699+00:00,USOIL,high_volatility,126,False,-0.0067,4,-0.166,0.25,0.01,0.0203,2,2.087,1.0,mut-44fc90,1783821407.0754356,True,
2026-08-27T08:17:04.886883+00:00,BTCUSD,high_volatility,182,False,0.0,0,,,,0.0607,5,1.893,0.8,mut-785457,1783821498.0682824,True,
2026-08-27T08:17:11.911465+00:00,ETHUSD,high_volatility,182,False,0.0127,5,0.226,0.6,0.01,0.0338,5,0.629,0.6,imm-7ac82e,1784277230.6638775,True,
2026-08-27T08:17:18.792486+00:00,SOLUSD,high_volatility,182,False,-0.0199,2,-199.0,0.0,0.0199,0.0223,4,0.53,0.75,mut-db8220,1785206756.6628072,True,
2026-08-27T08:17:23.605852+00:00,XRPUSD,high_volatility,182,False,-0.0199,2,-199.0,0.0,0.0199,0.0376,5,0.738,0.8,mut-eb4a78,1785174380.1173518,True,
2026-08-27T08:17:30.424098+00:00,BNBUSD,high_volatility,182,False,0.0439,5,0.904,0.8,0.01,0.0203,2,2.079,1.0,mut-167b4d,1785840212.5746226,True,
2026-08-27T08:17:34.928187+00:00,ADAUSD,high_volatility,182,False,-0.0103,7,-0.136,0.429,0.0297,0.0435,5,0.874,0.8,mut-a36803,1785235220.1110218,True,
2026-08-27T08:17:39.023209+00:00,SPX,trending_up,125,False,0.0,0,,,,0.0199,3,0.559,0.667,mut-8ec06d,1785926421.560454,True,
2026-08-27T08:17:43.194651+00:00,NASDAQ,trending_up,125,False,-0.0175,3,-1.008,0.333,0.0199,0.0009,5,0.014,0.4,mut-3edb04,1783887496.2965565,True,
2026-08-27T08:17:48.903120+00:00,DJI,trending_up,125,False,-0.0027,3,-0.079,0.333,0.01,0.0286,3,1.206,0.667,imm-f6a612,1786093449.0598,True,
2026-08-27T08:17:54.378653+00:00,RUT,trending_up,125,False,-0.0168,3,-0.908,0.333,0.0199,0.017,2,1.316,1.0,mut-c12dc0,1786153881.8891637,True,
2026-08-27T08:17:59.903310+00:00,VIX,high_volatility,127,False,0.0058,1,0.0,1.0,0.0,0.0641,6,1.152,0.833,imm-48c3d1,1785840241.6769683,True,
2026-08-27T08:18:05.448582+00:00,FTSE,ranging,126,False,-0.0214,3,-1.798,0.0,0.0199,0.0195,2,1.861,1.0,mut-6f3e11,1787676130.4607663,True,
2026-08-27T08:18:09.510575+00:00,DAX,trending_up,127,False,-0.022,3,-1.97,0.0,0.0199,0.0147,2,0.959,0.5,mut-84869e,1787275743.7066028,True,
2026-08-27T08:18:13.576190+00:00,CAC40,ranging,127,False,0.0,0,,,,0.0141,2,0.89,0.5,mut-b9b556,1784630003.5888314,True,
2026-08-27T08:18:19.022393+00:00,NIKKEI,high_volatility,123,False,0.0053,3,0.17,0.667,0.01,0.0244,3,0.828,0.667,mut-c1d5a1,1783914987.901319,True,
2026-08-27T08:18:23.052329+00:00,HSI,ranging,123,False,0.0019,3,0.062,0.333,0.01,0.0031,3,0.101,0.333,market-bddb92,1787734210.7850134,True,
2026-08-27T08:18:28.531566+00:00,SENSEX,ranging,122,False,-0.0033,4,-0.08,0.5,0.0199,0.0129,5,0.229,0.6,mut-a20996,1787734216.6266155,True,
2026-08-27T08:18:32.621096+00:00,ASX200,ranging,127,False,-0.0172,5,-0.359,0.2,0.0199,,,,,,,True,
2026-08-27T08:18:38.422654+00:00,AAPL,high_volatility,125,False,0.0,0,,,,0.0131,5,0.233,0.6,mut-3c43e6,1785811782.91854,True,
2026-08-27T08:18:44.061671+00:00,MSFT,high_volatility,125,False,0.0229,4,0.556,0.75,0.01,0.0534,6,0.914,0.833,mut-417f54,1785866030.0990324,True,
2026-08-27T08:18:49.732721+00:00,NVDA,high_volatility,125,False,-0.0151,4,-0.355,0.25,0.0199,0.0225,2,3.025,1.0,mut-78d460,1785433250.8173203,True,
2026-08-27T08:18:55.588668+00:00,GOOGL,high_volatility,125,False,-0.0146,5,-0.301,0.4,0.0199,0.0229,2,3.208,1.0,mut-bf5889,1784776571.9995205,True,
2026-08-27T08:18:59.798499+00:00,AMZN,high_volatility,125,False,0.0,0,,,,0.025,2,5.016,1.0,imm-5ecbb6,1784948103.51404,True,
2026-08-27T08:19:03.992223+00:00,META,high_volatility,125,False,0.0055,3,0.177,0.667,0.01,0.0199,3,0.559,0.667,mut-ceb411,1785926501.1619763,True,
2026-08-27T08:19:09.627787+00:00,TSLA,high_volatility,125,False,-0.0129,4,-0.308,0.25,0.01,0.0236,4,0.569,0.75,mut-842635,1783887921.345828,True,
2026-08-27T08:19:13.718012+00:00,BRKB,ranging,125,False,0.0,0,,,,0.0249,4,0.598,0.75,mut-054b83,1787589808.674747,True,
2026-08-27T08:19:19.602839+00:00,LLY,high_volatility,125,False,0.0,0,,,,0.0385,5,0.756,0.8,mut-5648c7,1784363164.0287595,True,
2026-08-27T08:19:25.898462+00:00,V,trending_up,125,False,0.0,0,,,,0.0406,3,6.041,1.0,mut-62422b,1787647790.2306244,True,
2026-08-27T08:19:30.202549+00:00,JPM,trending_up,125,False,0.0,0,,,,0.0398,3,5.096,1.0,mut-44cc85,1784776603.1924407,True,
2026-08-28T00:47:26.436430+00:00,EURUSD,ranging,130,False,-0.0199,2,-199.0,0.0,0.0199,0.0214,2,2.499,1.0,mut-9ac3c3,1784827527.8572602,True,
2026-08-28T00:47:32.119661+00:00,GBPUSD,ranging,130,False,0.0,0,,,,0.0144,3,0.444,0.667,imm-bcc7e5,1787878050.4386637,True,
2026-08-28T00:47:37.742473+00:00,USDJPY,ranging,130,False,-0.0327,5,-0.987,0.2,0.0394,0.0436,3,18.115,1.0,mut-84bada,1784629717.863137,True,
2026-08-28T00:47:41.777724+00:00,AUDUSD,trending_up,130,False,0.0035,4,0.079,0.5,0.0199,0.0181,3,0.527,0.667,mut-0c1cb5,1787157299.658837,True,
2026-08-28T00:47:47.610395+00:00,USDCAD,trending_down,130,False,0.0048,5,0.084,0.4,0.0199,0.0282,4,0.69,0.75,imm-278f2d,1787534851.7886932,True,
2026-08-28T00:47:53.304020+00:00,USDCHF,ranging,130,False,-0.035,4,-4.438,0.0,0.0297,0.0293,2,44.593,1.0,imm-4fc33a,1784741046.2585468,True,
2026-08-28T00:47:57.398699+00:00,NZDUSD,trending_up,130,False,-0.0297,3,-121.863,0.0,0.0297,0.0176,3,0.522,0.667,imm-4ac40a,1787707701.5168276,True,
2026-08-28T00:48:02.962415+00:00,EURGBP,ranging,130,False,0.006,3,0.193,0.667,0.01,0.028,3,1.139,0.667,mut-e402c5,1785433132.65746,True,
2026-08-28T00:48:08.806547+00:00,EURJPY,ranging,130,False,-0.0153,5,-0.319,0.2,0.0297,0.0049,2,0.193,0.5,mut-74bdf5,1785122908.0481284,True,
2026-08-28T00:48:14.659617+00:00,GBPJPY,ranging,130,False,0.0075,5,0.131,0.4,0.01,0.0122,5,0.219,0.6,mut-aa51f8,1785811687.2642987,True,
2026-08-28T00:48:18.794296+00:00,XAUUSD,high_volatility,126,False,-0.01,1,0.0,0.0,0.01,0.0234,2,3.571,1.0,mut-a06ddc,1787387636.1183329,True,
2026-08-28T00:48:24.459395+00:00,USOIL,high_volatility,126,False,-0.0143,5,-0.294,0.4,0.0199,0.0203,2,2.087,1.0,mut-44fc90,1783821407.0754356,True,
2026-08-28T00:48:31.531197+00:00,BTCUSD,high_volatility,181,False,0.0,0,,,,0.0607,5,1.893,0.8,mut-785457,1783821498.0682824,True,
2026-08-28T00:48:38.710184+00:00,ETHUSD,high_volatility,181,False,0.0,0,,,,0.0338,5,0.629,0.6,imm-7ac82e,1784277230.6638775,True,
2026-08-28T00:48:43.431684+00:00,SOLUSD,high_volatility,181,False,0.0146,7,0.182,0.429,0.0297,0.0223,4,0.53,0.75,mut-db8220,1785206756.6628072,True,
2026-08-28T00:48:48.108804+00:00,XRPUSD,high_volatility,181,False,-0.0018,6,-0.028,0.333,0.0297,0.0376,5,0.738,0.8,mut-eb4a78,1785174380.1173518,True,
2026-08-28T00:48:55.115846+00:00,BNBUSD,high_volatility,181,False,0.0455,5,0.936,0.8,0.01,0.0455,5,0.936,0.8,mut-3c741f,1787878132.7518513,True,
2026-08-28T00:48:59.723574+00:00,ADAUSD,high_volatility,181,False,-0.0197,8,-0.238,0.375,0.0394,0.0435,5,0.874,0.8,mut-a36803,1785235220.1110218,True,
2026-08-28T00:49:03.905613+00:00,SPX,trending_up,125,False,0.0,0,,,,0.0199,3,0.559,0.667,mut-8ec06d,1785926421.560454,True,
2026-08-28T00:49:08.304604+00:00,NASDAQ,trending_up,125,False,0.0,0,,,,0.0009,5,0.014,0.4,mut-3edb04,1783887496.2965565,True,
2026-08-28T00:49:13.967573+00:00,DJI,trending_up,125,False,0.0,0,,,,0.0286,3,1.206,0.667,imm-f6a612,1786093449.0598,True,
2026-08-28T00:49:19.740101+00:00,RUT,trending_up,125,False,-0.0205,3,-1.541,0.0,0.0199,0.017,2,1.316,1.0,mut-c12dc0,1786153881.8891637,True,
2026-08-28T00:49:25.347076+00:00,VIX,high_volatility,127,False,0.0066,1,0.0,1.0,0.0,0.0641,6,1.152,0.833,imm-48c3d1,1785840241.6769683,True,
2026-08-28T00:49:29.509841+00:00,FTSE,ranging,125,False,0.0192,2,1.769,1.0,0.0,0.0195,2,1.861,1.0,mut-6f3e11,1787676130.4607663,True,
2026-08-28T00:49:33.605827+00:00,DAX,trending_up,126,False,-0.0027,4,-0.066,0.5,0.0199,0.0147,2,0.959,0.5,mut-84869e,1787275743.7066028,True,
2026-08-28T00:49:39.290830+00:00,CAC40,ranging,126,False,-0.0297,3,-121.863,0.0,0.0297,0.0141,2,0.89,0.5,mut-b9b556,1784630003.5888314,True,
2026-08-28T00:49:44.975720+00:00,NIKKEI,high_volatility,122,False,-0.0079,4,-0.192,0.25,0.0199,0.0244,3,0.828,0.667,mut-c1d5a1,1783914987.901319,True,
2026-08-28T00:49:49.191138+00:00,HSI,ranging,122,False,0.0031,3,0.101,0.333,0.01,0.0031,3,0.101,0.333,market-bddb92,1787734210.7850134,True,
2026-08-28T00:49:53.238440+00:00,SENSEX,ranging,121,False,-0.0531,6,-4.166,0.0,0.049,0.0129,5,0.229,0.6,mut-a20996,1787734216.6266155,True,
2026-08-28T00:49:58.917997+00:00,ASX200,ranging,126,False,-0.0187,5,-0.393,0.2,0.0199,,,,,,,True,
2026-08-28T00:50:04.753375+00:00,AAPL,ranging,125,False,0.0162,4,0.358,0.5,0.01,0.0162,4,0.358,0.5,mut-f12056,1787878202.9898262,True,
2026-08-28T00:50:09.090390+00:00,MSFT,high_volatility,125,True,0.036,3,2.717,1.0,0.0,0.036,3,2.717,1.0,mut-396225,1787878208.8326135,True,
2026-08-28T00:50:13.377307+00:00,NVDA,high_volatility,125,False,0.0,0,,,,0.0225,2,3.025,1.0,mut-78d460,1785433250.8173203,True,
2026-08-28T00:50:17.812462+00:00,GOOGL,high_volatility,125,False,0.0,0,,,,0.0229,2,3.208,1.0,mut-bf5889,1784776571.9995205,True,
2026-08-28T00:50:22.036795+00:00,AMZN,high_volatility,125,False,0.0065,3,0.211,0.667,0.01,0.025,2,5.016,1.0,imm-5ecbb6,1784948103.51404,True,
2026-08-28T00:50:28.090360+00:00,META,high_volatility,125,False,-0.0035,4,-0.084,0.5,0.01,0.0199,3,0.559,0.667,mut-ceb411,1785926501.1619763,True,
2026-08-28T00:50:32.251880+00:00,TSLA,high_volatility,125,False,-0.0088,4,-0.217,0.25,0.01,0.0236,4,0.569,0.75,mut-842635,1783887921.345828,True,
2026-08-28T00:50:36.371542+00:00,BRKB,ranging,125,False,0.005,3,0.162,0.667,0.01,0.0249,4,0.598,0.75,mut-054b83,1787589808.674747,True,
2026-08-28T00:50:40.671085+00:00,LLY,high_volatility,125,False,-0.041,5,-2.473,0.0,0.0394,0.0385,5,0.756,0.8,mut-5648c7,1784363164.0287595,True,
2026-08-28T00:50:47.090269+00:00,V,high_volatility,125,False,0.0,0,,,,0.0266,6,0.391,0.667,imm-f3328c,1784191593.433811,True,
2026-08-28T00:50:53.393953+00:00,JPM,ranging,125,False,-0.0076,4,-0.187,0.25,0.01,0.0142,2,0.899,0.5,mut-639987,1787621245.3613398,True,
2026-08-28T19:59:43.979504+00:00,EURUSD,ranging,130,False,-0.0199,2,-199.0,0.0,0.0199,0.0214,2,2.499,1.0,mut-9ac3c3,1784827527.8572602,True,
2026-08-28T19:59:49.227034+00:00,GBPUSD,ranging,130,False,0.011,3,0.352,0.667,0.01,0.0144,3,0.444,0.667,imm-bcc7e5,1787878050.4386637,True,
2026-08-28T19:59:54.314965+00:00,USDJPY,ranging,130,False,-0.0251,7,-0.357,0.286,0.0347,0.0436,3,18.115,1.0,mut-84bada,1784629717.863137,True,
2026-08-28T19:59:59.507260+00:00,AUDUSD,trending_up,130,False,-0.0001,4,-0.003,0.5,0.0199,0.0181,3,0.527,0.667,mut-0c1cb5,1787157299.658837,True,
2026-08-28T20:00:05.999815+00:00,USDCAD,ranging,130,False,0.0196,4,0.46,0.5,0.01,0.0424,4,1.321,0.75,mut-fd7afd,1784124334.4320092,True,
2026-08-28T20:00:11.890007+00:00,USDCHF,ranging,130,False,-0.02,4,-0.587,0.25,0.0297,0.0293,2,44.593,1.0,imm-4fc33a,1784741046.2585468,True,
2026-08-28T20:00:18.285123+00:00,NZDUSD,ranging,130,False,0.0115,3,0.372,0.667,0.01,0.0146,2,0.951,0.5,mut-9ac759,1785321761.60003,True,
2026-08-28T20:00:23.750369+00:00,EURGBP,ranging,130,False,0.0078,3,0.255,0.667,0.01,0.028,3,1.139,0.667,mut-e402c5,1785433132.65746,True,
2026-08-28T20:00:29.426961+00:00,EURJPY,ranging,130,False,-0.0307,4,-1.994,0.0,0.0297,0.0049,2,0.193,0.5,mut-74bdf5,1785122908.0481284,True,
2026-08-28T20:00:33.255557+00:00,GBPJPY,ranging,130,False,0.008,5,0.141,0.4,0.01,0.0122,5,0.219,0.6,mut-aa51f8,1785811687.2642987,True,
2026-08-28T20:00:39.238557+00:00,XAUUSD,high_volatility,126,False,0.0129,4,0.275,0.5,0.01,0.0234,2,3.571,1.0,mut-a06ddc,1787387636.1183329,True,
2026-08-28T20:00:45.281992+00:00,USOIL,high_volatility,126,False,-0.0143,5,-0.293,0.4,0.0199,0.0203,2,2.087,1.0,mut-44fc90,1783821407.0754356,True,
2026-08-28T20:00:52.277784+00:00,BTCUSD,high_volatility,182,False,0.0,0,,,,0.0607,5,1.893,0.8,mut-785457,1783821498.0682824,True,
2026-08-28T20:00:58.644712+00:00,ETHUSD,high_volatility,182,False,0.0233,6,0.336,0.5,0.01,0.0338,5,0.629,0.6,imm-7ac82e,1784277230.6638775,True,
2026-08-28T20:01:05.705893+00:00,SOLUSD,high_volatility,182,True,0.0598,7,0.798,0.714,0.01,0.0598,7,0.798,0.714,mut-3356b0,1787947265.120216,True,
2026-08-28T20:01:09.962076+00:00,XRPUSD,high_volatility,182,False,-0.025,5,-0.504,0.2,0.0297,0.0376,5,0.738,0.8,mut-eb4a78,1785174380.1173518,True,
2026-08-28T20:01:17.285836+00:00,BNBUSD,high_volatility,182,False,0.036,5,0.705,0.8,0.01,0.0455,5,0.936,0.8,mut-3c741f,1787878132.7518513,True,
2026-08-28T20:01:23.519778+00:00,ADAUSD,high_volatility,182,False,-0.0141,7,-0.187,0.286,0.0297,0.0435,5,0.874,0.8,mut-a36803,1785235220.1110218,True,
2026-08-28T20:01:27.600258+00:00,SPX,trending_up,126,False,0.0,0,,,,0.0199,3,0.559,0.667,mut-8ec06d,1785926421.560454,True,
2026-08-28T20:01:31.530715+00:00,NASDAQ,trending_up,126,False,0.0,0,,,,0.0009,5,0.014,0.4,mut-3edb04,1783887496.2965565,True,
2026-08-28T20:01:36.770547+00:00,DJI,ranging,126,False,-0.0052,3,-0.146,0.333,0.0199,0.017,2,1.3,1.0,mut-28bf02,1784827628.5364316,True,
2026-08-28T20:01:42.346843+00:00,RUT,ranging,126,False,-0.025,3,-3.606,0.0,0.0199,0.0187,2,1.663,1.0,mut-71c912,1784688870.3744597,True,
2026-08-28T20:01:48.796451+00:00,VIX,high_volatility,127,False,0.0,0,,,,0.0641,6,1.152,0.833,imm-48c3d1,1785840241.6769683,True,
2026-08-28T20:01:53.946447+00:00,FTSE,ranging,126,False,-0.018,3,-1.073,0.333,0.0199,0.0195,2,1.861,1.0,mut-6f3e11,1787676130.4607663,True,
2026-08-28T20:01:57.991063+00:00,DAX,trending_up,127,False,0.0,0,,,,0.0147,2,0.959,0.5,mut-84869e,1787275743.7066028,True,
2026-08-28T20:02:01.988611+00:00,CAC40,ranging,127,False,-0.0297,3,-121.863,0.0,0.0297,0.0141,2,0.89,0.5,mut-b9b556,1784630003.5888314,True,
2026-08-28T20:02:07.166745+00:00,NIKKEI,high_volatility,122,False,-0.0141,3,-0.63,0.333,0.0199,0.0244,3,0.828,0.667,mut-c1d5a1,1783914987.901319,True,
2026-08-28T20:02:11.056766+00:00,HSI,ranging,122,False,-0.0116,2,-1.384,0.0,0.01,0.0031,3,0.101,0.333,market-bddb92,1787734210.7850134,True,
2026-08-28T20:02:14.828060+00:00,SENSEX,ranging,121,False,-0.0197,3,-1.371,0.333,0.0199,0.0129,5,0.229,0.6,mut-a20996,1787734216.6266155,True,
2026-08-28T20:02:18.612184+00:00,ASX200,ranging,126,False,-0.0172,5,-0.359,0.2,0.0199,,,,,,,True,
2026-08-28T20:02:24.342877+00:00,AAPL,ranging,126,False,0.0,0,,,,0.0162,4,0.358,0.5,mut-f12056,1787878202.9898262,True,
2026-08-28T20:02:29.666622+00:00,MSFT,high_volatility,126,False,0.0386,3,4.074,1.0,0.0,0.0386,3,4.074,1.0,mut-630ff9,1787947348.1559956,True,
2026-08-28T20:02:35.147508+00:00,NVDA,high_volatility,126,False,0.0,0,,,,0.0225,2,3.025,1.0,mut-78d460,1785433250.8173203,True,
2026-08-28T20:02:40.507966+00:00,GOOGL,high_volatility,126,False,0.0,0,,,,0.0229,2,3.208,1.0,mut-bf5889,1784776571.9995205,True,
2026-08-28T20:02:44.492121+00:00,AMZN,high_volatility,126,False,0.0,0,,,,0.025,2,5.016,1.0,imm-5ecbb6,1784948103.51404,True,
2026-08-28T20:02:50.644016+00:00,META,high_volatility,126,False,-0.0137,5,-0.276,0.4,0.0297,0.0199,3,0.559,0.667,mut-ceb411,1785926501.1619763,True,
2026-08-28T20:02:56.120034+00:00,TSLA,high_volatility,126,False,-0.0116,4,-0.28,0.25,0.01,0.0236,4,0.569,0.75,mut-842635,1783887921.345828,True,
2026-08-28T20:03:00.100586+00:00,BRKB,ranging,126,False,-0.0079,4,-0.195,0.25,0.01,0.0249,4,0.598,0.75,mut-054b83,1787589808.674747,True,
2026-08-28T20:03:04.131743+00:00,LLY,high_volatility,126,False,-0.0413,5,-2.586,0.0,0.0394,0.0385,5,0.756,0.8,mut-5648c7,1784363164.0287595,True,
2026-08-28T20:03:09.869204+00:00,V,high_volatility,126,False,0.0,0,,,,0.0266,6,0.391,0.667,imm-f3328c,1784191593.433811,True,
2026-08-28T20:03:14.030963+00:00,JPM,trending_up,126,False,0.0,0,,,,0.0398,3,5.096,1.0,mut-44cc85,1784776603.1924407,True,
2026-08-29T06:17:40.154964+00:00,EURUSD,ranging,130,False,-0.0199,2,-199.0,0.0,0.0199,0.0214,2,2.499,1.0,mut-9ac3c3,1784827527.8572602,True,
2026-08-29T06:17:45.669535+00:00,GBPUSD,ranging,130,False,0.0109,3,0.351,0.667,0.01,0.0144,3,0.444,0.667,imm-bcc7e5,1787878050.4386637,True,
2026-08-29T06:17:49.580718+00:00,USDJPY,ranging,130,False,-0.0117,2,-1.416,0.0,0.01,0.0436,3,18.115,1.0,mut-84bada,1784629717.863137,True,
2026-08-29T06:17:55.116547+00:00,AUDUSD,trending_up,131,False,-0.0004,4,-0.01,0.5,0.0199,0.0181,3,0.527,0.667,mut-0c1cb5,1787157299.658837,True,
2026-08-29T06:18:00.633579+00:00,USDCAD,trending_down,131,False,0.001,5,0.016,0.4,0.0199,0.0282,4,0.69,0.75,imm-278f2d,1787534851.7886932,True,
2026-08-29T06:18:06.035829+00:00,USDCHF,ranging,130,False,-0.0394,5,-1.999,0.0,0.0394,0.0293,2,44.593,1.0,imm-4fc33a,1784741046.2585468,True,
2026-08-29T06:18:09.982953+00:00,NZDUSD,ranging,131,False,-0.0199,2,-199.0,0.0,0.0199,0.0146,2,0.951,0.5,mut-9ac759,1785321761.60003,True,
2026-08-29T06:18:13.898038+00:00,EURGBP,ranging,130,False,0.0078,3,0.253,0.667,0.01,0.028,3,1.139,0.667,mut-e402c5,1785433132.65746,True,
2026-08-29T06:18:19.339390+00:00,EURJPY,ranging,131,False,-0.0171,5,-0.36,0.2,0.0297,0.0049,2,0.193,0.5,mut-74bdf5,1785122908.0481284,True,
2026-08-29T06:18:24.970510+00:00,GBPJPY,ranging,130,False,-0.0333,4,-3.03,0.0,0.0297,0.0122,5,0.219,0.6,mut-aa51f8,1785811687.2642987,True,
2026-08-29T06:18:28.983238+00:00,XAUUSD,ranging,126,False,nan,4,nan,0.5,0.01,0.024,3,0.794,0.667,mut-6bbcc8,1785727134.4109955,True,
2026-08-29T06:18:34.341327+00:00,USOIL,ranging,126,False,nan,5,nan,0.2,0.0297,,,,,,,True,
2026-08-29T06:18:41.051882+00:00,BTCUSD,high_volatility,182,False,0.0,0,,,,0.0607,5,1.893,0.8,mut-785457,1783821498.0682824,True,
2026-08-29T06:18:47.685895+00:00,ETHUSD,high_volatility,182,False,0.0232,6,0.335,0.5,0.01,0.0338,5,0.629,0.6,imm-7ac82e,1784277230.6638775,True,
2026-08-29T06:18:52.415890+00:00,SOLUSD,high_volatility,182,False,0.0,0,,,,0.0598,7,0.798,0.714,mut-3356b0,1787947265.120216,True,
2026-08-29T06:18:59.021537+00:00,XRPUSD,high_volatility,182,False,-0.0151,4,-0.352,0.25,0.0199,0.0376,5,0.738,0.8,mut-eb4a78,1785174380.1173518,True,
2026-08-29T06:19:05.899288+00:00,BNBUSD,high_volatility,182,False,0.0357,5,0.696,0.8,0.01,0.0455,5,0.936,0.8,mut-3c741f,1787878132.7518513,True,
2026-08-29T06:19:10.385454+00:00,ADAUSD,high_volatility,182,False,-0.0199,10,-0.183,0.3,0.049,0.0435,5,0.874,0.8,mut-a36803,1785235220.1110218,True,
2026-08-29T06:19:14.530372+00:00,SPX,ranging,126,False,0.0,0,,,,0.004,1,0.0,1.0,mut-a5176c,1784861666.493881,True,
2026-08-29T06:19:18.575473+00:00,NASDAQ,ranging,126,False,0.0,0,,,,0.0177,11,0.132,0.455,mut-d84022,1783650806.8484473,True,
2026-08-29T06:19:24.320858+00:00,DJI,ranging,126,False,nan,4,nan,0.25,0.0199,0.017,2,1.3,1.0,mut-28bf02,1784827628.5364316,True,
2026-08-29T06:19:29.792043+00:00,RUT,trending_up,125,False,-0.0205,3,-1.541,0.0,0.0199,0.017,2,1.316,1.0,mut-c12dc0,1786153881.8891637,True,
2026-08-29T06:19:35.238796+00:00,VIX,high_volatility,126,False,0.0066,1,0.0,1.0,0.0,0.0641,6,1.152,0.833,imm-48c3d1,1785840241.6769683,True,
2026-08-29T06:19:40.788848+00:00,FTSE,ranging,125,False,0.0,0,,,,0.0195,2,1.861,1.0,mut-6f3e11,1787676130.4607663,True,
2026-08-29T06:19:44.883501+00:00,DAX,trending_up,126,False,-0.0224,3,-2.132,0.0,0.0199,0.0147,2,0.959,0.5,mut-84869e,1787275743.7066028,True,
2026-08-29T06:19:48.916166+00:00,CAC40,ranging,126,False,0.0,0,,,,0.0141,2,0.89,0.5,mut-b9b556,1784630003.5888314,True,
2026-08-29T06:19:54.353486+00:00,NIKKEI,high_volatility,122,False,0.0108,3,0.347,0.667,0.01,0.0244,3,0.828,0.667,mut-c1d5a1,1783914987.901319,True,
2026-08-29T06:19:58.351774+00:00,HSI,ranging,122,False,0.0021,3,0.068,0.333,0.01,0.0031,3,0.101,0.333,market-bddb92,1787734210.7850134,True,
2026-08-29T06:20:03.730831+00:00,SENSEX,ranging,121,False,-0.0197,3,-1.371,0.333,0.0199,0.0129,5,0.229,0.6,mut-a20996,1787734216.6266155,True,
2026-08-29T06:20:07.728472+00:00,ASX200,ranging,126,False,-0.0172,5,-0.359,0.2,0.0199,,,,,,,True,
2026-08-29T06:20:13.445536+00:00,AAPL,ranging,126,False,nan,4,nan,0.5,0.01,0.0162,4,0.358,0.5,mut-f12056,1787878202.9898262,True,
2026-08-29T06:20:17.566692+00:00,MSFT,ranging,126,False,-0.01,1,0.0,0.0,0.01,0.0336,6,0.49,0.667,mut-c1d1a2,1785293652.4775221,True,
2026-08-29T06:20:23.146417+00:00,NVDA,ranging,126,False,0.0,0,,,,,,,,,,True,
2026-08-29T06:20:28.864830+00:00,GOOGL,ranging,126,False,0.0,0,,,,0.0097,4,0.195,0.5,init-394c9a,1785321891.8670652,True,
2026-08-29T06:20:32.932350+00:00,AMZN,ranging,126,False,0.0,0,,,,,,,,,,True,
2026-08-29T06:20:38.661860+00:00,META,ranging,126,False,nan,5,nan,0.4,0.01,,,,,,,True,
2026-08-29T06:20:44.301453+00:00,TSLA,ranging,126,False,0.0049,2,0.193,0.5,0.01,0.0049,2,0.193,0.5,mut-bd9e3e,1787984442.5891361,True,
2026-08-29T06:20:48.336749+00:00,BRKB,ranging,126,False,nan,3,nan,0.333,0.01,0.0249,4,0.598,0.75,mut-054b83,1787589808.674747,True,
2026-08-29T06:20:52.538215+00:00,LLY,ranging,126,False,nan,5,nan,0.0,0.0394,,,,,,,True,
2026-08-29T06:20:59.004280+00:00,V,ranging,126,False,0.0,0,,,,,,,,,,True,
2026-08-29T06:21:03.214724+00:00,JPM,ranging,126,False,nan,4,nan,0.25,0.01,0.0142,2,0.899,0.5,mut-639987,1787621245.3613398,True,
2026-08-29T13:41:54.869836+00:00,EURUSD,ranging,130,False,-0.0199,2,-199.0,0.0,0.0199,0.0214,2,2.499,1.0,mut-9ac3c3,1784827527.8572602,True,
2026-08-29T13:42:01.739521+00:00,GBPUSD,ranging,130,False,0.0109,3,0.351,0.667,0.01,0.0144,3,0.444,0.667,imm-bcc7e5,1787878050.4386637,True,
2026-08-29T13:42:07.185521+00:00,USDJPY,ranging,130,False,-0.03,5,-0.777,0.2,0.0394,0.0436,3,18.115,1.0,mut-84bada,1784629717.863137,True,
2026-08-29T13:42:11.091268+00:00,AUDUSD,trending_up,131,False,-0.0004,4,-0.01,0.5,0.0199,0.0181,3,0.527,0.667,mut-0c1cb5,1787157299.658837,True,
2026-08-29T13:42:16.755415+00:00,USDCAD,trending_down,131,False,0.0197,4,0.463,0.5,0.01,0.0282,4,0.69,0.75,imm-278f2d,1787534851.7886932,True,
2026-08-29T13:42:22.225378+00:00,USDCHF,ranging,130,False,-0.0198,4,-0.576,0.25,0.0297,0.0293,2,44.593,1.0,imm-4fc33a,1784741046.2585468,True,
2026-08-29T13:42:27.690678+00:00,NZDUSD,ranging,131,False,-0.0199,2,-199.0,0.0,0.0199,0.0146,2,0.951,0.5,mut-9ac759,1785321761.60003,True,
2026-08-29T13:42:33.099381+00:00,EURGBP,ranging,130,False,0.0031,3,0.097,0.333,0.01,0.028,3,1.139,0.667,mut-e402c5,1785433132.65746,True,
2026-08-29T13:42:37.094172+00:00,EURJPY,ranging,131,False,-0.0132,5,-0.271,0.4,0.0297,0.0049,2,0.193,0.5,mut-74bdf5,1785122908.0481284,True,
2026-08-29T13:42:42.517730+00:00,GBPJPY,ranging,130,False,-0.0333,4,-3.03,0.0,0.0297,0.0122,5,0.219,0.6,mut-aa51f8,1785811687.2642987,True,
2026-08-29T13:42:48.104699+00:00,XAUUSD,ranging,126,False,nan,4,nan,0.5,0.01,0.024,3,0.794,0.667,mut-6bbcc8,1785727134.4109955,True,
2026-08-29T13:42:53.545999+00:00,USOIL,ranging,126,False,nan,5,nan,0.4,0.01,,,,,,,True,
2026-08-29T13:42:58.244197+00:00,BTCUSD,high_volatility,182,False,-0.0297,3,-121.863,0.0,0.0297,0.0607,5,1.893,0.8,mut-785457,1783821498.0682824,True,
2026-08-29T13:43:05.132762+00:00,ETHUSD,high_volatility,182,False,0.0232,6,0.335,0.5,0.01,0.0338,5,0.629,0.6,imm-7ac82e,1784277230.6638775,True,
2026-08-29T13:43:09.777450+00:00,SOLUSD,high_volatility,182,False,-0.0199,2,-199.0,0.0,0.0199,0.0598,7,0.798,0.714,mut-3356b0,1787947265.120216,True,
2026-08-29T13:43:14.326215+00:00,XRPUSD,high_volatility,182,False,-0.025,5,-0.504,0.2,0.0297,0.0376,5,0.738,0.8,mut-eb4a78,1785174380.1173518,True,
2026-08-29T13:43:21.116842+00:00,BNBUSD,high_volatility,182,False,-0.01,1,0.0,0.0,0.01,0.0455,5,0.936,0.8,mut-3c741f,1787878132.7518513,True,
2026-08-29T13:43:25.595757+00:00,ADAUSD,high_volatility,182,False,0.0048,10,0.041,0.4,0.0297,0.0435,5,0.874,0.8,mut-a36803,1785235220.1110218,True,
2026-08-29T13:43:29.702220+00:00,SPX,ranging,126,False,0.0,0,,,,0.004,1,0.0,1.0,mut-a5176c,1784861666.493881,True,
2026-08-29T13:43:35.472794+00:00,NASDAQ,ranging,126,False,0.0,0,,,,0.0177,11,0.132,0.455,mut-d84022,1783650806.8484473,True,
2026-08-29T13:43:40.897586+00:00,DJI,ranging,126,False,nan,4,nan,0.25,0.01,0.017,2,1.3,1.0,mut-28bf02,1784827628.5364316,True,
2026-08-29T13:43:46.474022+00:00,RUT,trending_up,125,False,-0.0205,3,-1.541,0.0,0.0199,0.017,2,1.316,1.0,mut-c12dc0,1786153881.8891637,True,
2026-08-29T13:43:52.015474+00:00,VIX,high_volatility,126,False,0.0066,1,0.0,1.0,0.0,0.0641,6,1.152,0.833,imm-48c3d1,1785840241.6769683,True,
2026-08-29T13:43:59.672293+00:00,FTSE,ranging,125,False,-0.0166,3,-0.886,0.333,0.0199,0.0195,2,1.861,1.0,mut-6f3e11,1787676130.4607663,True,
2026-08-29T13:44:03.805869+00:00,DAX,trending_up,126,False,0.0,0,,,,0.0147,2,0.959,0.5,mut-84869e,1787275743.7066028,True,
2026-08-29T13:44:09.384030+00:00,CAC40,ranging,126,False,-0.004,3,-0.116,0.333,0.01,0.0141,2,0.89,0.5,mut-b9b556,1784630003.5888314,True,
2026-08-29T13:44:14.869417+00:00,NIKKEI,high_volatility,122,False,-0.0052,3,-0.146,0.333,0.0199,0.0244,3,0.828,0.667,mut-c1d5a1,1783914987.901319,True,
2026-08-29T13:44:18.848374+00:00,HSI,ranging,122,False,0.0021,3,0.068,0.333,0.01,0.0031,3,0.101,0.333,market-bddb92,1787734210.7850134,True,
2026-08-29T13:44:22.795742+00:00,SENSEX,ranging,121,False,-0.0197,3,-1.371,0.333,0.0199,0.0129,5,0.229,0.6,mut-a20996,1787734216.6266155,True,
2026-08-29T13:44:26.763521+00:00,ASX200,ranging,126,False,-0.0182,5,-0.382,0.2,0.0199,,,,,,,True,
2026-08-29T13:44:32.316050+00:00,AAPL,ranging,126,False,nan,4,nan,0.5,0.01,0.0162,4,0.358,0.5,mut-f12056,1787878202.9898262,True,
2026-08-29T13:44:36.390010+00:00,MSFT,ranging,126,False,nan,3,nan,0.667,0.0,0.0336,6,0.49,0.667,mut-c1d1a2,1785293652.4775221,True,
2026-08-29T13:44:40.519230+00:00,NVDA,ranging,126,False,nan,3,nan,0.0,0.0199,,,,,,,True,
2026-08-29T13:44:44.623226+00:00,GOOGL,ranging,126,False,0.0,0,,,,0.0097,4,0.195,0.5,init-394c9a,1785321891.8670652,True,
2026-08-29T13:44:48.731386+00:00,AMZN,ranging,126,False,nan,3,nan,0.333,0.01,,,,,,,True,
2026-08-29T13:44:54.401658+00:00,META,ranging,126,False,nan,4,nan,0.25,0.01,,,,,,,True,
2026-08-29T13:44:58.510398+00:00,TSLA,ranging,126,False,0.0049,2,0.193,0.5,0.01,0.0049,2,0.193,0.5,mut-bd9e3e,1787984442.5891361,True,
2026-08-29T13:45:02.564333+00:00,BRKB,ranging,126,False,nan,3,nan,0.333,0.01,0.0249,4,0.598,0.75,mut-054b83,1787589808.674747,True,
2026-08-29T13:45:06.768467+00:00,LLY,ranging,126,False,-0.0394,4,-88.999,0.0,0.0394,,,,,,,True,
2026-08-29T13:45:12.850116+00:00,V,ranging,126,False,0.0,0,,,,,,,,,,True,
2026-08-29T13:45:17.071703+00:00,JPM,ranging,126,False,nan,4,nan,0.25,0.01,0.0142,2,0.899,0.5,mut-639987,1787621245.3613398,True,
2026-08-29T19:17:16.061320+00:00,EURUSD,ranging,130,False,-0.0199,2,-199.0,0.0,0.0199,0.0214,2,2.499,1.0,mut-9ac3c3,1784827527.8572602,True,
2026-08-29T19:17:21.817887+00:00,GBPUSD,ranging,130,False,0.0109,3,0.351,0.667,0.01,0.0144,3,0.444,0.667,imm-bcc7e5,1787878050.4386637,True,
2026-08-29T19:17:27.516215+00:00,USDJPY,ranging,130,False,-0.03,5,-0.777,0.2,0.0394,0.0436,3,18.115,1.0,mut-84bada,1784629717.863137,True,
2026-08-29T19:17:32.981832+00:00,AUDUSD,trending_up,131,False,-0.0004,4,-0.01,0.5,0.0199,0.0181,3,0.527,0.667,mut-0c1cb5,1787157299.658837,True,
2026-08-29T19:17:38.688519+00:00,USDCAD,trending_down,131,False,0.001,5,0.016,0.4,0.0199,0.0282,4,0.69,0.75,imm-278f2d,1787534851.7886932,True,
2026-08-29T19:17:44.331145+00:00,USDCHF,ranging,130,False,-0.025,6,-0.457,0.167,0.0297,0.0293,2,44.593,1.0,imm-4fc33a,1784741046.2585468,True,
2026-08-29T19:17:49.979629+00:00,NZDUSD,ranging,131,False,-0.0394,4,-88.999,0.0,0.0394,0.0146,2,0.951,0.5,mut-9ac759,1785321761.60003,True,
2026-08-29T19:17:55.520797+00:00,EURGBP,ranging,130,False,0.0063,3,0.204,0.667,0.01,0.028,3,1.139,0.667,mut-e402c5,1785433132.65746,True,
2026-08-29T19:17:59.641674+00:00,EURJPY,ranging,131,False,-0.0171,5,-0.36,0.2,0.0297,0.0049,2,0.193,0.5,mut-74bdf5,1785122908.0481284,True,
2026-08-29T19:18:03.690203+00:00,GBPJPY,ranging,130,False,0.0077,5,0.134,0.4,0.01,0.0122,5,0.219,0.6,mut-aa51f8,1785811687.2642987,True,
2026-08-29T19:18:09.274036+00:00,XAUUSD,ranging,126,False,-0.0199,2,-199.0,0.0,0.0199,0.024,3,0.794,0.667,mut-6bbcc8,1785727134.4109955,True,
2026-08-29T19:18:14.671417+00:00,USOIL,ranging,126,False,nan,6,nan,0.167,0.025,,,,,,,True,
2026-08-29T19:18:21.401381+00:00,BTCUSD,high_volatility,182,False,0.0,0,,,,0.0607,5,1.893,0.8,mut-785457,1783821498.0682824,True,
2026-08-29T19:18:28.348283+00:00,ETHUSD,high_volatility,182,False,0.0245,6,0.356,0.5,0.01,0.0338,5,0.629,0.6,imm-7ac82e,1784277230.6638775,True,
2026-08-29T19:18:33.208704+00:00,SOLUSD,high_volatility,182,False,-0.0199,2,-199.0,0.0,0.0199,0.0598,7,0.798,0.714,mut-3356b0,1787947265.120216,True,
2026-08-29T19:18:37.708580+00:00,XRPUSD,high_volatility,182,False,-0.0166,5,-0.342,0.2,0.0199,0.0376,5,0.738,0.8,mut-eb4a78,1785174380.1173518,True,
2026-08-29T19:18:59.763396+00:00,BNBUSD,high_volatility,182,False,0.038,5,0.759,0.8,0.01,0.0455,5,0.936,0.8,mut-3c741f,1787878132.7518513,True,
2026-08-29T19:19:04.328915+00:00,ADAUSD,high_volatility,182,False,-0.0141,7,-0.188,0.286,0.0297,0.0435,5,0.874,0.8,mut-a36803,1785235220.1110218,True,
2026-08-29T19:19:08.532049+00:00,SPX,ranging,126,False,0.0,0,,,,0.004,1,0.0,1.0,mut-a5176c,1784861666.493881,True,
2026-08-29T19:19:12.670576+00:00,NASDAQ,ranging,126,False,0.0,0,,,,0.0177,11,0.132,0.455,mut-d84022,1783650806.8484473,True,
2026-08-29T19:19:18.186244+00:00,DJI,ranging,126,False,nan,4,nan,0.25,0.0199,0.017,2,1.3,1.0,mut-28bf02,1784827628.5364316,True,
2026-08-29T19:19:33.852902+00:00,RUT,trending_up,125,False,-0.0205,3,-1.541,0.0,0.0199,0.017,2,1.316,1.0,mut-c12dc0,1786153881.8891637,True,
2026-08-29T19:19:49.193163+00:00,VIX,high_volatility,126,False,0.0,0,,,,0.0641,6,1.152,0.833,imm-48c3d1,1785840241.6769683,True,
2026-08-29T19:19:53.259086+00:00,FTSE,ranging,125,False,-0.0166,3,-0.886,0.333,0.0199,0.0195,2,1.861,1.0,mut-6f3e11,1787676130.4607663,True,
2026-08-29T19:19:58.850189+00:00,DAX,trending_up,126,False,-0.0224,3,-2.132,0.0,0.0199,0.0147,2,0.959,0.5,mut-84869e,1787275743.7066028,True,
2026-08-29T19:20:03.023093+00:00,CAC40,ranging,126,False,-0.0394,5,-1.999,0.0,0.0394,0.0141,2,0.89,0.5,mut-b9b556,1784630003.5888314,True,
2026-08-29T19:20:07.100662+00:00,NIKKEI,high_volatility,122,False,0.0108,3,0.347,0.667,0.01,0.0244,3,0.828,0.667,mut-c1d5a1,1783914987.901319,True,
2026-08-29T19:20:11.141153+00:00,HSI,ranging,122,False,0.0021,3,0.068,0.333,0.01,0.0031,3,0.101,0.333,market-bddb92,1787734210.7850134,True,
2026-08-29T19:20:15.153786+00:00,SENSEX,ranging,121,False,-0.0197,3,-1.371,0.333,0.0199,0.0129,5,0.229,0.6,mut-a20996,1787734216.6266155,True,
2026-08-29T19:20:20.872715+00:00,ASX200,ranging,126,False,-0.0004,6,-0.006,0.333,0.0199,0.0076,5,0.134,0.4,mut-25e90a,1788031219.227762,True,
2026-08-29T19:20:44.077386+00:00,AAPL,ranging,126,False,0.0,0,,,,0.0162,4,0.358,0.5,mut-f12056,1787878202.9898262,True,
2026-08-29T19:20:49.772406+00:00,MSFT,ranging,126,False,nan,3,nan,0.667,0.0,0.0336,6,0.49,0.667,mut-c1d1a2,1785293652.4775221,True,
2026-08-29T19:20:55.625433+00:00,NVDA,ranging,126,False,0.0,0,,,,,,,,,,True,
2026-08-29T19:21:12.104165+00:00,GOOGL,ranging,126,False,nan,5,nan,0.2,0.0199,0.0097,4,0.195,0.5,init-394c9a,1785321891.8670652,True,
2026-08-29T19:21:16.437263+00:00,AMZN,ranging,126,False,0.0,0,,,,,,,,,,True,
2026-08-29T19:21:20.672976+00:00,META,ranging,126,False,nan,4,nan,0.25,0.01,,,,,,,True,
2026-08-29T19:21:26.221588+00:00,TSLA,ranging,126,False,nan,4,nan,0.25,0.01,0.0049,2,0.193,0.5,mut-bd9e3e,1787984442.5891361,True,
2026-08-29T19:21:31.953041+00:00,BRKB,ranging,126,False,nan,4,nan,0.25,0.01,0.0249,4,0.598,0.75,mut-054b83,1787589808.674747,True,
2026-08-29T19:21:36.312962+00:00,LLY,ranging,126,False,0.0,0,,,,,,,,,,True,
2026-08-29T19:21:40.661220+00:00,V,ranging,126,False,0.0,0,,,,,,,,,,True,
2026-08-29T19:21:46.734547+00:00,JPM,ranging,126,False,nan,4,nan,0.25,0.01,0.0142,2,0.899,0.5,mut-639987,1787621245.3613398,True,
2026-08-30T04:26:38.888009+00:00,EURUSD,ranging,130,False,-0.0199,2,-199.0,0.0,0.0199,0.0214,2,2.499,1.0,mut-9ac3c3,1784827527.8572602,True,
2026-08-30T04:26:44.216212+00:00,GBPUSD,ranging,131,False,0.0108,3,0.345,0.667,0.01,0.0144,3,0.444,0.667,imm-bcc7e5,1787878050.4386637,True,
2026-08-30T04:26:48.137653+00:00,USDJPY,ranging,130,False,-0.03,5,-0.777,0.2,0.0394,0.0436,3,18.115,1.0,mut-84bada,1784629717.863137,True,
2026-08-30T04:26:53.483400+00:00,AUDUSD,trending_up,131,False,-0.0004,4,-0.01,0.5,0.0199,0.0181,3,0.527,0.667,mut-0c1cb5,1787157299.658837,True,
2026-08-30T04:26:59.018451+00:00,USDCAD,trending_down,131,False,0.001,5,0.016,0.4,0.0199,0.0282,4,0.69,0.75,imm-278f2d,1787534851.7886932,True,
2026-08-30T04:27:02.971330+00:00,USDCHF,ranging,130,False,-0.0297,3,-121.863,0.0,0.0297,0.0293,2,44.593,1.0,imm-4fc33a,1784741046.2585468,True,
2026-08-30T04:27:08.398640+00:00,NZDUSD,ranging,131,False,-0.0297,3,-121.863,0.0,0.0297,0.0146,2,0.951,0.5,mut-9ac759,1785321761.60003,True,
2026-08-30T04:27:12.371108+00:00,EURGBP,ranging,130,False,-0.0028,4,-0.068,0.5,0.0199,0.028,3,1.139,0.667,mut-e402c5,1785433132.65746,True,
2026-08-30T04:27:17.778464+00:00,EURJPY,ranging,131,False,-0.0171,5,-0.36,0.2,0.0297,0.0049,2,0.193,0.5,mut-74bdf5,1785122908.0481284,True,
2026-08-30T04:27:23.317785+00:00,GBPJPY,ranging,130,False,0.0084,5,0.147,0.4,0.01,0.0122,5,0.219,0.6,mut-aa51f8,1785811687.2642987,True,
2026-08-30T04:27:28.673464+00:00,XAUUSD,high_volatility,126,False,0.0143,4,0.312,0.5,0.01,0.0234,2,3.571,1.0,mut-a06ddc,1787387636.1183329,True,
2026-08-30T04:27:34.108847+00:00,USOIL,high_volatility,126,False,-0.035,5,-1.233,0.2,0.0394,0.0203,2,2.087,1.0,mut-44fc90,1783821407.0754356,True,
2026-08-30T04:27:40.899816+00:00,BTCUSD,high_volatility,182,False,0.0,0,,,,0.0607,5,1.893,0.8,mut-785457,1783821498.0682824,True,
2026-08-30T04:27:45.384523+00:00,ETHUSD,high_volatility,182,False,0.0,0,,,,0.0338,5,0.629,0.6,imm-7ac82e,1784277230.6638775,True,
2026-08-30T04:27:50.010108+00:00,SOLUSD,high_volatility,182,False,-0.0199,2,-199.0,0.0,0.0199,0.0598,7,0.798,0.714,mut-3356b0,1787947265.120216,True,
2026-08-30T04:27:54.471560+00:00,XRPUSD,high_volatility,182,False,-0.025,5,-0.504,0.2,0.0297,0.0376,5,0.738,0.8,mut-eb4a78,1785174380.1173518,True,
2026-08-30T04:27:58.896384+00:00,BNBUSD,high_volatility,182,False,0.0378,5,0.754,0.8,0.01,0.0455,5,0.936,0.8,mut-3c741f,1787878132.7518513,True,
2026-08-30T04:28:03.351809+00:00,ADAUSD,high_volatility,182,False,0.0051,10,0.044,0.4,0.0297,0.0435,5,0.874,0.8,mut-a36803,1785235220.1110218,True,
2026-08-30T04:28:09.136308+00:00,SPX,trending_up,126,False,0.0,0,,,,0.0199,3,0.559,0.667,mut-8ec06d,1785926421.560454,True,
2026-08-30T04:28:13.266280+00:00,NASDAQ,trending_up,126,False,0.0,0,,,,0.0009,5,0.014,0.4,mut-3edb04,1783887496.2965565,True,
2026-08-30T04:28:18.622040+00:00,DJI,ranging,126,False,0.0,0,,,,0.017,2,1.3,1.0,mut-28bf02,1784827628.5364316,True,
2026-08-30T04:28:24.393217+00:00,RUT,ranging,126,False,-0.0253,3,-3.956,0.0,0.0199,0.0187,2,1.663,1.0,mut-71c912,1784688870.3744597,True,
2026-08-30T04:28:29.820861+00:00,VIX,high_volatility,127,False,-0.0045,1,0.0,0.0,0.0,0.0641,6,1.152,0.833,imm-48c3d1,1785840241.6769683,True,
2026-08-30T04:28:35.727660+00:00,FTSE,ranging,126,False,-0.0091,2,-0.836,0.5,0.01,0.0195,2,1.861,1.0,mut-6f3e11,1787676130.4607663,True,
2026-08-30T04:28:39.750318+00:00,DAX,trending_up,127,False,0.0,0,,,,0.0147,2,0.959,0.5,mut-84869e,1787275743.7066028,True,
2026-08-30T04:28:45.240581+00:00,CAC40,ranging,127,False,-0.0177,6,-0.295,0.333,0.0297,0.0141,2,0.89,0.5,mut-b9b556,1784630003.5888314,True,
2026-08-30T04:28:50.604330+00:00,NIKKEI,high_volatility,123,False,-0.0032,4,-0.076,0.5,0.0199,0.0244,3,0.828,0.667,mut-c1d5a1,1783914987.901319,True,
2026-08-30T04:28:54.545909+00:00,HSI,ranging,123,False,0.0024,3,0.075,0.333,0.01,0.0031,3,0.101,0.333,market-bddb92,1787734210.7850134,True,
2026-08-30T04:28:58.457965+00:00,SENSEX,ranging,122,False,0.0031,1,0.0,1.0,0.0,0.0129,5,0.229,0.6,mut-a20996,1787734216.6266155,True,
2026-08-30T04:29:03.892493+00:00,ASX200,ranging,127,False,-0.0369,5,-1.499,0.2,0.0394,0.0076,5,0.134,0.4,mut-25e90a,1788031219.227762,True,
2026-08-30T04:29:09.563329+00:00,AAPL,ranging,126,False,0.0,0,,,,0.0162,4,0.358,0.5,mut-f12056,1787878202.9898262,True,
2026-08-30T04:29:15.132282+00:00,MSFT,high_volatility,126,False,0.0386,3,4.074,1.0,0.0,0.0386,3,4.074,1.0,mut-630ff9,1787947348.1559956,True,
2026-08-30T04:29:19.241262+00:00,NVDA,high_volatility,126,False,0.0,0,,,,0.0225,2,3.025,1.0,mut-78d460,1785433250.8173203,True,
2026-08-30T04:29:23.454975+00:00,GOOGL,high_volatility,126,False,0.0,0,,,,0.0229,2,3.208,1.0,mut-bf5889,1784776571.9995205,True,
2026-08-30T04:29:27.694496+00:00,AMZN,high_volatility,126,False,0.0,0,,,,0.025,2,5.016,1.0,imm-5ecbb6,1784948103.51404,True,
2026-08-30T04:29:31.852755+00:00,META,high_volatility,126,False,-0.005,4,-0.123,0.5,0.01,0.0199,3,0.559,0.667,mut-ceb411,1785926501.1619763,True,
2026-08-30T04:29:37.347245+00:00,TSLA,high_volatility,126,False,0.0,0,,,,0.0236,4,0.569,0.75,mut-842635,1783887921.345828,True,
2026-08-30T04:29:42.623700+00:00,BRKB,ranging,126,False,0.0021,3,0.065,0.333,0.01,0.0249,4,0.598,0.75,mut-054b83,1787589808.674747,True,
2026-08-30T04:29:46.717172+00:00,LLY,high_volatility,126,False,-0.0412,5,-2.538,0.0,0.0394,0.0385,5,0.756,0.8,mut-5648c7,1784363164.0287595,True,
2026-08-30T04:29:51.027808+00:00,V,high_volatility,126,False,0.0,0,,,,0.0266,6,0.391,0.667,imm-f3328c,1784191593.433811,True,
2026-08-30T04:29:56.760133+00:00,JPM,trending_up,126,False,0.0,0,,,,0.0398,3,5.096,1.0,mut-44cc85,1784776603.1924407,True,
2026-08-30T13:39:50.195156+00:00,EURUSD,ranging,130,False,-0.0199,2,-199.0,0.0,0.0199,0.0214,2,2.499,1.0,mut-9ac3c3,1784827527.8572602,True,
2026-08-30T13:39:55.696911+00:00,GBPUSD,ranging,131,False,0.0108,3,0.345,0.667,0.01,0.0144,3,0.444,0.667,imm-bcc7e5,1787878050.4386637,True,
2026-08-30T13:40:19.976304+00:00,USDJPY,ranging,130,False,0.0196,5,0.339,0.6,0.01,0.0436,3,18.115,1.0,mut-84bada,1784629717.863137,True,
2026-08-30T13:40:32.968311+00:00,AUDUSD,trending_up,131,False,-0.0004,4,-0.01,0.5,0.0199,0.0181,3,0.527,0.667,mut-0c1cb5,1787157299.658837,True,
2026-08-30T13:40:42.827070+00:00,USDCAD,trending_down,131,False,0.0197,4,0.463,0.5,0.01,0.0282,4,0.69,0.75,imm-278f2d,1787534851.7886932,True,
2026-08-30T13:40:52.542579+00:00,USDCHF,ranging,130,False,-0.0199,3,-1.414,0.0,0.0199,0.0293,2,44.593,1.0,imm-4fc33a,1784741046.2585468,True,
2026-08-30T13:41:02.364983+00:00,NZDUSD,ranging,131,False,-0.0263,4,-1.138,0.25,0.0297,0.0146,2,0.951,0.5,mut-9ac759,1785321761.60003,True,
2026-08-30T13:41:12.152895+00:00,EURGBP,ranging,130,False,0.0078,3,0.253,0.667,0.01,0.028,3,1.139,0.667,mut-e402c5,1785433132.65746,True,
2026-08-30T13:41:16.094412+00:00,EURJPY,ranging,131,False,-0.0173,5,-0.363,0.2,0.0297,0.0049,2,0.193,0.5,mut-74bdf5,1785122908.0481284,True,
2026-08-30T13:41:25.828189+00:00,GBPJPY,ranging,130,False,0.0017,6,0.025,0.5,0.0199,0.0228,6,0.326,0.5,mut-e7f8f6,1788097279.9541082,True,
2026-08-30T13:41:37.773633+00:00,XAUUSD,high_volatility,126,False,0.0143,4,0.312,0.5,0.01,0.0234,2,3.571,1.0,mut-a06ddc,1787387636.1183329,True,
2026-08-30T13:41:47.543106+00:00,USOIL,high_volatility,126,False,-0.0074,5,-0.14,0.4,0.0297,0.0203,2,2.087,1.0,mut-44fc90,1783821407.0754356,True,
2026-08-30T13:42:02.815455+00:00,BTCUSD,high_volatility,183,False,0.0,0,,,,0.0607,5,1.893,0.8,mut-785457,1783821498.0682824,True,
2026-08-30T13:42:07.500471+00:00,ETHUSD,high_volatility,183,False,0.0252,6,0.367,0.667,0.01,0.0338,5,0.629,0.6,imm-7ac82e,1784277230.6638775,True,
2026-08-30T13:42:12.192691+00:00,SOLUSD,high_volatility,183,False,0.0,0,,,,0.0598,7,0.798,0.714,mut-3356b0,1787947265.120216,True,
2026-08-30T13:42:16.868274+00:00,XRPUSD,high_volatility,183,False,-0.025,5,-0.504,0.2,0.0297,0.0376,5,0.738,0.8,mut-eb4a78,1785174380.1173518,True,
2026-08-30T13:42:30.138098+00:00,BNBUSD,high_volatility,183,False,0.0391,5,0.789,0.8,0.01,0.0455,5,0.936,0.8,mut-3c741f,1787878132.7518513,True,
2026-08-30T13:42:34.647005+00:00,ADAUSD,high_volatility,183,False,-0.0136,7,-0.181,0.286,0.0297,0.0435,5,0.874,0.8,mut-a36803,1785235220.1110218,True,
2026-08-30T13:42:38.689056+00:00,SPX,trending_up,126,False,0.0,0,,,,0.0199,3,0.559,0.667,mut-8ec06d,1785926421.560454,True,
2026-08-30T13:42:42.829436+00:00,NASDAQ,trending_up,126,False,0.0,0,,,,0.0009,5,0.014,0.4,mut-3edb04,1783887496.2965565,True,
2026-08-30T13:42:52.726571+00:00,DJI,ranging,126,False,0.0,0,,,,0.017,2,1.3,1.0,mut-28bf02,1784827628.5364316,True,
2026-08-30T13:42:56.862436+00:00,RUT,ranging,126,False,-0.0253,3,-3.956,0.0,0.0199,0.0187,2,1.663,1.0,mut-71c912,1784688870.3744597,True,
2026-08-30T13:43:10.818414+00:00,VIX,high_volatility,127,False,-0.0045,1,0.0,0.0,0.0,0.0641,6,1.152,0.833,imm-48c3d1,1785840241.6769683,True,
2026-08-30T13:43:21.681342+00:00,FTSE,ranging,126,False,0.0168,2,1.279,1.0,0.0,0.0195,2,1.861,1.0,mut-6f3e11,1787676130.4607663,True,
2026-08-30T13:43:25.779354+00:00,DAX,trending_up,127,False,0.0,0,,,,0.0147,2,0.959,0.5,mut-84869e,1787275743.7066028,True,
2026-08-30T13:43:29.913241+00:00,CAC40,ranging,127,False,-0.0297,4,-1.732,0.0,0.0297,0.0141,2,0.89,0.5,mut-b9b556,1784630003.5888314,True,
2026-08-30T13:43:39.753850+00:00,NIKKEI,high_volatility,123,False,-0.0057,4,-0.14,0.25,0.0199,0.0244,3,0.828,0.667,mut-c1d5a1,1783914987.901319,True,
2026-08-30T13:43:43.674303+00:00,HSI,ranging,123,False,0.0024,3,0.075,0.333,0.01,0.0031,3,0.101,0.333,market-bddb92,1787734210.7850134,True,
2026-08-30T13:43:53.344447+00:00,SENSEX,ranging,122,False,0.0,0,,,,0.0202,4,0.469,0.75,mut-e837e1,1788097427.5166914,True,
2026-08-30T13:44:03.167713+00:00,ASX200,ranging,127,False,-0.0209,6,-0.362,0.333,0.025,0.0076,5,0.134,0.4,mut-25e90a,1788031219.227762,True,
2026-08-30T13:44:13.051729+00:00,AAPL,ranging,126,False,0.0,0,,,,0.0162,4,0.358,0.5,mut-f12056,1787878202.9898262,True,
2026-08-30T13:44:23.001743+00:00,MSFT,high_volatility,126,False,0.0386,3,4.074,1.0,0.0,0.0386,3,4.074,1.0,mut-630ff9,1787947348.1559956,True,
2026-08-30T13:44:27.432202+00:00,NVDA,high_volatility,126,False,0.0,0,,,,0.0225,2,3.025,1.0,mut-78d460,1785433250.8173203,True,
2026-08-30T13:44:31.693037+00:00,GOOGL,high_volatility,126,False,0.0,0,,,,0.0229,2,3.208,1.0,mut-bf5889,1784776571.9995205,True,
2026-08-30T13:44:36.062925+00:00,AMZN,high_volatility,126,False,0.0,0,,,,0.025,2,5.016,1.0,imm-5ecbb6,1784948103.51404,True,
2026-08-30T13:44:46.029658+00:00,META,high_volatility,126,False,0.0149,5,0.263,0.6,0.01,0.0199,3,0.559,0.667,mut-ceb411,1785926501.1619763,True,
2026-08-30T13:45:00.143618+00:00,TSLA,high_volatility,126,False,-0.0116,4,-0.28,0.25,0.01,0.0236,4,0.569,0.75,mut-842635,1783887921.345828,True,
2026-08-30T13:45:12.971853+00:00,BRKB,ranging,126,False,-0.008,4,-0.196,0.25,0.01,0.0249,4,0.598,0.75,mut-054b83,1787589808.674747,True,
2026-08-30T13:45:24.122816+00:00,LLY,high_volatility,126,False,-0.0412,5,-2.538,0.0,0.0394,0.0385,5,0.756,0.8,mut-5648c7,1784363164.0287595,True,
2026-08-30T13:45:34.371422+00:00,V,high_volatility,126,False,0.0,0,,,,0.0266,6,0.391,0.667,imm-f3328c,1784191593.433811,True,
2026-08-30T13:45:44.671046+00:00,JPM,trending_up,126,False,-0.0107,4,-0.26,0.25,0.01,0.0398,3,5.096,1.0,mut-44cc85,1784776603.1924407,True,
2026-08-30T19:09:00.874134+00:00,EURUSD,ranging,130,False,-0.0199,2,-199.0,0.0,0.0199,0.0214,2,2.499,1.0,mut-9ac3c3,1784827527.8572602,True,
2026-08-30T19:09:06.464738+00:00,GBPUSD,ranging,131,False,0.0108,3,0.345,0.667,0.01,0.0144,3,0.444,0.667,imm-bcc7e5,1787878050.4386637,True,
2026-08-30T19:09:11.922823+00:00,USDJPY,ranging,130,False,-0.03,5,-0.777,0.2,0.0394,0.0436,3,18.115,1.0,mut-84bada,1784629717.863137,True,
2026-08-30T19:09:17.282610+00:00,AUDUSD,trending_up,131,False,-0.0006,4,-0.014,0.5,0.0199,0.0181,3,0.527,0.667,mut-0c1cb5,1787157299.658837,True,
2026-08-30T19:09:22.798940+00:00,USDCAD,trending_down,131,False,0.0198,4,0.465,0.5,0.01,0.0282,4,0.69,0.75,imm-278f2d,1787534851.7886932,True,
2026-08-30T19:09:28.202036+00:00,USDCHF,ranging,130,False,-0.0394,5,-1.999,0.0,0.0394,0.0293,2,44.593,1.0,imm-4fc33a,1784741046.2585468,True,
2026-08-30T19:09:32.223774+00:00,NZDUSD,ranging,131,False,-0.0297,3,-121.863,0.0,0.0297,0.0146,2,0.951,0.5,mut-9ac759,1785321761.60003,True,
2026-08-30T19:09:36.196087+00:00,EURGBP,ranging,130,False,0.0078,3,0.253,0.667,0.01,0.028,3,1.139,0.667,mut-e402c5,1785433132.65746,True,
2026-08-30T19:09:40.241337+00:00,EURJPY,ranging,131,False,-0.0171,5,-0.36,0.2,0.0297,0.0049,2,0.193,0.5,mut-74bdf5,1785122908.0481284,True,
2026-08-30T19:09:45.790817+00:00,GBPJPY,ranging,131,False,0.0014,6,0.021,0.5,0.0199,0.0228,6,0.326,0.5,mut-e7f8f6,1788097279.9541082,True,
2026-08-30T19:09:49.802862+00:00,XAUUSD,high_volatility,126,False,-0.01,2,-1.0,0.0,0.01,0.0234,2,3.571,1.0,mut-a06ddc,1787387636.1183329,True,
2026-08-30T19:09:55.386656+00:00,USOIL,high_volatility,126,False,-0.035,5,-1.233,0.2,0.0394,0.0203,2,2.087,1.0,mut-44fc90,1783821407.0754356,True,
2026-08-30T19:10:02.503813+00:00,BTCUSD,high_volatility,183,False,0.0,0,,,,0.0607,5,1.893,0.8,mut-785457,1783821498.0682824,True,
2026-08-30T19:10:26.772655+00:00,ETHUSD,high_volatility,183,False,0.0,0,,,,0.0338,5,0.629,0.6,imm-7ac82e,1784277230.6638775,True,
2026-08-30T19:10:31.600723+00:00,SOLUSD,high_volatility,183,False,-0.0199,2,-199.0,0.0,0.0199,0.0598,7,0.798,0.714,mut-3356b0,1787947265.120216,True,
2026-08-30T19:10:36.146790+00:00,XRPUSD,high_volatility,183,False,-0.0088,4,-0.217,0.25,0.01,0.0376,5,0.738,0.8,mut-eb4a78,1785174380.1173518,True,
2026-08-30T19:10:40.736504+00:00,BNBUSD,high_volatility,183,False,0.0406,5,0.829,0.8,0.01,0.0455,5,0.936,0.8,mut-3c741f,1787878132.7518513,True,
2026-08-30T19:10:45.722870+00:00,ADAUSD,high_volatility,183,False,0.0065,10,0.055,0.4,0.0297,0.0435,5,0.874,0.8,mut-a36803,1785235220.1110218,True,
2026-08-30T19:10:51.425547+00:00,SPX,trending_up,126,False,0.0,0,,,,0.0199,3,0.559,0.667,mut-8ec06d,1785926421.560454,True,
2026-08-30T19:10:57.321095+00:00,NASDAQ,trending_up,126,False,0.0,0,,,,0.0009,5,0.014,0.4,mut-3edb04,1783887496.2965565,True,
2026-08-30T19:11:02.731402+00:00,DJI,ranging,126,False,-0.0053,4,-0.13,0.25,0.0199,0.017,2,1.3,1.0,mut-28bf02,1784827628.5364316,True,
2026-08-30T19:11:18.020342+00:00,RUT,ranging,126,False,-0.0253,3,-3.956,0.0,0.0199,0.0187,2,1.663,1.0,mut-71c912,1784688870.3744597,True,
2026-08-30T19:11:23.733111+00:00,VIX,high_volatility,127,False,0.0,0,,,,0.0641,6,1.152,0.833,imm-48c3d1,1785840241.6769683,True,
2026-08-30T19:11:29.118518+00:00,FTSE,ranging,126,False,0.0168,2,1.279,1.0,0.0,0.0195,2,1.861,1.0,mut-6f3e11,1787676130.4607663,True,
2026-08-30T19:11:33.142674+00:00,DAX,trending_up,127,False,0.0,0,,,,0.0147,2,0.959,0.5,mut-84869e,1787275743.7066028,True,
2026-08-30T19:11:38.694196+00:00,CAC40,ranging,127,False,-0.0104,6,-0.147,0.333,0.0199,0.0141,2,0.89,0.5,mut-b9b556,1784630003.5888314,True,
2026-08-30T19:11:44.204940+00:00,NIKKEI,high_volatility,123,False,-0.0072,4,-0.176,0.25,0.0199,0.0244,3,0.828,0.667,mut-c1d5a1,1783914987.901319,True,
2026-08-30T19:11:48.195503+00:00,HSI,ranging,123,False,0.0024,3,0.075,0.333,0.01,0.0031,3,0.101,0.333,market-bddb92,1787734210.7850134,True,
2026-08-30T19:11:53.503604+00:00,SENSEX,ranging,122,False,0.0031,1,0.0,1.0,0.0,0.0202,4,0.469,0.75,mut-e837e1,1788097427.5166914,True,
2026-08-30T19:11:57.515237+00:00,ASX200,ranging,127,False,-0.014,5,-0.288,0.4,0.0199,0.0076,5,0.134,0.4,mut-25e90a,1788031219.227762,True,
2026-08-30T19:12:03.037832+00:00,AAPL,ranging,126,False,-0.0007,4,-0.016,0.5,0.01,0.0162,4,0.358,0.5,mut-f12056,1787878202.9898262,True,
2026-08-30T19:12:25.031103+00:00,MSFT,high_volatility,126,False,0.0386,3,4.074,1.0,0.0,0.0386,3,4.074,1.0,mut-630ff9,1787947348.1559956,True,
2026-08-30T19:12:29.250024+00:00,NVDA,high_volatility,126,False,0.0,0,,,,0.0225,2,3.025,1.0,mut-78d460,1785433250.8173203,True,
2026-08-30T19:12:35.301849+00:00,GOOGL,high_volatility,126,False,-0.0162,5,-0.337,0.2,0.0199,0.0229,2,3.208,1.0,mut-bf5889,1784776571.9995205,True,
2026-08-30T19:12:39.527330+00:00,AMZN,high_volatility,126,False,0.0,0,,,,0.025,2,5.016,1.0,imm-5ecbb6,1784948103.51404,True,
2026-08-30T19:12:43.686156+00:00,META,high_volatility,126,False,0.0,0,,,,0.0199,3,0.559,0.667,mut-ceb411,1785926501.1619763,True,
2026-08-30T19:12:49.240944+00:00,TSLA,high_volatility,126,False,-0.0016,3,-0.048,0.333,0.01,0.0236,4,0.569,0.75,mut-842635,1783887921.345828,True,
2026-08-30T19:12:53.268168+00:00,BRKB,ranging,126,False,-0.008,4,-0.196,0.25,0.01,0.0249,4,0.598,0.75,mut-054b83,1787589808.674747,True,
2026-08-30T19:12:58.943758+00:00,LLY,high_volatility,126,False,-0.0412,5,-2.538,0.0,0.0394,0.0385,5,0.756,0.8,mut-5648c7,1784363164.0287595,True,
2026-08-30T19:13:04.878704+00:00,V,high_volatility,126,False,0.0,0,,,,0.0266,6,0.391,0.667,imm-f3328c,1784191593.433811,True,
2026-08-30T19:13:10.990828+00:00,JPM,trending_up,126,False,-0.0107,4,-0.26,0.25,0.01,0.0398,3,5.096,1.0,mut-44cc85,1784776603.1924407,True,
2026-08-31T04:31:15.261571+00:00,EURUSD,ranging,131,False,-0.0199,2,-199.0,0.0,0.0199,0.0214,2,2.499,1.0,mut-9ac3c3,1784827527.8572602,True,
2026-08-31T04:31:20.710186+00:00,GBPUSD,ranging,131,False,0.0113,3,0.36,0.667,0.01,0.0144,3,0.444,0.667,imm-bcc7e5,1787878050.4386637,True,
2026-08-31T04:31:24.654298+00:00,USDJPY,ranging,131,False,-0.0111,2,-1.254,0.0,0.01,0.0436,3,18.115,1.0,mut-84bada,1784629717.863137,True,
2026-08-31T04:31:30.097120+00:00,AUDUSD,trending_up,131,False,-0.0001,4,-0.002,0.5,0.0199,0.0181,3,0.527,0.667,mut-0c1cb5,1787157299.658837,True,
2026-08-31T04:31:37.042795+00:00,USDCAD,trending_down,131,False,0.0205,4,0.487,0.75,0.01,0.0282,4,0.69,0.75,imm-278f2d,1787534851.7886932,True,
2026-08-31T04:31:45.132311+00:00,USDCHF,ranging,131,False,-0.0199,2,-199.0,0.0,0.0199,0.0293,2,44.593,1.0,imm-4fc33a,1784741046.2585468,True,
2026-08-31T04:31:49.056317+00:00,NZDUSD,ranging,131,False,-0.0297,3,-121.863,0.0,0.0297,0.0146,2,0.951,0.5,mut-9ac759,1785321761.60003,True,
2026-08-31T04:31:52.914836+00:00,EURGBP,ranging,131,False,0.0047,3,0.151,0.333,0.01,0.028,3,1.139,0.667,mut-e402c5,1785433132.65746,True,
2026-08-31T04:31:56.796076+00:00,EURJPY,ranging,131,False,0.0,0,,,,0.0049,2,0.193,0.5,mut-74bdf5,1785122908.0481284,True,
2026-08-31T04:32:03.730628+00:00,GBPJPY,ranging,131,False,0.0014,6,0.021,0.5,0.0199,0.023,6,0.33,0.5,mut-253561,1788150720.5883157,True,
2026-08-31T04:32:09.181239+00:00,XAUUSD,high_volatility,127,False,-0.0192,3,-1.282,0.333,0.0199,0.0234,2,3.571,1.0,mut-a06ddc,1787387636.1183329,True,
2026-08-31T04:32:14.464978+00:00,USOIL,high_volatility,127,False,0.0,0,,,,0.0203,2,2.087,1.0,mut-44fc90,1783821407.0754356,True,
2026-08-31T04:32:20.998755+00:00,BTCUSD,high_volatility,183,False,0.0,0,,,,0.0607,5,1.893,0.8,mut-785457,1783821498.0682824,True,
2026-08-31T04:32:27.422115+00:00,ETHUSD,high_volatility,183,False,0.0221,6,0.315,0.5,0.01,0.0338,5,0.629,0.6,imm-7ac82e,1784277230.6638775,True,
2026-08-31T04:32:31.847222+00:00,SOLUSD,high_volatility,183,False,-0.0199,3,-1.414,0.0,0.0199,0.0598,7,0.798,0.714,mut-3356b0,1787947265.120216,True,
2026-08-31T04:32:38.016250+00:00,XRPUSD,high_volatility,183,False,-0.0133,4,-0.316,0.25,0.01,0.0376,5,0.738,0.8,mut-eb4a78,1785174380.1173518,True,
2026-08-31T04:32:44.496745+00:00,BNBUSD,high_volatility,183,False,0.0337,5,0.64,0.6,0.01,0.0455,5,0.936,0.8,mut-3c741f,1787878132.7518513,True,
2026-08-31T04:32:48.989054+00:00,ADAUSD,high_volatility,183,False,-0.0237,4,-0.861,0.25,0.0297,0.0435,5,0.874,0.8,mut-a36803,1785235220.1110218,True,
2026-08-31T04:32:53.043016+00:00,SPX,trending_up,126,False,0.0,0,,,,0.0199,3,0.559,0.667,mut-8ec06d,1785926421.560454,True,
2026-08-31T04:32:57.125673+00:00,NASDAQ,trending_up,126,False,0.0,0,,,,0.0009,5,0.014,0.4,mut-3edb04,1783887496.2965565,True,
2026-08-31T04:33:02.543327+00:00,DJI,ranging,126,False,0.0134,3,0.419,0.667,0.01,0.017,2,1.3,1.0,mut-28bf02,1784827628.5364316,True,
2026-08-31T04:33:06.605050+00:00,RUT,ranging,126,False,-0.0253,3,-3.956,0.0,0.0199,0.0187,2,1.663,1.0,mut-71c912,1784688870.3744597,True,
2026-08-31T04:33:11.955065+00:00,VIX,high_volatility,127,False,0.0045,1,0.0,1.0,0.0,0.0641,6,1.152,0.833,imm-48c3d1,1785840241.6769683,True,
2026-08-31T04:33:17.558334+00:00,FTSE,ranging,126,False,0.0168,2,1.279,1.0,0.0,0.0195,2,1.861,1.0,mut-6f3e11,1787676130.4607663,True,
2026-08-31T04:33:21.573590+00:00,DAX,trending_up,127,False,0.0,0,,,,0.0147,2,0.959,0.5,mut-84869e,1787275743.7066028,True,
2026-08-31T04:33:25.561158+00:00,CAC40,ranging,127,False,-0.0175,7,-0.227,0.286,0.0199,0.0141,2,0.89,0.5,mut-b9b556,1784630003.5888314,True,
2026-08-31T04:33:31.084245+00:00,NIKKEI,high_volatility,124,False,0.0119,3,0.377,0.667,0.01,0.0244,3,0.828,0.667,mut-c1d5a1,1783914987.901319,True,
2026-08-31T04:33:36.494232+00:00,HSI,ranging,124,False,0.0003,3,0.01,0.333,0.01,0.0031,3,0.101,0.333,market-bddb92,1787734210.7850134,True,
2026-08-31T04:33:40.368169+00:00,SENSEX,ranging,123,False,0.0054,1,0.0,1.0,0.0,0.0202,4,0.469,0.75,mut-e837e1,1788097427.5166914,True,
2026-08-31T04:33:44.323837+00:00,ASX200,ranging,128,False,-0.0255,6,-0.469,0.167,0.0297,0.0076,5,0.134,0.4,mut-25e90a,1788031219.227762,True,
2026-08-31T04:33:49.881502+00:00,AAPL,ranging,126,False,0.0016,4,0.037,0.5,0.01,0.0162,4,0.358,0.5,mut-f12056,1787878202.9898262,True,
2026-08-31T04:33:53.908496+00:00,MSFT,high_volatility,126,False,0.0386,3,4.074,1.0,0.0,0.0386,3,4.074,1.0,mut-630ff9,1787947348.1559956,True,
2026-08-31T04:33:59.369716+00:00,NVDA,high_volatility,126,False,0.0,0,,,,0.0225,2,3.025,1.0,mut-78d460,1785433250.8173203,True,
2026-08-31T04:34:05.066109+00:00,GOOGL,high_volatility,126,False,0.0,0,,,,0.0229,2,3.208,1.0,mut-bf5889,1784776571.9995205,True,
2026-08-31T04:34:09.005676+00:00,AMZN,high_volatility,126,False,-0.0006,3,-0.018,0.333,0.01,0.025,2,5.016,1.0,imm-5ecbb6,1784948103.51404,True,
2026-08-31T04:34:14.483259+00:00,META,high_volatility,126,False,0.0149,5,0.263,0.6,0.01,0.0199,3,0.559,0.667,mut-ceb411,1785926501.1619763,True,
2026-08-31T04:34:20.849712+00:00,TSLA,high_volatility,126,False,-0.0116,4,-0.28,0.25,0.01,0.0236,4,0.569,0.75,mut-842635,1783887921.345828,True,
2026-08-31T04:34:26.288131+00:00,BRKB,ranging,126,False,0.0,0,,,,0.0249,4,0.598,0.75,mut-054b83,1787589808.674747,True,
2026-08-31T04:34:46.356660+00:00,LLY,high_volatility,126,False,-0.0412,5,-2.538,0.0,0.0394,0.0385,5,0.756,0.8,mut-5648c7,1784363164.0287595,True,
2026-08-31T04:34:50.495092+00:00,V,high_volatility,126,False,0.0,0,,,,0.0266,6,0.391,0.667,imm-f3328c,1784191593.433811,True,
2026-08-31T04:34:54.633866+00:00,JPM,trending_up,126,False,-0.0107,4,-0.26,0.25,0.01,0.0398,3,5.096,1.0,mut-44cc85,1784776603.1924407,True,
2026-08-31T15:58:19.951089+00:00,EURUSD,ranging,131,False,-0.0199,2,-199.0,0.0,0.0199,0.0214,2,2.499,1.0,mut-9ac3c3,1784827527.8572602,True,
2026-08-31T15:58:41.830660+00:00,GBPUSD,ranging,131,False,0.0,0,,,,0.0144,3,0.444,0.667,imm-bcc7e5,1787878050.4386637,True,
2026-08-31T15:58:45.647049+00:00,USDJPY,ranging,131,False,0.0,0,,,,0.0436,3,18.115,1.0,mut-84bada,1784629717.863137,True,
2026-08-31T15:58:58.325291+00:00,AUDUSD,trending_up,131,False,0.0,4,0.001,0.5,0.0199,0.0181,3,0.527,0.667,mut-0c1cb5,1787157299.658837,True,
2026-08-31T15:59:09.070749+00:00,USDCAD,trending_down,131,False,0.0,0,,,,0.0282,4,0.69,0.75,imm-278f2d,1787534851.7886932,True,
2026-08-31T15:59:18.696117+00:00,USDCHF,ranging,131,False,-0.0151,5,-0.313,0.2,0.0199,0.0293,2,44.593,1.0,imm-4fc33a,1784741046.2585468,True,
2026-08-31T15:59:29.368499+00:00,NZDUSD,ranging,131,False,-0.0297,3,-121.863,0.0,0.0297,0.0146,2,0.951,0.5,mut-9ac759,1785321761.60003,True,
2026-08-31T15:59:38.788741+00:00,EURGBP,ranging,131,False,0.0029,3,0.094,0.333,0.01,0.028,3,1.139,0.667,mut-e402c5,1785433132.65746,True,
2026-08-31T15:59:42.993716+00:00,EURJPY,ranging,131,False,0.0,0,,,,0.0049,2,0.193,0.5,mut-74bdf5,1785122908.0481284,True,
2026-08-31T15:59:57.246360+00:00,GBPJPY,ranging,131,False,-0.0329,4,-2.843,0.0,0.0297,0.023,6,0.33,0.5,mut-253561,1788150720.5883157,True,
2026-08-31T16:00:06.840471+00:00,XAUUSD,high_volatility,127,False,-0.0049,4,-0.121,0.5,0.01,0.0234,2,3.571,1.0,mut-a06ddc,1787387636.1183329,True,
2026-08-31T16:00:16.459421+00:00,USOIL,high_volatility,127,False,-0.0134,2,-2.046,0.0,0.01,0.0203,2,2.087,1.0,mut-44fc90,1783821407.0754356,True,
2026-08-31T16:00:32.356943+00:00,BTCUSD,high_volatility,183,False,0.0,0,,,,0.0607,5,1.893,0.8,mut-785457,1783821498.0682824,True,
2026-08-31T16:00:57.030552+00:00,ETHUSD,high_volatility,183,False,0.0,0,,,,0.0338,5,0.629,0.6,imm-7ac82e,1784277230.6638775,True,
2026-08-31T16:01:09.796048+00:00,SOLUSD,high_volatility,183,False,-0.0199,2,-199.0,0.0,0.0199,0.0598,7,0.798,0.714,mut-3356b0,1787947265.120216,True,
2026-08-31T16:01:23.186112+00:00,XRPUSD,high_volatility,183,False,-0.0199,2,-199.0,0.0,0.0199,0.0376,5,0.738,0.8,mut-eb4a78,1785174380.1173518,True,
2026-08-31T16:01:33.789953+00:00,BNBUSD,high_volatility,183,False,0.0361,5,0.707,0.8,0.01,0.0455,5,0.936,0.8,mut-3c741f,1787878132.7518513,True,
2026-08-31T16:01:38.173853+00:00,ADAUSD,high_volatility,183,False,-0.0155,9,-0.15,0.333,0.049,0.0435,5,0.874,0.8,mut-a36803,1785235220.1110218,True,
2026-08-31T16:01:42.195427+00:00,SPX,ranging,127,False,0.0,0,,,,0.004,1,0.0,1.0,mut-a5176c,1784861666.493881,True,
2026-08-31T16:01:46.277296+00:00,NASDAQ,ranging,127,False,0.0,0,,,,0.0177,11,0.132,0.455,mut-d84022,1783650806.8484473,True,
2026-08-31T16:01:55.915185+00:00,DJI,ranging,127,False,-0.0101,4,-0.244,0.25,0.0199,0.017,2,1.3,1.0,mut-28bf02,1784827628.5364316,True,
2026-08-31T16:02:08.799611+00:00,RUT,ranging,127,False,0.0077,1,0.0,1.0,0.0,0.0187,2,1.663,1.0,mut-71c912,1784688870.3744597,True,
2026-08-31T16:02:18.552516+00:00,VIX,high_volatility,128,False,-0.0029,1,0.0,0.0,0.0,0.0641,6,1.152,0.833,imm-48c3d1,1785840241.6769683,True,
2026-08-31T16:02:22.581003+00:00,FTSE,ranging,126,False,-0.0126,2,-1.71,0.0,0.01,0.0195,2,1.861,1.0,mut-6f3e11,1787676130.4607663,True,
2026-08-31T16:02:26.535104+00:00,DAX,ranging,128,False,-0.0111,5,-0.219,0.4,0.0199,0.0064,3,0.206,0.667,mut-9657c6,1784212009.9277182,True,
2026-08-31T16:02:30.609203+00:00,CAC40,ranging,128,False,-0.0398,7,-0.666,0.143,0.0394,0.0141,2,0.89,0.5,mut-b9b556,1784630003.5888314,True,
2026-08-31T16:02:34.972593+00:00,NIKKEI,high_volatility,123,False,0.0101,3,0.325,0.667,0.01,0.0244,3,0.828,0.667,mut-c1d5a1,1783914987.901319,True,
2026-08-31T16:02:39.142422+00:00,HSI,ranging,123,False,0.0024,3,0.075,0.333,0.01,0.0031,3,0.101,0.333,market-bddb92,1787734210.7850134,True,
2026-08-31T16:02:43.239443+00:00,SENSEX,ranging,123,False,0.0001,3,0.002,0.333,0.01,0.0202,4,0.469,0.75,mut-e837e1,1788097427.5166914,True,
2026-08-31T16:02:47.357243+00:00,ASX200,ranging,127,False,-0.014,5,-0.288,0.4,0.0199,0.0076,5,0.134,0.4,mut-25e90a,1788031219.227762,True,
2026-08-31T16:02:57.120588+00:00,AAPL,ranging,127,False,0.0075,3,0.245,0.667,0.01,0.0162,4,0.358,0.5,mut-f12056,1787878202.9898262,True,
2026-08-31T16:03:07.148483+00:00,MSFT,high_volatility,127,False,0.0374,3,3.316,1.0,0.0,0.0386,3,4.074,1.0,mut-630ff9,1787947348.1559956,True,
2026-08-31T16:03:11.185670+00:00,NVDA,high_volatility,127,False,0.0,0,,,,0.0225,2,3.025,1.0,mut-78d460,1785433250.8173203,True,
2026-08-31T16:03:22.665426+00:00,GOOGL,high_volatility,127,False,-0.0132,5,-0.268,0.4,0.0199,0.0229,2,3.208,1.0,mut-bf5889,1784776571.9995205,True,
2026-08-31T16:03:26.809044+00:00,AMZN,high_volatility,127,False,0.0,0,,,,0.025,2,5.016,1.0,imm-5ecbb6,1784948103.51404,True,
2026-08-31T16:03:45.909898+00:00,META,high_volatility,127,False,-0.0033,4,-0.081,0.5,0.01,0.0199,3,0.559,0.667,mut-ceb411,1785926501.1619763,True,
2026-08-31T16:03:56.137369+00:00,TSLA,high_volatility,127,False,0.0053,3,0.173,0.667,0.01,0.0236,4,0.569,0.75,mut-842635,1783887921.345828,True,
2026-08-31T16:04:05.706705+00:00,BRKB,ranging,127,False,0.0025,3,0.078,0.333,0.01,0.0249,4,0.598,0.75,mut-054b83,1787589808.674747,True,
2026-08-31T16:04:15.571739+00:00,LLY,high_volatility,127,False,-0.043,5,-3.436,0.0,0.0394,0.0385,5,0.756,0.8,mut-5648c7,1784363164.0287595,True,
2026-08-31T16:04:39.077852+00:00,V,high_volatility,127,False,0.0,0,,,,0.0266,6,0.391,0.667,imm-f3328c,1784191593.433811,True,
2026-08-31T16:04:43.339999+00:00,JPM,ranging,127,False,0.0167,2,1.257,1.0,0.0,0.0142,2,0.899,0.5,mut-639987,1787621245.3613398,True,
2026-08-31T21:25:47.215785+00:00,EURUSD,ranging,131,False,-0.0199,2,-199.0,0.0,0.0199,0.0214,2,2.499,1.0,mut-9ac3c3,1784827527.8572602,True,
2026-08-31T21:25:52.766202+00:00,GBPUSD,ranging,131,False,0.0116,3,0.369,0.667,0.01,0.0144,3,0.444,0.667,imm-bcc7e5,1787878050.4386637,True,
2026-08-31T21:25:56.672156+00:00,USDJPY,ranging,131,False,-0.0311,5,-0.855,0.2,0.0394,0.0436,3,18.115,1.0,mut-84bada,1784629717.863137,True,
2026-08-31T21:26:00.590893+00:00,AUDUSD,trending_up,131,False,-0.0001,4,-0.002,0.5,0.0199,0.0181,3,0.527,0.667,mut-0c1cb5,1787157299.658837,True,
2026-08-31T21:26:06.208417+00:00,USDCAD,trending_down,131,False,0.0235,4,0.572,0.75,0.01,0.0282,4,0.69,0.75,imm-278f2d,1787534851.7886932,True,
2026-08-31T21:26:11.658615+00:00,USDCHF,ranging,131,False,0.0,0,,,,0.0293,2,44.593,1.0,imm-4fc33a,1784741046.2585468,True,
2026-08-31T21:26:15.674933+00:00,NZDUSD,ranging,131,False,-0.0297,3,-121.863,0.0,0.0297,0.0146,2,0.951,0.5,mut-9ac759,1785321761.60003,True,
2026-08-31T21:26:21.113994+00:00,EURGBP,ranging,131,False,-0.007,4,-0.172,0.25,0.0199,0.028,3,1.139,0.667,mut-e402c5,1785433132.65746,True,
2026-08-31T21:26:26.725359+00:00,EURJPY,ranging,131,False,-0.04,5,-2.169,0.0,0.0394,0.0049,2,0.193,0.5,mut-74bdf5,1785122908.0481284,True,
2026-08-31T21:26:32.131405+00:00,GBPJPY,ranging,131,False,-0.0327,4,-2.723,0.0,0.0297,0.023,6,0.33,0.5,mut-253561,1788150720.5883157,True,
2026-08-31T21:26:37.624485+00:00,XAUUSD,high_volatility,127,False,-0.0038,4,-0.092,0.5,0.01,0.0234,2,3.571,1.0,mut-a06ddc,1787387636.1183329,True,
2026-08-31T21:26:43.150438+00:00,USOIL,high_volatility,127,False,-0.032,5,-0.926,0.2,0.0394,0.0203,2,2.087,1.0,mut-44fc90,1783821407.0754356,True,
2026-08-31T21:26:50.305525+00:00,BTCUSD,high_volatility,184,False,0.0,0,,,,0.0607,5,1.893,0.8,mut-785457,1783821498.0682824,True,
2026-08-31T21:26:56.973829+00:00,ETHUSD,high_volatility,184,False,0.0104,5,0.185,0.6,0.01,0.0338,5,0.629,0.6,imm-7ac82e,1784277230.6638775,True,
2026-08-31T21:27:01.804616+00:00,SOLUSD,high_volatility,184,False,0.0,0,,,,0.0598,7,0.798,0.714,mut-3356b0,1787947265.120216,True,
2026-08-31T21:27:08.495963+00:00,XRPUSD,high_volatility,184,False,-0.0151,4,-0.352,0.25,0.0199,0.0376,5,0.738,0.8,mut-eb4a78,1785174380.1173518,True,
2026-08-31T21:27:15.209998+00:00,BNBUSD,high_volatility,184,False,-0.01,1,0.0,0.0,0.01,0.0455,5,0.936,0.8,mut-3c741f,1787878132.7518513,True,
2026-08-31T21:27:19.681067+00:00,ADAUSD,high_volatility,184,False,-0.0154,7,-0.204,0.286,0.0297,0.0435,5,0.874,0.8,mut-a36803,1785235220.1110218,True,
2026-08-31T21:27:23.816316+00:00,SPX,ranging,127,False,0.0,0,,,,0.004,1,0.0,1.0,mut-a5176c,1784861666.493881,True,
2026-08-31T21:27:27.837226+00:00,NASDAQ,ranging,127,False,0.0,0,,,,0.0177,11,0.132,0.455,mut-d84022,1783650806.8484473,True,
2026-08-31T21:27:33.479577+00:00,DJI,ranging,127,False,-0.0107,4,-0.257,0.25,0.0199,0.017,2,1.3,1.0,mut-28bf02,1784827628.5364316,True,
2026-08-31T21:27:39.080174+00:00,RUT,ranging,127,False,0.0048,1,0.0,1.0,0.0,0.0187,2,1.663,1.0,mut-71c912,1784688870.3744597,True,
2026-08-31T21:27:44.602315+00:00,VIX,high_volatility,128,False,0.0034,1,0.0,1.0,0.0,0.0641,6,1.152,0.833,imm-48c3d1,1785840241.6769683,True,
2026-08-31T21:27:48.588656+00:00,FTSE,ranging,126,False,-0.0185,3,-1.154,0.333,0.0199,0.0195,2,1.861,1.0,mut-6f3e11,1787676130.4607663,True,
2026-08-31T21:27:54.189942+00:00,DAX,ranging,128,False,-0.0179,3,-1.055,0.333,0.0199,0.0064,3,0.206,0.667,mut-9657c6,1784212009.9277182,True,
2026-08-31T21:27:58.304855+00:00,CAC40,ranging,128,False,-0.0132,4,-0.316,0.25,0.0199,0.0141,2,0.89,0.5,mut-b9b556,1784630003.5888314,True,
2026-08-31T21:28:04.057847+00:00,NIKKEI,high_volatility,123,False,-0.0072,4,-0.176,0.25,0.0199,0.0244,3,0.828,0.667,mut-c1d5a1,1783914987.901319,True,
2026-08-31T21:28:07.951097+00:00,HSI,ranging,123,False,0.0024,3,0.075,0.333,0.01,0.0031,3,0.101,0.333,market-bddb92,1787734210.7850134,True,
2026-08-31T21:28:11.949583+00:00,SENSEX,ranging,122,False,-0.0076,2,-0.616,0.5,0.01,0.0202,4,0.469,0.75,mut-e837e1,1788097427.5166914,True,
2026-08-31T21:28:17.562829+00:00,ASX200,ranging,127,False,0.0,0,,,,0.0076,5,0.134,0.4,mut-25e90a,1788031219.227762,True,
2026-08-31T21:28:23.275398+00:00,AAPL,ranging,127,False,0.0099,3,0.321,0.667,0.01,0.0162,4,0.358,0.5,mut-f12056,1787878202.9898262,True,
2026-08-31T21:28:27.423242+00:00,MSFT,high_volatility,127,False,0.0367,3,2.993,1.0,0.0,0.0386,3,4.074,1.0,mut-630ff9,1787947348.1559956,True,
2026-08-31T21:28:33.152631+00:00,NVDA,high_volatility,127,False,0.0,0,,,,0.0225,2,3.025,1.0,mut-78d460,1785433250.8173203,True,
2026-08-31T21:28:39.113803+00:00,GOOGL,high_volatility,127,False,-0.0136,5,-0.279,0.4,0.0199,0.0229,2,3.208,1.0,mut-bf5889,1784776571.9995205,True,
2026-08-31T21:28:43.330891+00:00,AMZN,high_volatility,127,False,0.0,0,,,,0.025,2,5.016,1.0,imm-5ecbb6,1784948103.51404,True,
2026-08-31T21:28:49.178854+00:00,META,high_volatility,127,False,0.0009,4,0.021,0.5,0.01,0.0199,3,0.559,0.667,mut-ceb411,1785926501.1619763,True,
2026-08-31T21:28:53.270385+00:00,TSLA,high_volatility,127,False,0.0049,2,0.193,0.5,0.01,0.0236,4,0.569,0.75,mut-842635,1783887921.345828,True,
2026-08-31T21:28:57.348437+00:00,BRKB,ranging,127,False,-0.0085,4,-0.208,0.25,0.01,0.0249,4,0.598,0.75,mut-054b83,1787589808.674747,True,
2026-08-31T21:29:03.106065+00:00,LLY,high_volatility,127,False,-0.0039,1,0.0,0.0,0.0,0.0385,5,0.756,0.8,mut-5648c7,1784363164.0287595,True,
2026-08-31T21:29:07.488779+00:00,V,high_volatility,127,False,0.0,0,,,,0.0266,6,0.391,0.667,imm-f3328c,1784191593.433811,True,
2026-08-31T21:29:13.723717+00:00,JPM,ranging,127,False,0.0169,2,1.285,1.0,0.0,0.0142,2,0.899,0.5,mut-639987,1787621245.3613398,True,
2026-09-01T04:14:19.722800+00:00,EURUSD,ranging,132,False,-0.0199,2,-199.0,0.0,0.0199,0.0214,2,2.499,1.0,mut-9ac3c3,1784827527.8572602,True,
2026-09-01T04:14:23.723234+00:00,GBPUSD,ranging,132,False,-0.01,1,0.0,0.0,0.01,0.0144,3,0.444,0.667,imm-bcc7e5,1787878050.4386637,True,
2026-09-01T04:14:27.602283+00:00,USDJPY,ranging,132,False,-0.0308,5,-0.834,0.2,0.0394,0.0436,3,18.115,1.0,mut-84bada,1784629717.863137,True,
2026-09-01T04:14:33.598853+00:00,AUDUSD,trending_up,132,False,0.0095,3,0.309,0.667,0.01,0.0181,3,0.527,0.667,mut-0c1cb5,1787157299.658837,True,
2026-09-01T04:14:39.008203+00:00,USDCAD,trending_down,132,False,0.0223,4,0.54,0.75,0.01,0.0282,4,0.69,0.75,imm-278f2d,1787534851.7886932,True,
2026-09-01T04:14:44.323672+00:00,USDCHF,ranging,132,False,0.0,0,,,,0.0293,2,44.593,1.0,imm-4fc33a,1784741046.2585468,True,
2026-09-01T04:14:49.480047+00:00,NZDUSD,ranging,132,False,-0.0257,4,-1.067,0.25,0.0297,0.0146,2,0.951,0.5,mut-9ac759,1785321761.60003,True,
2026-09-01T04:14:55.345429+00:00,EURGBP,ranging,132,False,0.008,2,0.365,0.5,0.0,0.028,3,1.139,0.667,mut-e402c5,1785433132.65746,True,
2026-09-01T04:15:18.201465+00:00,EURJPY,ranging,132,False,-0.0142,5,-0.294,0.4,0.0297,0.0049,2,0.193,0.5,mut-74bdf5,1785122908.0481284,True,
2026-09-01T04:15:23.637765+00:00,GBPJPY,ranging,132,False,0.008,5,0.141,0.4,0.01,0.023,6,0.33,0.5,mut-253561,1788150720.5883157,True,
2026-09-01T04:15:28.010794+00:00,XAUUSD,high_volatility,128,False,-0.0205,3,-1.539,0.0,0.0199,0.0234,2,3.571,1.0,mut-a06ddc,1787387636.1183329,True,
2026-09-01T04:15:33.235700+00:00,USOIL,high_volatility,128,False,-0.0316,5,-0.892,0.2,0.0394,0.0203,2,2.087,1.0,mut-44fc90,1783821407.0754356,True,
2026-09-01T04:15:39.755040+00:00,BTCUSD,high_volatility,184,False,0.021,4,0.5,0.75,0.01,0.0607,5,1.893,0.8,mut-785457,1783821498.0682824,True,
2026-09-01T04:15:44.725859+00:00,ETHUSD,high_volatility,184,False,0.0103,5,0.183,0.6,0.01,0.0338,5,0.629,0.6,imm-7ac82e,1784277230.6638775,True,
2026-09-01T04:15:48.976374+00:00,SOLUSD,high_volatility,184,False,0.0188,6,0.264,0.5,0.0199,0.0598,7,0.798,0.714,mut-3356b0,1787947265.120216,True,
2026-09-01T04:15:55.332805+00:00,XRPUSD,high_volatility,184,False,-0.0282,7,-0.422,0.286,0.0394,0.0376,5,0.738,0.8,mut-eb4a78,1785174380.1173518,True,
2026-09-01T04:15:59.682397+00:00,BNBUSD,high_volatility,184,False,0.012,5,0.218,0.6,0.0199,0.0455,5,0.936,0.8,mut-3c741f,1787878132.7518513,True,
2026-09-01T04:16:03.990883+00:00,ADAUSD,high_volatility,183,False,0.0153,9,0.141,0.444,0.0199,0.0435,5,0.874,0.8,mut-a36803,1785235220.1110218,True,
2026-09-01T04:16:08.197685+00:00,SPX,trending_up,126,False,0.0,0,,,,0.0199,3,0.559,0.667,mut-8ec06d,1785926421.560454,True,
2026-09-01T04:16:12.202291+00:00,NASDAQ,trending_up,126,False,0.0,0,,,,0.0009,5,0.014,0.4,mut-3edb04,1783887496.2965565,True,
2026-09-01T04:16:18.607671+00:00,DJI,ranging,126,False,-0.0155,3,-0.759,0.333,0.0199,0.017,2,1.3,1.0,mut-28bf02,1784827628.5364316,True,
2026-09-01T04:16:23.796182+00:00,RUT,ranging,126,False,-0.0272,3,-7.159,0.0,0.0199,0.0187,2,1.663,1.0,mut-71c912,1784688870.3744597,True,
2026-09-01T04:16:30.341466+00:00,VIX,high_volatility,127,False,0.0034,1,0.0,1.0,0.0,0.0641,6,1.152,0.833,imm-48c3d1,1785840241.6769683,True,
2026-09-01T04:16:34.235826+00:00,FTSE,ranging,125,False,-0.0086,4,-0.213,0.25,0.0199,0.0195,2,1.861,1.0,mut-6f3e11,1787676130.4607663,True,
2026-09-01T04:16:38.109325+00:00,DAX,ranging,127,False,0.0088,5,0.157,0.4,0.01,0.0064,3,0.206,0.667,mut-9657c6,1784212009.9277182,True,
2026-09-01T04:16:42.162298+00:00,CAC40,ranging,127,False,-0.0104,6,-0.147,0.333,0.0199,0.0141,2,0.89,0.5,mut-b9b556,1784630003.5888314,True,
2026-09-01T04:16:47.615438+00:00,NIKKEI,high_volatility,124,False,-0.0038,4,-0.092,0.5,0.0199,0.0244,3,0.828,0.667,mut-c1d5a1,1783914987.901319,True,
2026-09-01T04:16:51.557251+00:00,HSI,ranging,124,False,-0.0007,3,-0.022,0.333,0.01,0.0031,3,0.101,0.333,market-bddb92,1787734210.7850134,True,
2026-09-01T04:16:55.529297+00:00,SENSEX,ranging,123,False,0.0052,1,0.0,1.0,0.0,0.0202,4,0.469,0.75,mut-e837e1,1788097427.5166914,True,
2026-09-01T04:17:13.302993+00:00,ASX200,ranging,128,False,-0.0179,5,-0.375,0.2,0.0199,0.0076,5,0.134,0.4,mut-25e90a,1788031219.227762,True,
2026-09-01T04:17:18.530375+00:00,AAPL,ranging,127,False,-0.0002,3,-0.008,0.333,0.01,0.0162,4,0.358,0.5,mut-f12056,1787878202.9898262,True,
2026-09-01T04:17:33.987001+00:00,MSFT,high_volatility,127,False,0.0367,3,2.993,1.0,0.0,0.0386,3,4.074,1.0,mut-630ff9,1787947348.1559956,True,
2026-09-01T04:17:39.365217+00:00,NVDA,high_volatility,127,False,0.0,0,,,,0.0225,2,3.025,1.0,mut-78d460,1785433250.8173203,True,
2026-09-01T04:17:59.109699+00:00,GOOGL,high_volatility,127,False,-0.0135,5,-0.276,0.4,0.0199,0.0229,2,3.208,1.0,mut-bf5889,1784776571.9995205,True,
2026-09-01T04:18:03.104544+00:00,AMZN,high_volatility,127,False,0.0,0,,,,0.025,2,5.016,1.0,imm-5ecbb6,1784948103.51404,True,
2026-09-01T04:18:07.019924+00:00,META,high_volatility,127,False,-0.0037,4,-0.091,0.5,0.01,0.0199,3,0.559,0.667,mut-ceb411,1785926501.1619763,True,
2026-09-01T04:18:12.132350+00:00,TSLA,high_volatility,127,False,0.0072,3,0.233,0.667,0.01,0.0236,4,0.569,0.75,mut-842635,1783887921.345828,True,
2026-09-01T04:18:17.451279+00:00,BRKB,ranging,126,False,-0.0085,4,-0.208,0.25,0.01,0.0249,4,0.598,0.75,mut-054b83,1787589808.674747,True,
2026-09-01T04:18:22.950465+00:00,LLY,high_volatility,126,False,-0.0433,5,-3.606,0.0,0.0394,0.0385,5,0.756,0.8,mut-5648c7,1784363164.0287595,True,
2026-09-01T04:18:28.425671+00:00,V,high_volatility,126,False,0.0,0,,,,0.0266,6,0.391,0.667,imm-f3328c,1784191593.433811,True,
2026-09-01T04:18:32.594859+00:00,JPM,ranging,126,False,0.0,0,,,,0.0142,2,0.899,0.5,mut-639987,1787621245.3613398,True,
2026-09-01T13:15:28.721861+00:00,EURUSD,ranging,132,False,-0.0199,2,-199.0,0.0,0.0199,0.0214,2,2.499,1.0,mut-9ac3c3,1784827527.8572602,True,
2026-09-01T13:15:32.695191+00:00,GBPUSD,ranging,132,False,-0.01,1,0.0,0.0,0.01,0.0144,3,0.444,0.667,imm-bcc7e5,1787878050.4386637,True,
2026-09-01T13:15:36.703061+00:00,USDJPY,ranging,132,False,-0.0297,5,-0.76,0.2,0.0394,0.0436,3,18.115,1.0,mut-84bada,1784629717.863137,True,
2026-09-01T13:15:57.807033+00:00,AUDUSD,trending_up,132,False,0.0073,3,0.24,0.667,0.01,0.0181,3,0.527,0.667,mut-0c1cb5,1787157299.658837,True,
2026-09-01T13:16:08.153313+00:00,USDCAD,trending_down,132,True,0.0289,3,1.243,0.667,0.0,0.0289,3,1.243,0.667,mut-fdf966,1788268567.8751361,True,
2026-09-01T13:16:19.288380+00:00,USDCHF,ranging,132,False,-0.0309,4,-2.041,0.0,0.0297,0.0293,2,44.593,1.0,imm-4fc33a,1784741046.2585468,True,
2026-09-01T13:16:29.616674+00:00,NZDUSD,ranging,132,False,0.005,3,0.165,0.667,0.01,0.0146,2,0.951,0.5,mut-9ac759,1785321761.60003,True,
2026-09-01T13:16:33.742301+00:00,EURGBP,ranging,132,False,0.0085,2,0.393,0.5,0.0,0.028,3,1.139,0.667,mut-e402c5,1785433132.65746,True,
2026-09-01T13:16:43.717624+00:00,EURJPY,ranging,132,False,-0.0147,5,-0.305,0.4,0.0297,0.0049,2,0.193,0.5,mut-74bdf5,1785122908.0481284,True,
2026-09-01T13:16:55.954558+00:00,GBPJPY,ranging,132,False,0.0075,5,0.131,0.4,0.01,0.023,6,0.33,0.5,mut-253561,1788150720.5883157,True,
2026-09-01T13:17:06.094155+00:00,XAUUSD,high_volatility,128,False,-0.0131,3,-0.55,0.333,0.0199,0.0234,2,3.571,1.0,mut-a06ddc,1787387636.1183329,True,
2026-09-01T13:17:20.872696+00:00,USOIL,high_volatility,128,False,0.0163,5,0.288,0.6,0.01,0.0203,2,2.087,1.0,mut-44fc90,1783821407.0754356,True,
2026-09-01T13:17:32.511051+00:00,BTCUSD,high_volatility,185,False,0.0182,4,0.42,0.5,0.01,0.0607,5,1.893,0.8,mut-785457,1783821498.0682824,True,
2026-09-01T13:17:48.118181+00:00,ETHUSD,high_volatility,185,False,0.0085,5,0.151,0.4,0.01,0.0338,5,0.629,0.6,imm-7ac82e,1784277230.6638775,True,
2026-09-01T13:17:52.796655+00:00,SOLUSD,high_volatility,185,False,0.0017,5,0.029,0.4,0.0199,0.0598,7,0.798,0.714,mut-3356b0,1787947265.120216,True,
2026-09-01T13:17:57.533489+00:00,XRPUSD,high_volatility,185,False,-0.025,5,-0.504,0.2,0.0297,0.0376,5,0.738,0.8,mut-eb4a78,1785174380.1173518,True,
2026-09-01T13:18:02.367063+00:00,BNBUSD,high_volatility,185,False,0.0092,5,0.166,0.4,0.0199,0.0455,5,0.936,0.8,mut-3c741f,1787878132.7518513,True,
2026-09-01T13:18:07.195779+00:00,ADAUSD,high_volatility,184,False,-0.0008,8,-0.009,0.375,0.0297,0.0435,5,0.874,0.8,mut-a36803,1785235220.1110218,True,
2026-09-01T13:18:11.573880+00:00,SPX,trending_up,126,False,0.0,0,,,,0.0199,3,0.559,0.667,mut-8ec06d,1785926421.560454,True,
2026-09-01T13:18:15.884606+00:00,NASDAQ,trending_up,126,False,0.0,0,,,,0.0009,5,0.014,0.4,mut-3edb04,1783887496.2965565,True,
2026-09-01T13:18:25.767446+00:00,DJI,ranging,126,False,0.0003,4,0.006,0.5,0.0199,0.017,2,1.3,1.0,mut-28bf02,1784827628.5364316,True,
2026-09-01T13:18:36.070649+00:00,RUT,ranging,126,False,-0.0272,3,-7.159,0.0,0.0199,0.0187,2,1.663,1.0,mut-71c912,1784688870.3744597,True,
2026-09-01T13:18:48.152241+00:00,VIX,high_volatility,128,False,0.0011,1,0.0,1.0,0.0,0.0641,6,1.152,0.833,imm-48c3d1,1785840241.6769683,True,
2026-09-01T13:19:00.284037+00:00,FTSE,ranging,126,False,-0.0063,2,-0.458,0.5,0.01,0.0195,2,1.861,1.0,mut-6f3e11,1787676130.4607663,True,
2026-09-01T13:19:04.469699+00:00,DAX,ranging,128,False,0.0076,5,0.133,0.4,0.01,0.0064,3,0.206,0.667,mut-9657c6,1784212009.9277182,True,
2026-09-01T13:19:08.854220+00:00,CAC40,ranging,128,False,-0.0104,6,-0.147,0.333,0.0199,0.0141,2,0.89,0.5,mut-b9b556,1784630003.5888314,True,
2026-09-01T13:19:18.814221+00:00,NIKKEI,high_volatility,124,False,-0.0138,5,-0.279,0.4,0.0297,0.0244,3,0.828,0.667,mut-c1d5a1,1783914987.901319,True,
2026-09-01T13:19:22.859778+00:00,HSI,ranging,124,False,-0.0005,3,-0.015,0.333,0.01,0.0031,3,0.101,0.333,market-bddb92,1787734210.7850134,True,
2026-09-01T13:19:26.956286+00:00,SENSEX,ranging,123,False,0.0,0,,,,0.0202,4,0.469,0.75,mut-e837e1,1788097427.5166914,True,
2026-09-01T13:19:31.084964+00:00,ASX200,ranging,128,False,-0.0163,5,-0.34,0.2,0.0199,0.0076,5,0.134,0.4,mut-25e90a,1788031219.227762,True,
2026-09-01T13:19:42.162331+00:00,AAPL,ranging,127,False,-0.0248,4,-0.965,0.25,0.0297,0.0162,4,0.358,0.5,mut-f12056,1787878202.9898262,True,
2026-09-01T13:19:52.286950+00:00,MSFT,high_volatility,127,False,0.0367,3,2.993,1.0,0.0,0.0386,3,4.074,1.0,mut-630ff9,1787947348.1559956,True,
2026-09-01T13:19:56.552413+00:00,NVDA,high_volatility,127,False,0.0,0,,,,0.0225,2,3.025,1.0,mut-78d460,1785433250.8173203,True,
2026-09-01T13:20:00.969882+00:00,GOOGL,high_volatility,127,False,0.0,0,,,,0.0229,2,3.208,1.0,mut-bf5889,1784776571.9995205,True,
2026-09-01T13:20:05.247352+00:00,AMZN,high_volatility,127,False,0.0,0,,,,0.025,2,5.016,1.0,imm-5ecbb6,1784948103.51404,True,
2026-09-01T13:20:15.586282+00:00,META,high_volatility,127,False,0.0,0,,,,0.0199,3,0.559,0.667,mut-ceb411,1785926501.1619763,True,
2026-09-01T13:20:19.820561+00:00,TSLA,high_volatility,127,False,-0.0026,3,-0.077,0.333,0.01,0.0236,4,0.569,0.75,mut-842635,1783887921.345828,True,
2026-09-01T13:20:29.772913+00:00,BRKB,ranging,126,False,0.0064,3,0.208,0.667,0.01,0.0249,4,0.598,0.75,mut-054b83,1787589808.674747,True,
2026-09-01T13:20:39.873476+00:00,LLY,high_volatility,126,False,-0.0433,5,-3.606,0.0,0.0394,0.0385,5,0.756,0.8,mut-5648c7,1784363164.0287595,True,
2026-09-01T13:20:44.417008+00:00,V,high_volatility,126,False,0.0,0,,,,0.0266,6,0.391,0.667,imm-f3328c,1784191593.433811,True,
2026-09-01T13:20:54.626012+00:00,JPM,ranging,126,False,-0.0092,4,-0.227,0.25,0.01,0.0142,2,0.899,0.5,mut-639987,1787621245.3613398,True,
2026-09-01T19:16:27.005957+00:00,EURUSD,ranging,132,False,-0.0199,2,-199.0,0.0,0.0199,0.0214,2,2.499,1.0,mut-9ac3c3,1784827527.8572602,True,
2026-09-01T19:16:30.897817+00:00,GBPUSD,ranging,132,False,-0.01,1,0.0,0.0,0.01,0.0144,3,0.444,0.667,imm-bcc7e5,1787878050.4386637,True,
2026-09-01T19:16:34.825652+00:00,USDJPY,ranging,132,False,-0.0294,5,-0.741,0.2,0.0394,0.0436,3,18.115,1.0,mut-84bada,1784629717.863137,True,
2026-09-01T19:16:40.700920+00:00,AUDUSD,trending_up,132,False,-0.0199,2,-199.0,0.0,0.0199,0.0181,3,0.527,0.667,mut-0c1cb5,1787157299.658837,True,
2026-09-01T19:16:46.346769+00:00,USDCAD,trending_down,132,False,0.0203,4,0.48,0.75,0.01,0.0289,3,1.243,0.667,mut-fdf966,1788268567.8751361,True,
2026-09-01T19:16:51.943161+00:00,USDCHF,ranging,132,False,-0.0417,5,-2.772,0.0,0.0394,0.0293,2,44.593,1.0,imm-4fc33a,1784741046.2585468,True,
2026-09-01T19:16:57.825158+00:00,NZDUSD,ranging,132,False,-0.0242,4,-0.905,0.25,0.0297,0.0146,2,0.951,0.5,mut-9ac759,1785321761.60003,True,
2026-09-01T19:17:01.796251+00:00,EURGBP,ranging,132,False,0.007,2,0.304,0.5,0.0,0.028,3,1.139,0.667,mut-e402c5,1785433132.65746,True,
2026-09-01T19:17:05.804916+00:00,EURJPY,ranging,132,False,-0.0151,5,-0.314,0.4,0.0297,0.0049,2,0.193,0.5,mut-74bdf5,1785122908.0481284,True,
2026-09-01T19:17:09.728924+00:00,GBPJPY,ranging,132,False,-0.0138,5,-0.283,0.4,0.0199,0.023,6,0.33,0.5,mut-253561,1788150720.5883157,True,
2026-09-01T19:17:15.225996+00:00,XAUUSD,high_volatility,128,False,-0.0225,5,-0.466,0.2,0.0199,0.0234,2,3.571,1.0,mut-a06ddc,1787387636.1183329,True,
2026-09-01T19:17:20.733209+00:00,USOIL,high_volatility,128,False,0.0189,5,0.327,0.6,0.01,0.0203,2,2.087,1.0,mut-44fc90,1783821407.0754356,True,
2026-09-01T19:17:27.721439+00:00,BTCUSD,high_volatility,185,False,0.0164,4,0.368,0.5,0.01,0.0607,5,1.893,0.8,mut-785457,1783821498.0682824,True,
2026-09-01T19:17:32.347820+00:00,ETHUSD,high_volatility,185,False,0.0,0,,,,0.0338,5,0.629,0.6,imm-7ac82e,1784277230.6638775,True,
2026-09-01T19:17:36.852417+00:00,SOLUSD,high_volatility,185,False,-0.01,1,0.0,0.0,0.01,0.0598,7,0.798,0.714,mut-3356b0,1787947265.120216,True,
2026-09-01T19:17:41.356634+00:00,XRPUSD,high_volatility,185,False,-0.025,5,-0.504,0.2,0.0297,0.0376,5,0.738,0.8,mut-eb4a78,1785174380.1173518,True,
2026-09-01T19:17:46.001522+00:00,BNBUSD,high_volatility,185,False,0.0071,5,0.126,0.4,0.0199,0.0455,5,0.936,0.8,mut-3c741f,1787878132.7518513,True,
2026-09-01T19:17:50.599274+00:00,ADAUSD,high_volatility,185,False,-0.0151,4,-0.358,0.25,0.0297,0.0435,5,0.874,0.8,mut-a36803,1785235220.1110218,True,
2026-09-01T19:17:54.759521+00:00,SPX,ranging,128,False,0.0,0,,,,0.004,1,0.0,1.0,mut-a5176c,1784861666.493881,True,
2026-09-01T19:18:00.628519+00:00,NASDAQ,ranging,128,False,0.0,0,,,,0.0177,11,0.132,0.455,mut-d84022,1783650806.8484473,True,
2026-09-01T19:18:06.457056+00:00,DJI,ranging,128,False,-0.0151,5,-0.309,0.2,0.0297,0.017,2,1.3,1.0,mut-28bf02,1784827628.5364316,True,
2026-09-01T19:18:12.183875+00:00,RUT,ranging,128,False,0.0109,1,0.0,1.0,0.0,0.0187,2,1.663,1.0,mut-71c912,1784688870.3744597,True,
2026-09-01T19:18:32.304221+00:00,VIX,high_volatility,129,False,0.0,0,,,,0.0641,6,1.152,0.833,imm-48c3d1,1785840241.6769683,True,
2026-09-01T19:18:37.777434+00:00,FTSE,ranging,127,False,-0.0075,2,-0.605,0.5,0.01,0.0195,2,1.861,1.0,mut-6f3e11,1787676130.4607663,True,
2026-09-01T19:18:43.476325+00:00,DAX,ranging,129,False,-0.0064,2,-0.473,0.5,0.01,0.0064,3,0.206,0.667,mut-9657c6,1784212009.9277182,True,
2026-09-01T19:18:47.514209+00:00,CAC40,ranging,129,False,-0.0052,4,-0.128,0.25,0.01,0.0141,2,0.89,0.5,mut-b9b556,1784630003.5888314,True,
2026-09-01T19:18:51.564455+00:00,NIKKEI,high_volatility,124,False,0.0103,3,0.332,0.667,0.01,0.0244,3,0.828,0.667,mut-c1d5a1,1783914987.901319,True,
2026-09-01T19:18:55.511316+00:00,HSI,ranging,124,False,-0.0179,3,-1.066,0.333,0.0199,0.0031,3,0.101,0.333,market-bddb92,1787734210.7850134,True,
2026-09-01T19:18:59.452447+00:00,SENSEX,ranging,123,False,0.005,1,0.0,1.0,0.0,0.0202,4,0.469,0.75,mut-e837e1,1788097427.5166914,True,
2026-09-01T19:19:05.023158+00:00,ASX200,ranging,128,False,-0.015,5,-0.31,0.4,0.0199,0.0076,5,0.134,0.4,mut-25e90a,1788031219.227762,True,
2026-09-01T19:19:10.764142+00:00,AAPL,ranging,128,False,0.0154,3,0.468,0.667,0.01,0.0154,3,0.468,0.667,mut-e65247,1788290349.0506928,True,
2026-09-01T19:19:16.412978+00:00,MSFT,high_volatility,128,False,0.0347,3,2.296,1.0,0.0,0.0386,3,4.074,1.0,mut-630ff9,1787947348.1559956,True,
2026-09-01T19:19:20.658950+00:00,NVDA,high_volatility,128,False,0.0,0,,,,0.0225,2,3.025,1.0,mut-78d460,1785433250.8173203,True,
2026-09-01T19:19:25.051163+00:00,GOOGL,high_volatility,128,False,0.0,0,,,,0.0229,2,3.208,1.0,mut-bf5889,1784776571.9995205,True,
2026-09-01T19:19:29.358369+00:00,AMZN,high_volatility,128,False,0.0,0,,,,0.025,2,5.016,1.0,imm-5ecbb6,1784948103.51404,True,
2026-09-01T19:19:33.558333+00:00,META,high_volatility,128,False,-0.0051,4,-0.126,0.5,0.01,0.0199,3,0.559,0.667,mut-ceb411,1785926501.1619763,True,
2026-09-01T19:19:39.121334+00:00,TSLA,high_volatility,128,False,-0.0082,4,-0.202,0.25,0.01,0.0236,4,0.569,0.75,mut-842635,1783887921.345828,True,
2026-09-01T19:19:44.627204+00:00,BRKB,ranging,128,False,-0.0091,4,-0.224,0.25,0.01,0.0249,4,0.598,0.75,mut-054b83,1787589808.674747,True,
2026-09-01T19:19:50.524935+00:00,LLY,high_volatility,128,False,-0.0431,5,-3.484,0.0,0.0394,0.0385,5,0.756,0.8,mut-5648c7,1784363164.0287595,True,
2026-09-01T19:19:56.802357+00:00,V,high_volatility,128,False,0.0,0,,,,0.0266,6,0.391,0.667,imm-f3328c,1784191593.433811,True,
2026-09-01T19:20:01.208895+00:00,JPM,ranging,128,False,0.0166,2,1.245,1.0,0.0,0.0142,2,0.899,0.5,mut-639987,1787621245.3613398,True,
2026-09-02T03:36:32.884223+00:00,EURUSD,ranging,133,False,-0.0199,2,-199.0,0.0,0.0199,0.0214,2,2.499,1.0,mut-9ac3c3,1784827527.8572602,True,
2026-09-02T03:36:36.759085+00:00,GBPUSD,ranging,133,False,-0.01,1,0.0,0.0,0.01,0.0144,3,0.444,0.667,imm-bcc7e5,1787878050.4386637,True,
2026-09-02T03:36:40.678768+00:00,USDJPY,ranging,133,False,-0.0292,5,-0.727,0.2,0.0394,0.0436,3,18.115,1.0,mut-84bada,1784629717.863137,True,
2026-09-02T03:36:46.284804+00:00,AUDUSD,trending_up,133,False,0.0068,3,0.223,0.667,0.01,0.0181,3,0.527,0.667,mut-0c1cb5,1787157299.658837,True,
2026-09-02T03:36:51.975969+00:00,USDCAD,ranging,133,False,0.0189,4,0.442,0.5,0.01,0.0424,4,1.321,0.75,mut-fd7afd,1784124334.4320092,True,
2026-09-02T03:36:57.699246+00:00,USDCHF,ranging,133,False,-0.0331,4,-2.964,0.0,0.0297,0.0293,2,44.593,1.0,imm-4fc33a,1784741046.2585468,True,
2026-09-02T03:37:03.527499+00:00,NZDUSD,ranging,133,False,-0.0189,4,-0.528,0.25,0.0297,0.0146,2,0.951,0.5,mut-9ac759,1785321761.60003,True,
2026-09-02T03:37:09.163336+00:00,EURGBP,ranging,133,False,0.0073,2,0.321,0.5,0.0,0.028,3,1.139,0.667,mut-e402c5,1785433132.65746,True,
2026-09-02T03:37:13.193541+00:00,EURJPY,ranging,133,False,-0.015,5,-0.314,0.4,0.0297,0.0049,2,0.193,0.5,mut-74bdf5,1785122908.0481284,True,
2026-09-02T03:37:18.828702+00:00,GBPJPY,ranging,133,False,0.0,0,,,,0.023,6,0.33,0.5,mut-253561,1788150720.5883157,True,
2026-09-02T03:37:24.806459+00:00,XAUUSD,high_volatility,128,False,-0.0151,4,-0.352,0.25,0.0199,0.0234,2,3.571,1.0,mut-a06ddc,1787387636.1183329,True,
2026-09-02T03:37:28.722755+00:00,USOIL,high_volatility,128,False,0.0192,5,0.332,0.6,0.01,0.0203,2,2.087,1.0,mut-44fc90,1783821407.0754356,True,
2026-09-02T03:37:33.425407+00:00,BTCUSD,high_volatility,184,False,0.0172,4,0.392,0.5,0.01,0.0607,5,1.893,0.8,mut-785457,1783821498.0682824,True,
2026-09-02T03:37:40.124213+00:00,ETHUSD,high_volatility,184,False,-0.003,6,-0.045,0.333,0.0199,0.0338,5,0.629,0.6,imm-7ac82e,1784277230.6638775,True,
2026-09-02T03:37:44.853512+00:00,SOLUSD,high_volatility,184,False,0.0146,6,0.195,0.5,0.0199,0.0598,7,0.798,0.714,mut-3356b0,1787947265.120216,True,
2026-09-02T03:37:49.388067+00:00,XRPUSD,high_volatility,184,False,-0.0254,7,-0.362,0.286,0.0394,0.0376,5,0.738,0.8,mut-eb4a78,1785174380.1173518,True,
2026-09-02T03:37:54.108257+00:00,BNBUSD,high_volatility,184,False,0.0098,5,0.177,0.6,0.0199,0.0455,5,0.936,0.8,mut-3c741f,1787878132.7518513,True,
2026-09-02T03:38:15.254923+00:00,ADAUSD,high_volatility,184,False,-0.0297,3,-121.863,0.0,0.0297,0.0435,5,0.874,0.8,mut-a36803,1785235220.1110218,True,
2026-09-02T03:38:19.244971+00:00,SPX,ranging,128,False,0.0,0,,,,0.004,1,0.0,1.0,mut-a5176c,1784861666.493881,True,
2026-09-02T03:38:23.295282+00:00,NASDAQ,ranging,128,False,-0.0179,3,-1.055,0.333,0.0199,0.0177,11,0.132,0.455,mut-d84022,1783650806.8484473,True,
2026-09-02T03:38:28.961812+00:00,DJI,ranging,128,False,0.0,0,,,,0.017,2,1.3,1.0,mut-28bf02,1784827628.5364316,True,
2026-09-02T03:38:32.976574+00:00,RUT,ranging,128,False,0.011,1,0.0,1.0,0.0,0.0187,2,1.663,1.0,mut-71c912,1784688870.3744597,True,
2026-09-02T03:38:49.386082+00:00,VIX,high_volatility,129,False,0.0006,1,0.0,1.0,0.0,0.0641,6,1.152,0.833,imm-48c3d1,1785840241.6769683,True,
2026-09-02T03:38:53.351233+00:00,FTSE,ranging,127,False,-0.0075,2,-0.606,0.5,0.01,0.0195,2,1.861,1.0,mut-6f3e11,1787676130.4607663,True,
2026-09-02T03:38:57.431831+00:00,DAX,ranging,129,False,0.0,0,,,,0.0064,3,0.206,0.667,mut-9657c6,1784212009.9277182,True,
2026-09-02T03:39:06.320168+00:00,CAC40,ranging,129,False,0.0,0,,,,0.0141,2,0.89,0.5,mut-b9b556,1784630003.5888314,True,
2026-09-02T03:39:12.308300+00:00,NIKKEI,high_volatility,126,False,-0.0203,5,-0.419,0.2,0.0297,0.0244,3,0.828,0.667,mut-c1d5a1,1783914987.901319,True,
2026-09-02T03:39:18.111417+00:00,HSI,ranging,126,False,0.0155,2,1.069,1.0,0.0,0.0155,2,1.069,1.0,mut-db7f56,1788320356.1970658,True,
2026-09-02T03:39:23.429355+00:00,SENSEX,ranging,124,False,-0.0,3,-0.001,0.333,0.01,0.0202,4,0.469,0.75,mut-e837e1,1788097427.5166914,True,
2026-09-02T03:39:29.434011+00:00,ASX200,ranging,130,False,-0.0117,4,-0.282,0.25,0.01,0.0076,5,0.134,0.4,mut-25e90a,1788031219.227762,True,
2026-09-02T03:39:35.094320+00:00,AAPL,ranging,128,False,0.0,0,,,,0.0154,3,0.468,0.667,mut-e65247,1788290349.0506928,True,
2026-09-02T03:39:39.226821+00:00,MSFT,high_volatility,128,False,-0.01,1,0.0,0.0,0.01,0.0386,3,4.074,1.0,mut-630ff9,1787947348.1559956,True,
2026-09-02T03:39:43.446803+00:00,NVDA,high_volatility,128,False,0.0,0,,,,0.0225,2,3.025,1.0,mut-78d460,1785433250.8173203,True,
2026-09-02T03:39:49.561564+00:00,GOOGL,high_volatility,128,False,-0.0119,5,-0.239,0.4,0.0199,0.0229,2,3.208,1.0,mut-bf5889,1784776571.9995205,True,
2026-09-02T03:39:53.689083+00:00,AMZN,high_volatility,128,False,0.0,0,,,,0.025,2,5.016,1.0,imm-5ecbb6,1784948103.51404,True,
2026-09-02T03:39:59.553327+00:00,META,high_volatility,128,False,-0.0051,4,-0.126,0.5,0.01,0.0199,3,0.559,0.667,mut-ceb411,1785926501.1619763,True,
2026-09-02T03:40:05.246502+00:00,TSLA,high_volatility,128,False,0.0049,2,0.193,0.5,0.01,0.0236,4,0.569,0.75,mut-842635,1783887921.345828,True,
2026-09-02T03:40:09.335899+00:00,BRKB,ranging,128,False,0.0026,3,0.084,0.333,0.01,0.0249,4,0.598,0.75,mut-054b83,1787589808.674747,True,
2026-09-02T03:40:13.504933+00:00,LLY,high_volatility,128,False,-0.0035,1,0.0,0.0,0.0,0.0385,5,0.756,0.8,mut-5648c7,1784363164.0287595,True,
2026-09-02T03:40:19.847950+00:00,V,high_volatility,128,False,0.0,0,,,,0.0266,6,0.391,0.667,imm-f3328c,1784191593.433811,True,
2026-09-02T03:40:24.145961+00:00,JPM,ranging,128,False,0.0162,2,1.167,1.0,0.0,0.0142,2,0.899,0.5,mut-639987,1787621245.3613398,True,
